INSERT INTO universities (id, short_name, name, logo_path, created_at) VALUES
('ucar', 'UCAR', 'University of Carthage', '/assets/ucar-logo.png', '2026-04-25T10:00:00Z');

INSERT INTO institutions (id, university_id, short_name, name, region, logo_path, created_at) VALUES
('fsjpst', 'ucar', 'FSJPST', 'Faculty of Juridical, Political and Social Sciences of Tunis', 'Tunis', '/assets/ucar-logo.png', '2026-04-25T10:00:00Z'),
('fsb', 'ucar', 'FSB', 'Faculty of Sciences of Bizerte', 'Bizerte', '/assets/ucar-logo.png', '2026-04-25T10:00:00Z'),
('fsegn', 'ucar', 'FSEGN', 'Faculty of Economic Sciences and Management of Nabeul', 'Nabeul', '/assets/ucar-logo.png', '2026-04-25T10:00:00Z'),
('enau', 'ucar', 'ENAU', 'National School of Architecture and Urbanism of Tunis', 'Tunis', '/assets/ucar-logo.png', '2026-04-25T10:00:00Z'),
('ept', 'ucar', 'EPT', 'Tunisia Polytechnic School', 'La Marsa', '/assets/ucar-logo.png', '2026-04-25T10:00:00Z'),
('enicarthage', 'ucar', 'ENICar', 'National Engineering School of Carthage', 'Tunis', '/assets/ucar-logo.png', '2026-04-25T10:00:00Z'),
('enstab', 'ucar', 'ENSTAB', 'National School of Sciences and Advanced Technologies of Borj Cedria', 'Borj Cedria', '/assets/ucar-logo.png', '2026-04-25T10:00:00Z'),
('essai', 'ucar', 'ESSAI', 'Higher School of Statistics and Information Analysis', 'Tunis', '/assets/ucar-logo.png', '2026-04-25T10:00:00Z'),
('esac', 'ucar', 'ESAC', 'Higher School of Audiovisual and Cinema of Gammarth', 'Gammarth', '/assets/ucar-logo.png', '2026-04-25T10:00:00Z'),
('ipeib', 'ucar', 'IPEIB', 'Preparatory Institute for Engineering Studies of Bizerte', 'Bizerte', '/assets/ucar-logo.png', '2026-04-25T10:00:00Z'),
('ihec', 'ucar', 'IHEC', 'Institute of Advanced Business Studies of Carthage', 'Carthage', '/assets/ucar-logo.png', '2026-04-25T10:00:00Z'),
('insat', 'ucar', 'INSAT', 'National Institute of Applied Science and Technology', 'Ariana', '/assets/insat-logo.png', '2026-04-25T10:00:00Z'),
('instm', 'ucar', 'INSTM', 'National Institute of Marine Science and Technology', 'Salammbo', '/assets/ucar-logo.png', '2026-04-25T10:00:00Z'),
('issatm', 'ucar', 'ISSATM', 'Higher Institute of Applied Sciences and Technology of Mateur', 'Bizerte', '/assets/ucar-logo.png', '2026-04-25T10:00:00Z'),
('ipein', 'ucar', 'IPEIN', 'Preparatory Institute for Engineering Studies of Nabeul', 'Nabeul', '/assets/ucar-logo.png', '2026-04-25T10:00:00Z'),
('ipest', 'ucar', 'IPEST', 'Preparatory Institute for Scientific and Technical Studies of La Marsa', 'La Marsa', '/assets/ucar-logo.png', '2026-04-25T10:00:00Z'),
('isban', 'ucar', 'ISBAN', 'Higher Institute of Fine Arts of Nabeul', 'Nabeul', '/assets/ucar-logo.png', '2026-04-25T10:00:00Z'),
('isteub', 'ucar', 'ISTEUB', 'Higher Institute of Environment, Urbanism and Building Technologies', 'Tunis', '/assets/ucar-logo.png', '2026-04-25T10:00:00Z'),
('islt', 'ucar', 'ISLT', 'Higher Institute of Languages of Tunis', 'Tunis', '/assets/ucar-logo.png', '2026-04-25T10:00:00Z'),
('isln', 'ucar', 'ISLN', 'Higher Institute of Languages of Nabeul', 'Nabeul', '/assets/ucar-logo.png', '2026-04-25T10:00:00Z'),
('isste', 'ucar', 'ISSTE', 'Higher Institute of Sciences and Technology of Environment of Borj Cedria', 'Borj Cedria', '/assets/ucar-logo.png', '2026-04-25T10:00:00Z'),
('istic', 'ucar', 'ISTIC', 'Higher Institute of Information and Communication Technologies', 'Borj Cedria', '/assets/ucar-logo.png', '2026-04-25T10:00:00Z'),
('isgb', 'ucar', 'ISGB', 'Higher Institute of Management of Bizerte', 'Bizerte', '/assets/ucar-logo.png', '2026-04-25T10:00:00Z'),
('isepbg', 'ucar', 'ISEP-BG', 'Higher Institute of Preparatory Studies in Biology and Geology of Soukra', 'Ariana', '/assets/ucar-logo.png', '2026-04-25T10:00:00Z'),
('supcom', 'ucar', 'SupCom', 'Higher School of Communication of Tunis', 'Tunis', '/assets/ucar-logo.png', '2026-04-25T10:00:00Z'),
('esamograne', 'ucar', 'ESAMograne', 'Higher School of Agriculture of Mograne', 'Zaghouan', '/assets/ucar-logo.png', '2026-04-25T10:00:00Z'),
('esamateur', 'ucar', 'ESAMateur', 'Higher School of Agriculture of Mateur', 'Bizerte', '/assets/ucar-logo.png', '2026-04-25T10:00:00Z'),
('esiat', 'ucar', 'ESIAT', 'Higher School of Food Industries of Tunis', 'Tunis', '/assets/ucar-logo.png', '2026-04-25T10:00:00Z'),
('ispab', 'ucar', 'ISPAB', 'Higher Institute of Fishing and Aquaculture of Bizerte', 'Bizerte', '/assets/ucar-logo.png', '2026-04-25T10:00:00Z'),
('intes', 'ucar', 'INTES', 'National Institute of Labor and Social Studies of Tunis', 'Tunis', '/assets/ucar-logo.png', '2026-04-25T10:00:00Z'),
('isce', 'ucar', 'ISCE', 'Higher Institute for Childhood Educators of Carthage', 'Carthage', '/assets/ucar-logo.png', '2026-04-25T10:00:00Z'),
('inat', 'ucar', 'INAT', 'National Agronomic Institute of Tunisia', 'Tunis', '/assets/ucar-logo.png', '2026-04-25T10:00:00Z'),
('ihet', 'ucar', 'IHET', 'Institute of Advanced Tourism Studies of Sidi Dhrif', 'Sidi Dhrif', '/assets/ucar-logo.png', '2026-04-25T10:00:00Z'),
('inrat', 'ucar', 'INRAT', 'National Agronomic Research Institute of Tunisia', 'Ariana', '/assets/ucar-logo.png', '2026-04-25T10:00:00Z'),
('enib', 'ucar', 'ENIB', 'National Engineering School of Bizerte', 'Bizerte', '/assets/ucar-logo.png', '2026-04-25T10:00:00Z');

INSERT INTO app_users (id, full_name, email, role, institution_id, student_profile_id, created_at) VALUES
('user_ucar_01', 'UCAR Owner', 'owner@ucar.tn', 'ucar_admin', NULL, NULL, '2026-04-25T10:00:00Z'),
('user_inst_01', 'INSAT Administrator', 'insat@ucar.tn', 'institution_admin', 'insat', NULL, '2026-04-25T10:00:00Z'),
('user_student_01', 'Takwa Bouheni', 'takwa.bouheni@enstab.ucar.tn', 'student', 'insat', 'student_insat_01', '2026-04-25T10:00:00Z');

INSERT INTO reporting_periods (id, label, year, semester, starts_on, ends_on) VALUES
('rp_2024_s2', 'Semester 2 - 2024', 2024, 'S2', '2024-09-01', '2025-01-31'),
('rp_2025_s1', 'Semester 1 - 2025', 2025, 'S1', '2025-02-01', '2025-06-30'),
('rp_2025_s2', 'Semester 2 - 2025', 2025, 'S2', '2025-09-01', '2026-01-31'),
('rp_2026_s2', 'Semester 2 - 2026', 2026, 'S2', '2026-02-01', '2026-06-30');

INSERT INTO academic_kpis (id, institution_id, reporting_period_id, success_rate, attendance_rate, repetition_rate, dropout_rate, abandonment_rate, created_at, updated_at) VALUES
('ak_fsjpst_rp_2024_s2', 'fsjpst', 'rp_2024_s2', 72.2, 69.7, 4.9, 10.7, 5.0, '2024-09-12T09:00:00Z', '2025-01-20T15:00:00Z'),
('ak_fsjpst_rp_2025_s1', 'fsjpst', 'rp_2025_s1', 71.0, 72.4, 5.7, 11.8, 4.8, '2025-02-14T09:00:00Z', '2025-06-22T15:00:00Z'),
('ak_fsjpst_rp_2025_s2', 'fsjpst', 'rp_2025_s2', 67.6, 74.1, 6.4, 11.3, 4.8, '2025-09-10T09:00:00Z', '2026-01-25T15:00:00Z'),
('ak_fsjpst_rp_2026_s2', 'fsjpst', 'rp_2026_s2', 67.7, 73.8, 6.6, 12.1, 4.9, '2026-02-08T09:00:00Z', '2026-04-25T10:00:00Z'),
('ak_fsb_rp_2024_s2', 'fsb', 'rp_2024_s2', 69.3, 84.7, 6.1, 6.0, 4.9, '2024-09-12T09:00:00Z', '2025-01-20T15:00:00Z'),
('ak_fsb_rp_2025_s1', 'fsb', 'rp_2025_s1', 68.9, 82.7, 6.2, 5.8, 5.6, '2025-02-14T09:00:00Z', '2025-06-22T15:00:00Z'),
('ak_fsb_rp_2025_s2', 'fsb', 'rp_2025_s2', 69.8, 81.5, 6.8, 6.2, 6.0, '2025-09-10T09:00:00Z', '2026-01-25T15:00:00Z'),
('ak_fsb_rp_2026_s2', 'fsb', 'rp_2026_s2', 70.1, 81.6, 7.7, 6.2, 6.6, '2026-02-08T09:00:00Z', '2026-04-25T10:00:00Z'),
('ak_fsegn_rp_2024_s2', 'fsegn', 'rp_2024_s2', 88.0, 70.3, 6.2, 11.9, 5.6, '2024-09-12T09:00:00Z', '2025-01-20T15:00:00Z'),
('ak_fsegn_rp_2025_s1', 'fsegn', 'rp_2025_s1', 87.3, 69.4, 5.4, 11.8, 5.9, '2025-02-14T09:00:00Z', '2025-06-22T15:00:00Z'),
('ak_fsegn_rp_2025_s2', 'fsegn', 'rp_2025_s2', 86.0, 67.6, 5.6, 12.2, 6.2, '2025-09-10T09:00:00Z', '2026-01-25T15:00:00Z'),
('ak_fsegn_rp_2026_s2', 'fsegn', 'rp_2026_s2', 85.4, 66.1, 5.2, 12.2, 6.2, '2026-02-08T09:00:00Z', '2026-04-25T10:00:00Z'),
('ak_enau_rp_2024_s2', 'enau', 'rp_2024_s2', 60.8, 72.7, 9.1, 14.9, 3.4, '2024-09-12T09:00:00Z', '2025-01-20T15:00:00Z'),
('ak_enau_rp_2025_s1', 'enau', 'rp_2025_s1', 62.4, 72.8, 10.2, 14.6, 3.3, '2025-02-14T09:00:00Z', '2025-06-22T15:00:00Z'),
('ak_enau_rp_2025_s2', 'enau', 'rp_2025_s2', 63.5, 74.7, 10.4, 15.1, 3.5, '2025-09-10T09:00:00Z', '2026-01-25T15:00:00Z'),
('ak_enau_rp_2026_s2', 'enau', 'rp_2026_s2', 65.9, 73.8, 11.3, 14.6, 3.5, '2026-02-08T09:00:00Z', '2026-04-25T10:00:00Z'),
('ak_ept_rp_2024_s2', 'ept', 'rp_2024_s2', 83.5, 87.3, 10.9, 9.9, 4.1, '2024-09-12T09:00:00Z', '2025-01-20T15:00:00Z'),
('ak_ept_rp_2025_s1', 'ept', 'rp_2025_s1', 80.1, 87.6, 11.1, 10.6, 4.4, '2025-02-14T09:00:00Z', '2025-06-22T15:00:00Z'),
('ak_ept_rp_2025_s2', 'ept', 'rp_2025_s2', 80.7, 85.3, 11.3, 11.3, 4.6, '2025-09-10T09:00:00Z', '2026-01-25T15:00:00Z'),
('ak_ept_rp_2026_s2', 'ept', 'rp_2026_s2', 78.7, 86.6, 11.9, 11.6, 4.7, '2026-02-08T09:00:00Z', '2026-04-25T10:00:00Z'),
('ak_enicarthage_rp_2024_s2', 'enicarthage', 'rp_2024_s2', 79.8, 80.2, 10.9, 8.9, 5.6, '2024-09-12T09:00:00Z', '2025-01-20T15:00:00Z'),
('ak_enicarthage_rp_2025_s1', 'enicarthage', 'rp_2025_s1', 83.5, 79.1, 10.7, 8.2, 6.0, '2025-02-14T09:00:00Z', '2025-06-22T15:00:00Z'),
('ak_enicarthage_rp_2025_s2', 'enicarthage', 'rp_2025_s2', 82.5, 77.4, 9.5, 8.5, 6.6, '2025-09-10T09:00:00Z', '2026-01-25T15:00:00Z'),
('ak_enicarthage_rp_2026_s2', 'enicarthage', 'rp_2026_s2', 85.0, 76.8, 9.5, 8.8, 7.1, '2026-02-08T09:00:00Z', '2026-04-25T10:00:00Z'),
('ak_enstab_rp_2024_s2', 'enstab', 'rp_2024_s2', 69.6, 86.4, 5.6, 16.8, 3.2, '2024-09-12T09:00:00Z', '2025-01-20T15:00:00Z'),
('ak_enstab_rp_2025_s1', 'enstab', 'rp_2025_s1', 66.2, 87.3, 5.6, 18.3, 3.5, '2025-02-14T09:00:00Z', '2025-06-22T15:00:00Z'),
('ak_enstab_rp_2025_s2', 'enstab', 'rp_2025_s2', 65.6, 87.1, 6.2, 18.5, 3.5, '2025-09-10T09:00:00Z', '2026-01-25T15:00:00Z'),
('ak_enstab_rp_2026_s2', 'enstab', 'rp_2026_s2', 63.6, 86.5, 6.4, 19.7, 3.8, '2026-02-08T09:00:00Z', '2026-04-25T10:00:00Z'),
('ak_essai_rp_2024_s2', 'essai', 'rp_2024_s2', 80.3, 67.8, 6.3, 10.5, 3.5, '2024-09-12T09:00:00Z', '2025-01-20T15:00:00Z'),
('ak_essai_rp_2025_s1', 'essai', 'rp_2025_s1', 80.3, 70.7, 7.0, 10.4, 3.8, '2025-02-14T09:00:00Z', '2025-06-22T15:00:00Z'),
('ak_essai_rp_2025_s2', 'essai', 'rp_2025_s2', 81.1, 70.4, 7.3, 11.3, 3.9, '2025-09-10T09:00:00Z', '2026-01-25T15:00:00Z'),
('ak_essai_rp_2026_s2', 'essai', 'rp_2026_s2', 82.4, 71.5, 8.0, 11.2, 4.2, '2026-02-08T09:00:00Z', '2026-04-25T10:00:00Z'),
('ak_esac_rp_2024_s2', 'esac', 'rp_2024_s2', 78.2, 85.5, 3.9, 13.1, 4.4, '2024-09-12T09:00:00Z', '2025-01-20T15:00:00Z'),
('ak_esac_rp_2025_s1', 'esac', 'rp_2025_s1', 79.3, 83.5, 4.2, 13.6, 4.1, '2025-02-14T09:00:00Z', '2025-06-22T15:00:00Z'),
('ak_esac_rp_2025_s2', 'esac', 'rp_2025_s2', 81.3, 81.8, 3.8, 15.1, 4.5, '2025-09-10T09:00:00Z', '2026-01-25T15:00:00Z'),
('ak_esac_rp_2026_s2', 'esac', 'rp_2026_s2', 80.7, 81.6, 4.2, 15.8, 4.6, '2026-02-08T09:00:00Z', '2026-04-25T10:00:00Z'),
('ak_ipeib_rp_2024_s2', 'ipeib', 'rp_2024_s2', 64.0, 72.6, 8.5, 15.0, 6.0, '2024-09-12T09:00:00Z', '2025-01-20T15:00:00Z'),
('ak_ipeib_rp_2025_s1', 'ipeib', 'rp_2025_s1', 62.1, 72.7, 8.3, 14.2, 6.1, '2025-02-14T09:00:00Z', '2025-06-22T15:00:00Z'),
('ak_ipeib_rp_2025_s2', 'ipeib', 'rp_2025_s2', 59.9, 73.9, 8.0, 13.9, 5.8, '2025-09-10T09:00:00Z', '2026-01-25T15:00:00Z'),
('ak_ipeib_rp_2026_s2', 'ipeib', 'rp_2026_s2', 57.0, 73.4, 7.6, 13.1, 6.1, '2026-02-08T09:00:00Z', '2026-04-25T10:00:00Z'),
('ak_ihec_rp_2024_s2', 'ihec', 'rp_2024_s2', 80.2, 70.8, 10.4, 11.7, 7.5, '2024-09-12T09:00:00Z', '2025-01-20T15:00:00Z'),
('ak_ihec_rp_2025_s1', 'ihec', 'rp_2025_s1', 79.6, 69.2, 10.4, 11.1, 7.9, '2025-02-14T09:00:00Z', '2025-06-22T15:00:00Z'),
('ak_ihec_rp_2025_s2', 'ihec', 'rp_2025_s2', 77.3, 68.9, 10.7, 10.5, 8.0, '2025-09-10T09:00:00Z', '2026-01-25T15:00:00Z'),
('ak_ihec_rp_2026_s2', 'ihec', 'rp_2026_s2', 77.7, 66.7, 11.2, 9.4, 8.0, '2026-02-08T09:00:00Z', '2026-04-25T10:00:00Z'),
('ak_insat_rp_2024_s2', 'insat', 'rp_2024_s2', 68.2, 82.3, 7.0, 10.1, 7.4, '2024-09-12T09:00:00Z', '2025-01-20T15:00:00Z'),
('ak_insat_rp_2025_s1', 'insat', 'rp_2025_s1', 66.5, 80.0, 7.4, 10.4, 7.8, '2025-02-14T09:00:00Z', '2025-06-22T15:00:00Z'),
('ak_insat_rp_2025_s2', 'insat', 'rp_2025_s2', 69.1, 78.8, 7.4, 10.7, 8.1, '2025-09-10T09:00:00Z', '2026-01-25T15:00:00Z'),
('ak_insat_rp_2026_s2', 'insat', 'rp_2026_s2', 68.6, 77.1, 7.3, 11.7, 8.6, '2026-02-08T09:00:00Z', '2026-04-25T10:00:00Z'),
('ak_instm_rp_2024_s2', 'instm', 'rp_2024_s2', 79.0, 79.8, 7.5, 13.7, 6.4, '2024-09-12T09:00:00Z', '2025-01-20T15:00:00Z'),
('ak_instm_rp_2025_s1', 'instm', 'rp_2025_s1', 81.8, 80.7, 7.6, 15.0, 6.9, '2025-02-14T09:00:00Z', '2025-06-22T15:00:00Z'),
('ak_instm_rp_2025_s2', 'instm', 'rp_2025_s2', 81.4, 80.6, 7.0, 15.4, 7.3, '2025-09-10T09:00:00Z', '2026-01-25T15:00:00Z'),
('ak_instm_rp_2026_s2', 'instm', 'rp_2026_s2', 80.2, 80.4, 7.3, 16.3, 7.6, '2026-02-08T09:00:00Z', '2026-04-25T10:00:00Z'),
('ak_issatm_rp_2024_s2', 'issatm', 'rp_2024_s2', 67.1, 76.8, 9.7, 16.4, 3.3, '2024-09-12T09:00:00Z', '2025-01-20T15:00:00Z'),
('ak_issatm_rp_2025_s1', 'issatm', 'rp_2025_s1', 68.8, 78.3, 10.7, 16.3, 3.2, '2025-02-14T09:00:00Z', '2025-06-22T15:00:00Z'),
('ak_issatm_rp_2025_s2', 'issatm', 'rp_2025_s2', 71.5, 77.4, 11.5, 15.2, 3.0, '2025-09-10T09:00:00Z', '2026-01-25T15:00:00Z'),
('ak_issatm_rp_2026_s2', 'issatm', 'rp_2026_s2', 72.3, 79.3, 11.7, 15.0, 2.7, '2026-02-08T09:00:00Z', '2026-04-25T10:00:00Z'),
('ak_ipein_rp_2024_s2', 'ipein', 'rp_2024_s2', 68.5, 74.0, 10.8, 14.8, 4.0, '2024-09-12T09:00:00Z', '2025-01-20T15:00:00Z'),
('ak_ipein_rp_2025_s1', 'ipein', 'rp_2025_s1', 68.7, 73.9, 10.6, 15.3, 4.2, '2025-02-14T09:00:00Z', '2025-06-22T15:00:00Z'),
('ak_ipein_rp_2025_s2', 'ipein', 'rp_2025_s2', 69.9, 75.3, 10.8, 16.0, 3.9, '2025-09-10T09:00:00Z', '2026-01-25T15:00:00Z'),
('ak_ipein_rp_2026_s2', 'ipein', 'rp_2026_s2', 69.2, 73.6, 10.3, 15.8, 3.9, '2026-02-08T09:00:00Z', '2026-04-25T10:00:00Z'),
('ak_ipest_rp_2024_s2', 'ipest', 'rp_2024_s2', 62.8, 75.4, 7.9, 6.8, 7.5, '2024-09-12T09:00:00Z', '2025-01-20T15:00:00Z'),
('ak_ipest_rp_2025_s1', 'ipest', 'rp_2025_s1', 59.6, 74.5, 8.1, 6.7, 7.6, '2025-02-14T09:00:00Z', '2025-06-22T15:00:00Z'),
('ak_ipest_rp_2025_s2', 'ipest', 'rp_2025_s2', 59.3, 74.2, 7.6, 5.8, 7.4, '2025-09-10T09:00:00Z', '2026-01-25T15:00:00Z'),
('ak_ipest_rp_2026_s2', 'ipest', 'rp_2026_s2', 56.7, 73.6, 7.4, 6.2, 7.5, '2026-02-08T09:00:00Z', '2026-04-25T10:00:00Z'),
('ak_isban_rp_2024_s2', 'isban', 'rp_2024_s2', 82.2, 89.2, 5.8, 9.4, 2.9, '2024-09-12T09:00:00Z', '2025-01-20T15:00:00Z'),
('ak_isban_rp_2025_s1', 'isban', 'rp_2025_s1', 83.6, 90.1, 5.7, 10.9, 2.7, '2025-02-14T09:00:00Z', '2025-06-22T15:00:00Z'),
('ak_isban_rp_2025_s2', 'isban', 'rp_2025_s2', 81.3, 91.6, 4.8, 11.2, 2.8, '2025-09-10T09:00:00Z', '2026-01-25T15:00:00Z'),
('ak_isban_rp_2026_s2', 'isban', 'rp_2026_s2', 80.8, 92.6, 4.7, 12.6, 2.6, '2026-02-08T09:00:00Z', '2026-04-25T10:00:00Z'),
('ak_isteub_rp_2024_s2', 'isteub', 'rp_2024_s2', 63.3, 89.1, 5.5, 15.0, 4.8, '2024-09-12T09:00:00Z', '2025-01-20T15:00:00Z'),
('ak_isteub_rp_2025_s1', 'isteub', 'rp_2025_s1', 65.6, 87.6, 6.2, 16.1, 4.9, '2025-02-14T09:00:00Z', '2025-06-22T15:00:00Z'),
('ak_isteub_rp_2025_s2', 'isteub', 'rp_2025_s2', 65.2, 87.2, 5.7, 16.8, 4.6, '2025-09-10T09:00:00Z', '2026-01-25T15:00:00Z'),
('ak_isteub_rp_2026_s2', 'isteub', 'rp_2026_s2', 65.8, 85.0, 5.8, 17.3, 4.5, '2026-02-08T09:00:00Z', '2026-04-25T10:00:00Z'),
('ak_islt_rp_2024_s2', 'islt', 'rp_2024_s2', 80.4, 88.2, 8.3, 12.9, 3.9, '2024-09-12T09:00:00Z', '2025-01-20T15:00:00Z'),
('ak_islt_rp_2025_s1', 'islt', 'rp_2025_s1', 77.8, 87.3, 9.2, 13.8, 3.7, '2025-02-14T09:00:00Z', '2025-06-22T15:00:00Z'),
('ak_islt_rp_2025_s2', 'islt', 'rp_2025_s2', 77.2, 86.4, 9.4, 13.8, 3.3, '2025-09-10T09:00:00Z', '2026-01-25T15:00:00Z'),
('ak_islt_rp_2026_s2', 'islt', 'rp_2026_s2', 74.8, 86.2, 9.8, 14.3, 3.1, '2026-02-08T09:00:00Z', '2026-04-25T10:00:00Z'),
('ak_isln_rp_2024_s2', 'isln', 'rp_2024_s2', 84.6, 65.7, 8.3, 17.1, 4.0, '2024-09-12T09:00:00Z', '2025-01-20T15:00:00Z'),
('ak_isln_rp_2025_s1', 'isln', 'rp_2025_s1', 87.5, 65.3, 8.2, 18.2, 4.0, '2025-02-14T09:00:00Z', '2025-06-22T15:00:00Z'),
('ak_isln_rp_2025_s2', 'isln', 'rp_2025_s2', 87.8, 65.2, 8.5, 18.7, 4.3, '2025-09-10T09:00:00Z', '2026-01-25T15:00:00Z'),
('ak_isln_rp_2026_s2', 'isln', 'rp_2026_s2', 90.5, 66.3, 8.5, 19.6, 4.1, '2026-02-08T09:00:00Z', '2026-04-25T10:00:00Z'),
('ak_isste_rp_2024_s2', 'isste', 'rp_2024_s2', 70.0, 66.2, 10.3, 8.2, 6.8, '2024-09-12T09:00:00Z', '2025-01-20T15:00:00Z'),
('ak_isste_rp_2025_s1', 'isste', 'rp_2025_s1', 68.0, 65.0, 10.1, 7.9, 7.0, '2025-02-14T09:00:00Z', '2025-06-22T15:00:00Z'),
('ak_isste_rp_2025_s2', 'isste', 'rp_2025_s2', 65.5, 64.9, 10.4, 8.0, 7.3, '2025-09-10T09:00:00Z', '2026-01-25T15:00:00Z'),
('ak_isste_rp_2026_s2', 'isste', 'rp_2026_s2', 64.3, 65.0, 10.5, 8.9, 8.0, '2026-02-08T09:00:00Z', '2026-04-25T10:00:00Z'),
('ak_istic_rp_2024_s2', 'istic', 'rp_2024_s2', 63.9, 81.6, 4.9, 13.7, 7.7, '2024-09-12T09:00:00Z', '2025-01-20T15:00:00Z'),
('ak_istic_rp_2025_s1', 'istic', 'rp_2025_s1', 63.8, 80.8, 5.5, 14.1, 7.7, '2025-02-14T09:00:00Z', '2025-06-22T15:00:00Z'),
('ak_istic_rp_2025_s2', 'istic', 'rp_2025_s2', 62.3, 81.5, 5.5, 14.0, 8.0, '2025-09-10T09:00:00Z', '2026-01-25T15:00:00Z'),
('ak_istic_rp_2026_s2', 'istic', 'rp_2026_s2', 61.3, 81.3, 5.7, 14.8, 8.5, '2026-02-08T09:00:00Z', '2026-04-25T10:00:00Z'),
('ak_isgb_rp_2024_s2', 'isgb', 'rp_2024_s2', 85.5, 77.1, 5.0, 13.8, 5.7, '2024-09-12T09:00:00Z', '2025-01-20T15:00:00Z'),
('ak_isgb_rp_2025_s1', 'isgb', 'rp_2025_s1', 86.0, 76.1, 5.8, 14.3, 5.6, '2025-02-14T09:00:00Z', '2025-06-22T15:00:00Z'),
('ak_isgb_rp_2025_s2', 'isgb', 'rp_2025_s2', 88.1, 74.4, 6.2, 15.8, 5.1, '2025-09-10T09:00:00Z', '2026-01-25T15:00:00Z'),
('ak_isgb_rp_2026_s2', 'isgb', 'rp_2026_s2', 86.4, 74.5, 6.7, 16.1, 5.3, '2026-02-08T09:00:00Z', '2026-04-25T10:00:00Z'),
('ak_isepbg_rp_2024_s2', 'isepbg', 'rp_2024_s2', 61.6, 67.3, 5.1, 11.2, 5.2, '2024-09-12T09:00:00Z', '2025-01-20T15:00:00Z'),
('ak_isepbg_rp_2025_s1', 'isepbg', 'rp_2025_s1', 61.2, 64.4, 5.1, 10.8, 5.4, '2025-02-14T09:00:00Z', '2025-06-22T15:00:00Z'),
('ak_isepbg_rp_2025_s2', 'isepbg', 'rp_2025_s2', 63.0, 63.0, 5.0, 10.6, 6.0, '2025-09-10T09:00:00Z', '2026-01-25T15:00:00Z'),
('ak_isepbg_rp_2026_s2', 'isepbg', 'rp_2026_s2', 61.9, 62.3, 4.7, 9.5, 6.0, '2026-02-08T09:00:00Z', '2026-04-25T10:00:00Z'),
('ak_supcom_rp_2024_s2', 'supcom', 'rp_2024_s2', 81.5, 74.2, 6.1, 14.3, 8.1, '2024-09-12T09:00:00Z', '2025-01-20T15:00:00Z'),
('ak_supcom_rp_2025_s1', 'supcom', 'rp_2025_s1', 80.0, 75.0, 6.4, 14.7, 8.0, '2025-02-14T09:00:00Z', '2025-06-22T15:00:00Z'),
('ak_supcom_rp_2025_s2', 'supcom', 'rp_2025_s2', 81.2, 75.5, 7.1, 14.1, 8.0, '2025-09-10T09:00:00Z', '2026-01-25T15:00:00Z'),
('ak_supcom_rp_2026_s2', 'supcom', 'rp_2026_s2', 77.6, 74.9, 7.4, 14.2, 8.1, '2026-02-08T09:00:00Z', '2026-04-25T10:00:00Z'),
('ak_esamograne_rp_2024_s2', 'esamograne', 'rp_2024_s2', 61.1, 72.9, 6.5, 8.6, 5.4, '2024-09-12T09:00:00Z', '2025-01-20T15:00:00Z'),
('ak_esamograne_rp_2025_s1', 'esamograne', 'rp_2025_s1', 59.0, 72.2, 6.1, 9.3, 5.1, '2025-02-14T09:00:00Z', '2025-06-22T15:00:00Z'),
('ak_esamograne_rp_2025_s2', 'esamograne', 'rp_2025_s2', 59.2, 73.4, 6.7, 10.2, 4.7, '2025-09-10T09:00:00Z', '2026-01-25T15:00:00Z'),
('ak_esamograne_rp_2026_s2', 'esamograne', 'rp_2026_s2', 61.5, 73.5, 6.9, 10.3, 4.6, '2026-02-08T09:00:00Z', '2026-04-25T10:00:00Z'),
('ak_esamateur_rp_2024_s2', 'esamateur', 'rp_2024_s2', 81.2, 83.0, 9.7, 7.1, 7.8, '2024-09-12T09:00:00Z', '2025-01-20T15:00:00Z'),
('ak_esamateur_rp_2025_s1', 'esamateur', 'rp_2025_s1', 83.8, 85.2, 9.7, 7.8, 8.0, '2025-02-14T09:00:00Z', '2025-06-22T15:00:00Z'),
('ak_esamateur_rp_2025_s2', 'esamateur', 'rp_2025_s2', 83.5, 84.1, 10.2, 7.5, 8.3, '2025-09-10T09:00:00Z', '2026-01-25T15:00:00Z'),
('ak_esamateur_rp_2026_s2', 'esamateur', 'rp_2026_s2', 82.9, 85.1, 9.7, 8.3, 8.9, '2026-02-08T09:00:00Z', '2026-04-25T10:00:00Z'),
('ak_esiat_rp_2024_s2', 'esiat', 'rp_2024_s2', 77.9, 87.5, 9.5, 9.1, 7.1, '2024-09-12T09:00:00Z', '2025-01-20T15:00:00Z'),
('ak_esiat_rp_2025_s1', 'esiat', 'rp_2025_s1', 79.1, 88.6, 9.2, 8.9, 7.1, '2025-02-14T09:00:00Z', '2025-06-22T15:00:00Z'),
('ak_esiat_rp_2025_s2', 'esiat', 'rp_2025_s2', 79.1, 88.1, 9.5, 8.7, 7.2, '2025-09-10T09:00:00Z', '2026-01-25T15:00:00Z'),
('ak_esiat_rp_2026_s2', 'esiat', 'rp_2026_s2', 78.5, 88.6, 8.9, 8.9, 7.5, '2026-02-08T09:00:00Z', '2026-04-25T10:00:00Z'),
('ak_ispab_rp_2024_s2', 'ispab', 'rp_2024_s2', 74.3, 88.1, 6.4, 10.3, 3.3, '2024-09-12T09:00:00Z', '2025-01-20T15:00:00Z'),
('ak_ispab_rp_2025_s1', 'ispab', 'rp_2025_s1', 72.9, 87.8, 6.8, 11.1, 3.6, '2025-02-14T09:00:00Z', '2025-06-22T15:00:00Z'),
('ak_ispab_rp_2025_s2', 'ispab', 'rp_2025_s2', 73.5, 86.8, 6.8, 11.8, 4.0, '2025-09-10T09:00:00Z', '2026-01-25T15:00:00Z'),
('ak_ispab_rp_2026_s2', 'ispab', 'rp_2026_s2', 71.8, 86.5, 7.3, 12.1, 4.4, '2026-02-08T09:00:00Z', '2026-04-25T10:00:00Z'),
('ak_intes_rp_2024_s2', 'intes', 'rp_2024_s2', 75.1, 67.4, 4.6, 11.9, 4.7, '2024-09-12T09:00:00Z', '2025-01-20T15:00:00Z'),
('ak_intes_rp_2025_s1', 'intes', 'rp_2025_s1', 73.9, 67.0, 4.7, 12.0, 5.0, '2025-02-14T09:00:00Z', '2025-06-22T15:00:00Z'),
('ak_intes_rp_2025_s2', 'intes', 'rp_2025_s2', 73.5, 67.1, 4.0, 12.6, 5.3, '2025-09-10T09:00:00Z', '2026-01-25T15:00:00Z'),
('ak_intes_rp_2026_s2', 'intes', 'rp_2026_s2', 72.1, 67.1, 4.3, 12.4, 5.2, '2026-02-08T09:00:00Z', '2026-04-25T10:00:00Z'),
('ak_isce_rp_2024_s2', 'isce', 'rp_2024_s2', 88.1, 65.5, 10.9, 15.3, 5.6, '2024-09-12T09:00:00Z', '2025-01-20T15:00:00Z'),
('ak_isce_rp_2025_s1', 'isce', 'rp_2025_s1', 87.5, 64.8, 10.3, 16.3, 5.7, '2025-02-14T09:00:00Z', '2025-06-22T15:00:00Z'),
('ak_isce_rp_2025_s2', 'isce', 'rp_2025_s2', 85.0, 64.1, 10.4, 17.1, 5.8, '2025-09-10T09:00:00Z', '2026-01-25T15:00:00Z'),
('ak_isce_rp_2026_s2', 'isce', 'rp_2026_s2', 85.8, 64.6, 10.6, 17.3, 6.0, '2026-02-08T09:00:00Z', '2026-04-25T10:00:00Z'),
('ak_inat_rp_2024_s2', 'inat', 'rp_2024_s2', 70.6, 77.1, 8.3, 16.8, 5.2, '2024-09-12T09:00:00Z', '2025-01-20T15:00:00Z'),
('ak_inat_rp_2025_s1', 'inat', 'rp_2025_s1', 68.6, 77.2, 8.0, 17.7, 5.0, '2025-02-14T09:00:00Z', '2025-06-22T15:00:00Z'),
('ak_inat_rp_2025_s2', 'inat', 'rp_2025_s2', 68.1, 76.7, 8.8, 18.8, 4.8, '2025-09-10T09:00:00Z', '2026-01-25T15:00:00Z'),
('ak_inat_rp_2026_s2', 'inat', 'rp_2026_s2', 66.3, 78.0, 8.4, 19.9, 4.5, '2026-02-08T09:00:00Z', '2026-04-25T10:00:00Z'),
('ak_ihet_rp_2024_s2', 'ihet', 'rp_2024_s2', 69.4, 84.3, 10.6, 17.4, 7.5, '2024-09-12T09:00:00Z', '2025-01-20T15:00:00Z'),
('ak_ihet_rp_2025_s1', 'ihet', 'rp_2025_s1', 69.4, 82.7, 11.2, 18.3, 7.9, '2025-02-14T09:00:00Z', '2025-06-22T15:00:00Z'),
('ak_ihet_rp_2025_s2', 'ihet', 'rp_2025_s2', 65.9, 80.6, 11.1, 19.4, 8.1, '2025-09-10T09:00:00Z', '2026-01-25T15:00:00Z'),
('ak_ihet_rp_2026_s2', 'ihet', 'rp_2026_s2', 64.4, 79.3, 11.9, 20.3, 8.8, '2026-02-08T09:00:00Z', '2026-04-25T10:00:00Z'),
('ak_inrat_rp_2024_s2', 'inrat', 'rp_2024_s2', 86.7, 86.7, 8.9, 9.6, 4.0, '2024-09-12T09:00:00Z', '2025-01-20T15:00:00Z'),
('ak_inrat_rp_2025_s1', 'inrat', 'rp_2025_s1', 87.1, 87.3, 7.9, 9.8, 3.6, '2025-02-14T09:00:00Z', '2025-06-22T15:00:00Z'),
('ak_inrat_rp_2025_s2', 'inrat', 'rp_2025_s2', 88.4, 86.7, 7.6, 9.2, 3.2, '2025-09-10T09:00:00Z', '2026-01-25T15:00:00Z'),
('ak_inrat_rp_2026_s2', 'inrat', 'rp_2026_s2', 90.1, 87.2, 7.4, 8.9, 3.2, '2026-02-08T09:00:00Z', '2026-04-25T10:00:00Z'),
('ak_enib_rp_2024_s2', 'enib', 'rp_2024_s2', 84.5, 74.8, 7.8, 16.9, 4.0, '2024-09-12T09:00:00Z', '2025-01-20T15:00:00Z'),
('ak_enib_rp_2025_s1', 'enib', 'rp_2025_s1', 86.8, 75.0, 8.4, 16.7, 4.4, '2025-02-14T09:00:00Z', '2025-06-22T15:00:00Z'),
('ak_enib_rp_2025_s2', 'enib', 'rp_2025_s2', 88.3, 76.1, 8.1, 16.3, 4.8, '2025-09-10T09:00:00Z', '2026-01-25T15:00:00Z'),
('ak_enib_rp_2026_s2', 'enib', 'rp_2026_s2', 88.4, 77.3, 8.5, 16.4, 5.1, '2026-02-08T09:00:00Z', '2026-04-25T10:00:00Z');

INSERT INTO insertion_kpis (id, institution_id, reporting_period_id, national_convention_rate, international_convention_rate, employability_rate, insertion_delay_months, created_at, updated_at) VALUES
('ik_fsjpst_rp_2024_s2', 'fsjpst', 'rp_2024_s2', 55.7, 18.6, 65.0, 3.5, '2024-09-12T09:00:00Z', '2025-01-20T15:00:00Z'),
('ik_fsjpst_rp_2025_s1', 'fsjpst', 'rp_2025_s1', 57.6, 20.4, 68.2, 3.7, '2025-02-14T09:00:00Z', '2025-06-22T15:00:00Z'),
('ik_fsjpst_rp_2025_s2', 'fsjpst', 'rp_2025_s2', 60.5, 20.8, 70.7, 3.6, '2025-09-10T09:00:00Z', '2026-01-25T15:00:00Z'),
('ik_fsjpst_rp_2026_s2', 'fsjpst', 'rp_2026_s2', 61.7, 23.8, 71.8, 3.4, '2026-02-08T09:00:00Z', '2026-04-25T10:00:00Z'),
('ik_fsb_rp_2024_s2', 'fsb', 'rp_2024_s2', 56.8, 25.3, 83.7, 4.6, '2024-09-12T09:00:00Z', '2025-01-20T15:00:00Z'),
('ik_fsb_rp_2025_s1', 'fsb', 'rp_2025_s1', 61.0, 23.0, 82.7, 4.3, '2025-02-14T09:00:00Z', '2025-06-22T15:00:00Z'),
('ik_fsb_rp_2025_s2', 'fsb', 'rp_2025_s2', 62.2, 23.4, 82.5, 4.3, '2025-09-10T09:00:00Z', '2026-01-25T15:00:00Z'),
('ik_fsb_rp_2026_s2', 'fsb', 'rp_2026_s2', 65.9, 23.0, 81.9, 4.3, '2026-02-08T09:00:00Z', '2026-04-25T10:00:00Z'),
('ik_fsegn_rp_2024_s2', 'fsegn', 'rp_2024_s2', 41.3, 37.8, 85.9, 5.3, '2024-09-12T09:00:00Z', '2025-01-20T15:00:00Z'),
('ik_fsegn_rp_2025_s1', 'fsegn', 'rp_2025_s1', 43.0, 39.4, 88.7, 5.3, '2025-02-14T09:00:00Z', '2025-06-22T15:00:00Z'),
('ik_fsegn_rp_2025_s2', 'fsegn', 'rp_2025_s2', 46.4, 38.9, 88.0, 5.8, '2025-09-10T09:00:00Z', '2026-01-25T15:00:00Z'),
('ik_fsegn_rp_2026_s2', 'fsegn', 'rp_2026_s2', 45.8, 41.1, 89.3, 5.9, '2026-02-08T09:00:00Z', '2026-04-25T10:00:00Z'),
('ik_enau_rp_2024_s2', 'enau', 'rp_2024_s2', 68.1, 37.2, 86.6, 5.8, '2024-09-12T09:00:00Z', '2025-01-20T15:00:00Z'),
('ik_enau_rp_2025_s1', 'enau', 'rp_2025_s1', 72.2, 38.1, 86.5, 6.2, '2025-02-14T09:00:00Z', '2025-06-22T15:00:00Z'),
('ik_enau_rp_2025_s2', 'enau', 'rp_2025_s2', 73.5, 40.5, 88.2, 6.3, '2025-09-10T09:00:00Z', '2026-01-25T15:00:00Z'),
('ik_enau_rp_2026_s2', 'enau', 'rp_2026_s2', 77.5, 39.6, 90.0, 6.8, '2026-02-08T09:00:00Z', '2026-04-25T10:00:00Z'),
('ik_ept_rp_2024_s2', 'ept', 'rp_2024_s2', 66.0, 30.6, 81.9, 5.5, '2024-09-12T09:00:00Z', '2025-01-20T15:00:00Z'),
('ik_ept_rp_2025_s1', 'ept', 'rp_2025_s1', 67.4, 31.3, 82.3, 5.9, '2025-02-14T09:00:00Z', '2025-06-22T15:00:00Z'),
('ik_ept_rp_2025_s2', 'ept', 'rp_2025_s2', 68.7, 30.2, 80.9, 5.8, '2025-09-10T09:00:00Z', '2026-01-25T15:00:00Z'),
('ik_ept_rp_2026_s2', 'ept', 'rp_2026_s2', 72.6, 27.7, 80.7, 6.2, '2026-02-08T09:00:00Z', '2026-04-25T10:00:00Z'),
('ik_enicarthage_rp_2024_s2', 'enicarthage', 'rp_2024_s2', 62.4, 35.9, 88.1, 6.6, '2024-09-12T09:00:00Z', '2025-01-20T15:00:00Z'),
('ik_enicarthage_rp_2025_s1', 'enicarthage', 'rp_2025_s1', 62.2, 35.3, 87.8, 6.5, '2025-02-14T09:00:00Z', '2025-06-22T15:00:00Z'),
('ik_enicarthage_rp_2025_s2', 'enicarthage', 'rp_2025_s2', 60.6, 33.7, 87.5, 7.0, '2025-09-10T09:00:00Z', '2026-01-25T15:00:00Z'),
('ik_enicarthage_rp_2026_s2', 'enicarthage', 'rp_2026_s2', 60.6, 32.5, 86.1, 7.2, '2026-02-08T09:00:00Z', '2026-04-25T10:00:00Z'),
('ik_enstab_rp_2024_s2', 'enstab', 'rp_2024_s2', 66.9, 32.6, 67.1, 4.8, '2024-09-12T09:00:00Z', '2025-01-20T15:00:00Z'),
('ik_enstab_rp_2025_s1', 'enstab', 'rp_2025_s1', 62.8, 35.1, 68.6, 4.8, '2025-02-14T09:00:00Z', '2025-06-22T15:00:00Z'),
('ik_enstab_rp_2025_s2', 'enstab', 'rp_2025_s2', 62.8, 35.8, 70.5, 4.9, '2025-09-10T09:00:00Z', '2026-01-25T15:00:00Z'),
('ik_enstab_rp_2026_s2', 'enstab', 'rp_2026_s2', 61.9, 37.3, 74.1, 4.9, '2026-02-08T09:00:00Z', '2026-04-25T10:00:00Z'),
('ik_essai_rp_2024_s2', 'essai', 'rp_2024_s2', 61.5, 13.4, 82.1, 3.1, '2024-09-12T09:00:00Z', '2025-01-20T15:00:00Z'),
('ik_essai_rp_2025_s1', 'essai', 'rp_2025_s1', 60.5, 13.7, 81.0, 3.4, '2025-02-14T09:00:00Z', '2025-06-22T15:00:00Z'),
('ik_essai_rp_2025_s2', 'essai', 'rp_2025_s2', 60.2, 13.7, 81.7, 3.7, '2025-09-10T09:00:00Z', '2026-01-25T15:00:00Z'),
('ik_essai_rp_2026_s2', 'essai', 'rp_2026_s2', 57.1, 12.0, 83.2, 3.8, '2026-02-08T09:00:00Z', '2026-04-25T10:00:00Z'),
('ik_esac_rp_2024_s2', 'esac', 'rp_2024_s2', 64.5, 22.2, 79.3, 5.9, '2024-09-12T09:00:00Z', '2025-01-20T15:00:00Z'),
('ik_esac_rp_2025_s1', 'esac', 'rp_2025_s1', 67.9, 20.5, 78.4, 5.9, '2025-02-14T09:00:00Z', '2025-06-22T15:00:00Z'),
('ik_esac_rp_2025_s2', 'esac', 'rp_2025_s2', 68.7, 21.7, 78.8, 6.0, '2025-09-10T09:00:00Z', '2026-01-25T15:00:00Z'),
('ik_esac_rp_2026_s2', 'esac', 'rp_2026_s2', 71.5, 20.1, 77.7, 6.0, '2026-02-08T09:00:00Z', '2026-04-25T10:00:00Z'),
('ik_ipeib_rp_2024_s2', 'ipeib', 'rp_2024_s2', 61.5, 34.9, 88.8, 6.0, '2024-09-12T09:00:00Z', '2025-01-20T15:00:00Z'),
('ik_ipeib_rp_2025_s1', 'ipeib', 'rp_2025_s1', 60.7, 36.8, 86.6, 5.8, '2025-02-14T09:00:00Z', '2025-06-22T15:00:00Z'),
('ik_ipeib_rp_2025_s2', 'ipeib', 'rp_2025_s2', 58.1, 36.7, 88.1, 5.7, '2025-09-10T09:00:00Z', '2026-01-25T15:00:00Z'),
('ik_ipeib_rp_2026_s2', 'ipeib', 'rp_2026_s2', 58.7, 37.6, 87.3, 5.6, '2026-02-08T09:00:00Z', '2026-04-25T10:00:00Z'),
('ik_ihec_rp_2024_s2', 'ihec', 'rp_2024_s2', 48.2, 27.5, 72.7, 6.5, '2024-09-12T09:00:00Z', '2025-01-20T15:00:00Z'),
('ik_ihec_rp_2025_s1', 'ihec', 'rp_2025_s1', 45.8, 27.7, 72.8, 6.9, '2025-02-14T09:00:00Z', '2025-06-22T15:00:00Z'),
('ik_ihec_rp_2025_s2', 'ihec', 'rp_2025_s2', 44.8, 28.6, 74.1, 7.4, '2025-09-10T09:00:00Z', '2026-01-25T15:00:00Z'),
('ik_ihec_rp_2026_s2', 'ihec', 'rp_2026_s2', 43.0, 29.8, 75.2, 7.6, '2026-02-08T09:00:00Z', '2026-04-25T10:00:00Z'),
('ik_insat_rp_2024_s2', 'insat', 'rp_2024_s2', 60.5, 35.8, 81.4, 3.5, '2024-09-12T09:00:00Z', '2025-01-20T15:00:00Z'),
('ik_insat_rp_2025_s1', 'insat', 'rp_2025_s1', 61.3, 36.0, 81.4, 3.6, '2025-02-14T09:00:00Z', '2025-06-22T15:00:00Z'),
('ik_insat_rp_2025_s2', 'insat', 'rp_2025_s2', 61.2, 36.9, 79.7, 3.8, '2025-09-10T09:00:00Z', '2026-01-25T15:00:00Z'),
('ik_insat_rp_2026_s2', 'insat', 'rp_2026_s2', 64.2, 35.7, 79.5, 3.6, '2026-02-08T09:00:00Z', '2026-04-25T10:00:00Z'),
('ik_instm_rp_2024_s2', 'instm', 'rp_2024_s2', 43.5, 32.2, 62.8, 5.2, '2024-09-12T09:00:00Z', '2025-01-20T15:00:00Z'),
('ik_instm_rp_2025_s1', 'instm', 'rp_2025_s1', 47.4, 32.1, 64.5, 4.9, '2025-02-14T09:00:00Z', '2025-06-22T15:00:00Z'),
('ik_instm_rp_2025_s2', 'instm', 'rp_2025_s2', 49.4, 31.8, 67.1, 4.7, '2025-09-10T09:00:00Z', '2026-01-25T15:00:00Z'),
('ik_instm_rp_2026_s2', 'instm', 'rp_2026_s2', 50.1, 31.8, 69.8, 4.6, '2026-02-08T09:00:00Z', '2026-04-25T10:00:00Z'),
('ik_issatm_rp_2024_s2', 'issatm', 'rp_2024_s2', 55.1, 36.2, 71.4, 2.7, '2024-09-12T09:00:00Z', '2025-01-20T15:00:00Z'),
('ik_issatm_rp_2025_s1', 'issatm', 'rp_2025_s1', 53.7, 37.4, 71.0, 3.1, '2025-02-14T09:00:00Z', '2025-06-22T15:00:00Z'),
('ik_issatm_rp_2025_s2', 'issatm', 'rp_2025_s2', 52.6, 38.8, 72.5, 3.2, '2025-09-10T09:00:00Z', '2026-01-25T15:00:00Z'),
('ik_issatm_rp_2026_s2', 'issatm', 'rp_2026_s2', 50.7, 39.4, 72.2, 3.4, '2026-02-08T09:00:00Z', '2026-04-25T10:00:00Z'),
('ik_ipein_rp_2024_s2', 'ipein', 'rp_2024_s2', 46.3, 16.3, 76.3, 4.3, '2024-09-12T09:00:00Z', '2025-01-20T15:00:00Z'),
('ik_ipein_rp_2025_s1', 'ipein', 'rp_2025_s1', 47.0, 16.5, 75.9, 4.4, '2025-02-14T09:00:00Z', '2025-06-22T15:00:00Z'),
('ik_ipein_rp_2025_s2', 'ipein', 'rp_2025_s2', 49.6, 16.7, 75.2, 4.6, '2025-09-10T09:00:00Z', '2026-01-25T15:00:00Z'),
('ik_ipein_rp_2026_s2', 'ipein', 'rp_2026_s2', 49.8, 17.7, 73.3, 5.0, '2026-02-08T09:00:00Z', '2026-04-25T10:00:00Z'),
('ik_ipest_rp_2024_s2', 'ipest', 'rp_2024_s2', 38.6, 32.5, 71.5, 3.4, '2024-09-12T09:00:00Z', '2025-01-20T15:00:00Z'),
('ik_ipest_rp_2025_s1', 'ipest', 'rp_2025_s1', 42.2, 33.5, 72.0, 3.4, '2025-02-14T09:00:00Z', '2025-06-22T15:00:00Z'),
('ik_ipest_rp_2025_s2', 'ipest', 'rp_2025_s2', 42.6, 34.4, 73.1, 3.6, '2025-09-10T09:00:00Z', '2026-01-25T15:00:00Z'),
('ik_ipest_rp_2026_s2', 'ipest', 'rp_2026_s2', 46.1, 35.5, 73.8, 3.6, '2026-02-08T09:00:00Z', '2026-04-25T10:00:00Z'),
('ik_isban_rp_2024_s2', 'isban', 'rp_2024_s2', 63.3, 14.4, 74.8, 3.0, '2024-09-12T09:00:00Z', '2025-01-20T15:00:00Z'),
('ik_isban_rp_2025_s1', 'isban', 'rp_2025_s1', 62.6, 16.4, 76.7, 3.0, '2025-02-14T09:00:00Z', '2025-06-22T15:00:00Z'),
('ik_isban_rp_2025_s2', 'isban', 'rp_2025_s2', 60.0, 18.1, 80.2, 2.6, '2025-09-10T09:00:00Z', '2026-01-25T15:00:00Z'),
('ik_isban_rp_2026_s2', 'isban', 'rp_2026_s2', 59.3, 18.2, 82.3, 2.4, '2026-02-08T09:00:00Z', '2026-04-25T10:00:00Z'),
('ik_isteub_rp_2024_s2', 'isteub', 'rp_2024_s2', 43.1, 34.0, 81.6, 3.8, '2024-09-12T09:00:00Z', '2025-01-20T15:00:00Z'),
('ik_isteub_rp_2025_s1', 'isteub', 'rp_2025_s1', 40.0, 35.6, 81.3, 3.9, '2025-02-14T09:00:00Z', '2025-06-22T15:00:00Z'),
('ik_isteub_rp_2025_s2', 'isteub', 'rp_2025_s2', 37.9, 36.0, 80.5, 4.1, '2025-09-10T09:00:00Z', '2026-01-25T15:00:00Z'),
('ik_isteub_rp_2026_s2', 'isteub', 'rp_2026_s2', 36.5, 36.2, 80.1, 4.3, '2026-02-08T09:00:00Z', '2026-04-25T10:00:00Z'),
('ik_islt_rp_2024_s2', 'islt', 'rp_2024_s2', 46.6, 32.9, 84.8, 6.4, '2024-09-12T09:00:00Z', '2025-01-20T15:00:00Z'),
('ik_islt_rp_2025_s1', 'islt', 'rp_2025_s1', 46.8, 33.2, 85.4, 6.4, '2025-02-14T09:00:00Z', '2025-06-22T15:00:00Z'),
('ik_islt_rp_2025_s2', 'islt', 'rp_2025_s2', 45.1, 33.6, 84.2, 6.2, '2025-09-10T09:00:00Z', '2026-01-25T15:00:00Z'),
('ik_islt_rp_2026_s2', 'islt', 'rp_2026_s2', 47.0, 33.9, 80.6, 6.4, '2026-02-08T09:00:00Z', '2026-04-25T10:00:00Z'),
('ik_isln_rp_2024_s2', 'isln', 'rp_2024_s2', 54.7, 32.6, 61.5, 5.0, '2024-09-12T09:00:00Z', '2025-01-20T15:00:00Z'),
('ik_isln_rp_2025_s1', 'isln', 'rp_2025_s1', 56.3, 32.9, 62.0, 5.2, '2025-02-14T09:00:00Z', '2025-06-22T15:00:00Z'),
('ik_isln_rp_2025_s2', 'isln', 'rp_2025_s2', 55.5, 32.1, 64.3, 5.7, '2025-09-10T09:00:00Z', '2026-01-25T15:00:00Z'),
('ik_isln_rp_2026_s2', 'isln', 'rp_2026_s2', 54.2, 31.7, 64.0, 6.0, '2026-02-08T09:00:00Z', '2026-04-25T10:00:00Z'),
('ik_isste_rp_2024_s2', 'isste', 'rp_2024_s2', 61.2, 31.4, 81.2, 4.5, '2024-09-12T09:00:00Z', '2025-01-20T15:00:00Z'),
('ik_isste_rp_2025_s1', 'isste', 'rp_2025_s1', 60.7, 31.8, 81.8, 4.5, '2025-02-14T09:00:00Z', '2025-06-22T15:00:00Z'),
('ik_isste_rp_2025_s2', 'isste', 'rp_2025_s2', 59.3, 34.2, 80.1, 4.3, '2025-09-10T09:00:00Z', '2026-01-25T15:00:00Z'),
('ik_isste_rp_2026_s2', 'isste', 'rp_2026_s2', 56.0, 37.0, 79.4, 3.8, '2026-02-08T09:00:00Z', '2026-04-25T10:00:00Z'),
('ik_istic_rp_2024_s2', 'istic', 'rp_2024_s2', 68.8, 26.3, 88.3, 3.1, '2024-09-12T09:00:00Z', '2025-01-20T15:00:00Z'),
('ik_istic_rp_2025_s1', 'istic', 'rp_2025_s1', 71.3, 27.0, 88.3, 3.1, '2025-02-14T09:00:00Z', '2025-06-22T15:00:00Z'),
('ik_istic_rp_2025_s2', 'istic', 'rp_2025_s2', 72.8, 28.6, 92.1, 3.1, '2025-09-10T09:00:00Z', '2026-01-25T15:00:00Z'),
('ik_istic_rp_2026_s2', 'istic', 'rp_2026_s2', 71.7, 31.2, 92.1, 3.1, '2026-02-08T09:00:00Z', '2026-04-25T10:00:00Z'),
('ik_isgb_rp_2024_s2', 'isgb', 'rp_2024_s2', 42.2, 26.4, 76.7, 3.0, '2024-09-12T09:00:00Z', '2025-01-20T15:00:00Z'),
('ik_isgb_rp_2025_s1', 'isgb', 'rp_2025_s1', 38.7, 27.5, 78.1, 3.4, '2025-02-14T09:00:00Z', '2025-06-22T15:00:00Z'),
('ik_isgb_rp_2025_s2', 'isgb', 'rp_2025_s2', 39.7, 27.9, 75.7, 3.9, '2025-09-10T09:00:00Z', '2026-01-25T15:00:00Z'),
('ik_isgb_rp_2026_s2', 'isgb', 'rp_2026_s2', 37.7, 26.5, 76.1, 4.2, '2026-02-08T09:00:00Z', '2026-04-25T10:00:00Z'),
('ik_isepbg_rp_2024_s2', 'isepbg', 'rp_2024_s2', 45.0, 25.6, 76.8, 3.7, '2024-09-12T09:00:00Z', '2025-01-20T15:00:00Z'),
('ik_isepbg_rp_2025_s1', 'isepbg', 'rp_2025_s1', 41.9, 24.9, 75.8, 3.8, '2025-02-14T09:00:00Z', '2025-06-22T15:00:00Z'),
('ik_isepbg_rp_2025_s2', 'isepbg', 'rp_2025_s2', 41.8, 25.3, 76.9, 4.0, '2025-09-10T09:00:00Z', '2026-01-25T15:00:00Z'),
('ik_isepbg_rp_2026_s2', 'isepbg', 'rp_2026_s2', 42.5, 23.9, 74.7, 4.5, '2026-02-08T09:00:00Z', '2026-04-25T10:00:00Z'),
('ik_supcom_rp_2024_s2', 'supcom', 'rp_2024_s2', 53.0, 23.3, 75.7, 6.0, '2024-09-12T09:00:00Z', '2025-01-20T15:00:00Z'),
('ik_supcom_rp_2025_s1', 'supcom', 'rp_2025_s1', 51.4, 21.5, 78.2, 5.9, '2025-02-14T09:00:00Z', '2025-06-22T15:00:00Z'),
('ik_supcom_rp_2025_s2', 'supcom', 'rp_2025_s2', 51.5, 20.4, 81.5, 6.1, '2025-09-10T09:00:00Z', '2026-01-25T15:00:00Z'),
('ik_supcom_rp_2026_s2', 'supcom', 'rp_2026_s2', 48.7, 20.8, 83.1, 6.0, '2026-02-08T09:00:00Z', '2026-04-25T10:00:00Z'),
('ik_esamograne_rp_2024_s2', 'esamograne', 'rp_2024_s2', 44.5, 33.8, 83.8, 3.1, '2024-09-12T09:00:00Z', '2025-01-20T15:00:00Z'),
('ik_esamograne_rp_2025_s1', 'esamograne', 'rp_2025_s1', 45.8, 35.9, 83.3, 3.2, '2025-02-14T09:00:00Z', '2025-06-22T15:00:00Z'),
('ik_esamograne_rp_2025_s2', 'esamograne', 'rp_2025_s2', 47.6, 37.4, 80.9, 3.7, '2025-09-10T09:00:00Z', '2026-01-25T15:00:00Z'),
('ik_esamograne_rp_2026_s2', 'esamograne', 'rp_2026_s2', 49.8, 37.7, 80.8, 3.9, '2026-02-08T09:00:00Z', '2026-04-25T10:00:00Z'),
('ik_esamateur_rp_2024_s2', 'esamateur', 'rp_2024_s2', 66.6, 35.2, 80.8, 4.1, '2024-09-12T09:00:00Z', '2025-01-20T15:00:00Z'),
('ik_esamateur_rp_2025_s1', 'esamateur', 'rp_2025_s1', 67.2, 35.2, 80.5, 4.2, '2025-02-14T09:00:00Z', '2025-06-22T15:00:00Z'),
('ik_esamateur_rp_2025_s2', 'esamateur', 'rp_2025_s2', 70.8, 35.3, 77.5, 4.5, '2025-09-10T09:00:00Z', '2026-01-25T15:00:00Z'),
('ik_esamateur_rp_2026_s2', 'esamateur', 'rp_2026_s2', 74.3, 33.9, 77.7, 4.4, '2026-02-08T09:00:00Z', '2026-04-25T10:00:00Z'),
('ik_esiat_rp_2024_s2', 'esiat', 'rp_2024_s2', 50.0, 32.7, 84.7, 5.3, '2024-09-12T09:00:00Z', '2025-01-20T15:00:00Z'),
('ik_esiat_rp_2025_s1', 'esiat', 'rp_2025_s1', 49.0, 34.2, 86.7, 5.9, '2025-02-14T09:00:00Z', '2025-06-22T15:00:00Z'),
('ik_esiat_rp_2025_s2', 'esiat', 'rp_2025_s2', 46.5, 33.7, 89.6, 6.1, '2025-09-10T09:00:00Z', '2026-01-25T15:00:00Z'),
('ik_esiat_rp_2026_s2', 'esiat', 'rp_2026_s2', 45.8, 34.4, 92.7, 6.2, '2026-02-08T09:00:00Z', '2026-04-25T10:00:00Z'),
('ik_ispab_rp_2024_s2', 'ispab', 'rp_2024_s2', 63.2, 27.6, 74.4, 4.6, '2024-09-12T09:00:00Z', '2025-01-20T15:00:00Z'),
('ik_ispab_rp_2025_s1', 'ispab', 'rp_2025_s1', 62.9, 28.3, 76.3, 5.0, '2025-02-14T09:00:00Z', '2025-06-22T15:00:00Z'),
('ik_ispab_rp_2025_s2', 'ispab', 'rp_2025_s2', 59.9, 30.1, 78.6, 5.3, '2025-09-10T09:00:00Z', '2026-01-25T15:00:00Z'),
('ik_ispab_rp_2026_s2', 'ispab', 'rp_2026_s2', 57.8, 30.6, 78.9, 5.7, '2026-02-08T09:00:00Z', '2026-04-25T10:00:00Z'),
('ik_intes_rp_2024_s2', 'intes', 'rp_2024_s2', 58.8, 20.5, 75.3, 6.2, '2024-09-12T09:00:00Z', '2025-01-20T15:00:00Z'),
('ik_intes_rp_2025_s1', 'intes', 'rp_2025_s1', 61.3, 20.9, 77.5, 6.0, '2025-02-14T09:00:00Z', '2025-06-22T15:00:00Z'),
('ik_intes_rp_2025_s2', 'intes', 'rp_2025_s2', 63.7, 22.8, 78.5, 6.0, '2025-09-10T09:00:00Z', '2026-01-25T15:00:00Z'),
('ik_intes_rp_2026_s2', 'intes', 'rp_2026_s2', 66.9, 23.4, 80.0, 5.6, '2026-02-08T09:00:00Z', '2026-04-25T10:00:00Z'),
('ik_isce_rp_2024_s2', 'isce', 'rp_2024_s2', 39.4, 16.9, 73.2, 3.5, '2024-09-12T09:00:00Z', '2025-01-20T15:00:00Z'),
('ik_isce_rp_2025_s1', 'isce', 'rp_2025_s1', 40.6, 17.9, 73.7, 3.3, '2025-02-14T09:00:00Z', '2025-06-22T15:00:00Z'),
('ik_isce_rp_2025_s2', 'isce', 'rp_2025_s2', 44.1, 16.4, 71.8, 3.3, '2025-09-10T09:00:00Z', '2026-01-25T15:00:00Z'),
('ik_isce_rp_2026_s2', 'isce', 'rp_2026_s2', 45.0, 16.5, 69.8, 3.0, '2026-02-08T09:00:00Z', '2026-04-25T10:00:00Z'),
('ik_inat_rp_2024_s2', 'inat', 'rp_2024_s2', 51.6, 37.5, 84.6, 4.1, '2024-09-12T09:00:00Z', '2025-01-20T15:00:00Z'),
('ik_inat_rp_2025_s1', 'inat', 'rp_2025_s1', 56.5, 37.2, 82.8, 4.4, '2025-02-14T09:00:00Z', '2025-06-22T15:00:00Z'),
('ik_inat_rp_2025_s2', 'inat', 'rp_2025_s2', 59.7, 37.3, 81.8, 4.8, '2025-09-10T09:00:00Z', '2026-01-25T15:00:00Z'),
('ik_inat_rp_2026_s2', 'inat', 'rp_2026_s2', 61.5, 38.4, 81.0, 5.3, '2026-02-08T09:00:00Z', '2026-04-25T10:00:00Z'),
('ik_ihet_rp_2024_s2', 'ihet', 'rp_2024_s2', 41.6, 18.5, 65.0, 5.0, '2024-09-12T09:00:00Z', '2025-01-20T15:00:00Z'),
('ik_ihet_rp_2025_s1', 'ihet', 'rp_2025_s1', 44.3, 19.7, 67.3, 5.2, '2025-02-14T09:00:00Z', '2025-06-22T15:00:00Z'),
('ik_ihet_rp_2025_s2', 'ihet', 'rp_2025_s2', 45.5, 20.3, 68.8, 5.4, '2025-09-10T09:00:00Z', '2026-01-25T15:00:00Z'),
('ik_ihet_rp_2026_s2', 'ihet', 'rp_2026_s2', 50.0, 19.0, 69.5, 5.7, '2026-02-08T09:00:00Z', '2026-04-25T10:00:00Z'),
('ik_inrat_rp_2024_s2', 'inrat', 'rp_2024_s2', 68.1, 16.9, 82.3, 3.4, '2024-09-12T09:00:00Z', '2025-01-20T15:00:00Z'),
('ik_inrat_rp_2025_s1', 'inrat', 'rp_2025_s1', 68.1, 17.4, 82.7, 3.7, '2025-02-14T09:00:00Z', '2025-06-22T15:00:00Z'),
('ik_inrat_rp_2025_s2', 'inrat', 'rp_2025_s2', 67.1, 18.1, 83.1, 3.7, '2025-09-10T09:00:00Z', '2026-01-25T15:00:00Z'),
('ik_inrat_rp_2026_s2', 'inrat', 'rp_2026_s2', 67.9, 18.9, 83.5, 3.9, '2026-02-08T09:00:00Z', '2026-04-25T10:00:00Z'),
('ik_enib_rp_2024_s2', 'enib', 'rp_2024_s2', 50.3, 22.3, 74.3, 3.5, '2024-09-12T09:00:00Z', '2025-01-20T15:00:00Z'),
('ik_enib_rp_2025_s1', 'enib', 'rp_2025_s1', 51.2, 22.8, 75.3, 3.5, '2025-02-14T09:00:00Z', '2025-06-22T15:00:00Z'),
('ik_enib_rp_2025_s2', 'enib', 'rp_2025_s2', 49.7, 23.8, 78.8, 3.5, '2025-09-10T09:00:00Z', '2026-01-25T15:00:00Z'),
('ik_enib_rp_2026_s2', 'enib', 'rp_2026_s2', 52.3, 23.4, 79.2, 3.6, '2026-02-08T09:00:00Z', '2026-04-25T10:00:00Z');

INSERT INTO finance_kpis (id, institution_id, reporting_period_id, budget_allocated, budget_consumed, cost_per_student, created_at, updated_at) VALUES
('fk_fsjpst_rp_2024_s2', 'fsjpst', 'rp_2024_s2', 12052621, 11079329, 5202, '2024-09-12T09:00:00Z', '2025-01-20T15:00:00Z'),
('fk_fsjpst_rp_2025_s1', 'fsjpst', 'rp_2025_s1', 12774041, 9217278, 5252, '2025-02-14T09:00:00Z', '2025-06-22T15:00:00Z'),
('fk_fsjpst_rp_2025_s2', 'fsjpst', 'rp_2025_s2', 13116012, 11054530, 5290, '2025-09-10T09:00:00Z', '2026-01-25T15:00:00Z'),
('fk_fsjpst_rp_2026_s2', 'fsjpst', 'rp_2026_s2', 13630080, 9162030, 5157, '2026-02-08T09:00:00Z', '2026-04-25T10:00:00Z'),
('fk_fsb_rp_2024_s2', 'fsb', 'rp_2024_s2', 13413119, 11563612, 5080, '2024-09-12T09:00:00Z', '2025-01-20T15:00:00Z'),
('fk_fsb_rp_2025_s1', 'fsb', 'rp_2025_s1', 13749770, 12403781, 5090, '2025-02-14T09:00:00Z', '2025-06-22T15:00:00Z'),
('fk_fsb_rp_2025_s2', 'fsb', 'rp_2025_s2', 14600608, 8333066, 5471, '2025-09-10T09:00:00Z', '2026-01-25T15:00:00Z'),
('fk_fsb_rp_2026_s2', 'fsb', 'rp_2026_s2', 14905759, 12475994, 5347, '2026-02-08T09:00:00Z', '2026-04-25T10:00:00Z'),
('fk_fsegn_rp_2024_s2', 'fsegn', 'rp_2024_s2', 11572523, 6670545, 5682, '2024-09-12T09:00:00Z', '2025-01-20T15:00:00Z'),
('fk_fsegn_rp_2025_s1', 'fsegn', 'rp_2025_s1', 11459150, 8295901, 6011, '2025-02-14T09:00:00Z', '2025-06-22T15:00:00Z'),
('fk_fsegn_rp_2025_s2', 'fsegn', 'rp_2025_s2', 11259682, 6993514, 6404, '2025-09-10T09:00:00Z', '2026-01-25T15:00:00Z'),
('fk_fsegn_rp_2026_s2', 'fsegn', 'rp_2026_s2', 11235817, 9678190, 6535, '2026-02-08T09:00:00Z', '2026-04-25T10:00:00Z'),
('fk_enau_rp_2024_s2', 'enau', 'rp_2024_s2', 11607577, 9894098, 7580, '2024-09-12T09:00:00Z', '2025-01-20T15:00:00Z'),
('fk_enau_rp_2025_s1', 'enau', 'rp_2025_s1', 11755348, 10067906, 7874, '2025-02-14T09:00:00Z', '2025-06-22T15:00:00Z'),
('fk_enau_rp_2025_s2', 'enau', 'rp_2025_s2', 12068933, 7182533, 8008, '2025-09-10T09:00:00Z', '2026-01-25T15:00:00Z'),
('fk_enau_rp_2026_s2', 'enau', 'rp_2026_s2', 12049733, 10052054, 8052, '2026-02-08T09:00:00Z', '2026-04-25T10:00:00Z'),
('fk_ept_rp_2024_s2', 'ept', 'rp_2024_s2', 15697297, 10079486, 5241, '2024-09-12T09:00:00Z', '2025-01-20T15:00:00Z'),
('fk_ept_rp_2025_s1', 'ept', 'rp_2025_s1', 15794364, 13193875, 5206, '2025-02-14T09:00:00Z', '2025-06-22T15:00:00Z'),
('fk_ept_rp_2025_s2', 'ept', 'rp_2025_s2', 16050450, 11458344, 5395, '2025-09-10T09:00:00Z', '2026-01-25T15:00:00Z'),
('fk_ept_rp_2026_s2', 'ept', 'rp_2026_s2', 16605200, 13664735, 5116, '2026-02-08T09:00:00Z', '2026-04-25T10:00:00Z'),
('fk_enicarthage_rp_2024_s2', 'enicarthage', 'rp_2024_s2', 10839450, 6096093, 6797, '2024-09-12T09:00:00Z', '2025-01-20T15:00:00Z'),
('fk_enicarthage_rp_2025_s1', 'enicarthage', 'rp_2025_s1', 10911773, 7862028, 7090, '2025-02-14T09:00:00Z', '2025-06-22T15:00:00Z'),
('fk_enicarthage_rp_2025_s2', 'enicarthage', 'rp_2025_s2', 10646655, 8892815, 7148, '2025-09-10T09:00:00Z', '2026-01-25T15:00:00Z'),
('fk_enicarthage_rp_2026_s2', 'enicarthage', 'rp_2026_s2', 10781881, 8009012, 7716, '2026-02-08T09:00:00Z', '2026-04-25T10:00:00Z'),
('fk_enstab_rp_2024_s2', 'enstab', 'rp_2024_s2', 11637421, 10629420, 4262, '2024-09-12T09:00:00Z', '2025-01-20T15:00:00Z'),
('fk_enstab_rp_2025_s1', 'enstab', 'rp_2025_s1', 11467532, 8313335, 4160, '2025-02-14T09:00:00Z', '2025-06-22T15:00:00Z'),
('fk_enstab_rp_2025_s2', 'enstab', 'rp_2025_s2', 11229657, 9007685, 4003, '2025-09-10T09:00:00Z', '2026-01-25T15:00:00Z'),
('fk_enstab_rp_2026_s2', 'enstab', 'rp_2026_s2', 11447500, 7618087, 3787, '2026-02-08T09:00:00Z', '2026-04-25T10:00:00Z'),
('fk_essai_rp_2024_s2', 'essai', 'rp_2024_s2', 12142941, 8130104, 6754, '2024-09-12T09:00:00Z', '2025-01-20T15:00:00Z'),
('fk_essai_rp_2025_s1', 'essai', 'rp_2025_s1', 12150064, 9510958, 6677, '2025-02-14T09:00:00Z', '2025-06-22T15:00:00Z'),
('fk_essai_rp_2025_s2', 'essai', 'rp_2025_s2', 12223403, 6913664, 6589, '2025-09-10T09:00:00Z', '2026-01-25T15:00:00Z'),
('fk_essai_rp_2026_s2', 'essai', 'rp_2026_s2', 12210350, 10950800, 6677, '2026-02-08T09:00:00Z', '2026-04-25T10:00:00Z'),
('fk_esac_rp_2024_s2', 'esac', 'rp_2024_s2', 13466086, 10001837, 4056, '2024-09-12T09:00:00Z', '2025-01-20T15:00:00Z'),
('fk_esac_rp_2025_s1', 'esac', 'rp_2025_s1', 13747560, 8849657, 4189, '2025-02-14T09:00:00Z', '2025-06-22T15:00:00Z'),
('fk_esac_rp_2025_s2', 'esac', 'rp_2025_s2', 14436149, 11350456, 4511, '2025-09-10T09:00:00Z', '2026-01-25T15:00:00Z'),
('fk_esac_rp_2026_s2', 'esac', 'rp_2026_s2', 14866204, 9269490, 4841, '2026-02-08T09:00:00Z', '2026-04-25T10:00:00Z'),
('fk_ipeib_rp_2024_s2', 'ipeib', 'rp_2024_s2', 6799413, 5972483, 3994, '2024-09-12T09:00:00Z', '2025-01-20T15:00:00Z'),
('fk_ipeib_rp_2025_s1', 'ipeib', 'rp_2025_s1', 6816339, 5927170, 4233, '2025-02-14T09:00:00Z', '2025-06-22T15:00:00Z'),
('fk_ipeib_rp_2025_s2', 'ipeib', 'rp_2025_s2', 6851176, 4320225, 4804, '2025-09-10T09:00:00Z', '2026-01-25T15:00:00Z'),
('fk_ipeib_rp_2026_s2', 'ipeib', 'rp_2026_s2', 6684899, 3956013, 4986, '2026-02-08T09:00:00Z', '2026-04-25T10:00:00Z'),
('fk_ihec_rp_2024_s2', 'ihec', 'rp_2024_s2', 10711163, 8399440, 6960, '2024-09-12T09:00:00Z', '2025-01-20T15:00:00Z'),
('fk_ihec_rp_2025_s1', 'ihec', 'rp_2025_s1', 11020287, 7384363, 7332, '2025-02-14T09:00:00Z', '2025-06-22T15:00:00Z'),
('fk_ihec_rp_2025_s2', 'ihec', 'rp_2025_s2', 10515934, 6434945, 7682, '2025-09-10T09:00:00Z', '2026-01-25T15:00:00Z'),
('fk_ihec_rp_2026_s2', 'ihec', 'rp_2026_s2', 10844644, 7072410, 7653, '2026-02-08T09:00:00Z', '2026-04-25T10:00:00Z'),
('fk_insat_rp_2024_s2', 'insat', 'rp_2024_s2', 4894830, 2908852, 7837, '2024-09-12T09:00:00Z', '2025-01-20T15:00:00Z'),
('fk_insat_rp_2025_s1', 'insat', 'rp_2025_s1', 5724179, 4819662, 8403, '2025-02-14T09:00:00Z', '2025-06-22T15:00:00Z'),
('fk_insat_rp_2025_s2', 'insat', 'rp_2025_s2', 6016373, 3328883, 8733, '2025-09-10T09:00:00Z', '2026-01-25T15:00:00Z'),
('fk_insat_rp_2026_s2', 'insat', 'rp_2026_s2', 6173671, 3491442, 9210, '2026-02-08T09:00:00Z', '2026-04-25T10:00:00Z'),
('fk_instm_rp_2024_s2', 'instm', 'rp_2024_s2', 6617366, 5557831, 6053, '2024-09-12T09:00:00Z', '2025-01-20T15:00:00Z'),
('fk_instm_rp_2025_s1', 'instm', 'rp_2025_s1', 7052369, 5118963, 6481, '2025-02-14T09:00:00Z', '2025-06-22T15:00:00Z'),
('fk_instm_rp_2025_s2', 'instm', 'rp_2025_s2', 7891300, 6081024, 7043, '2025-09-10T09:00:00Z', '2026-01-25T15:00:00Z'),
('fk_instm_rp_2026_s2', 'instm', 'rp_2026_s2', 7974771, 5481997, 7328, '2026-02-08T09:00:00Z', '2026-04-25T10:00:00Z'),
('fk_issatm_rp_2024_s2', 'issatm', 'rp_2024_s2', 9365774, 5461253, 5973, '2024-09-12T09:00:00Z', '2025-01-20T15:00:00Z'),
('fk_issatm_rp_2025_s1', 'issatm', 'rp_2025_s1', 9160261, 5572630, 6019, '2025-02-14T09:00:00Z', '2025-06-22T15:00:00Z'),
('fk_issatm_rp_2025_s2', 'issatm', 'rp_2025_s2', 9598552, 5603812, 6024, '2025-09-10T09:00:00Z', '2026-01-25T15:00:00Z'),
('fk_issatm_rp_2026_s2', 'issatm', 'rp_2026_s2', 9760483, 7602426, 5759, '2026-02-08T09:00:00Z', '2026-04-25T10:00:00Z'),
('fk_ipein_rp_2024_s2', 'ipein', 'rp_2024_s2', 8397621, 7510950, 4227, '2024-09-12T09:00:00Z', '2025-01-20T15:00:00Z'),
('fk_ipein_rp_2025_s1', 'ipein', 'rp_2025_s1', 8261930, 7591722, 4144, '2025-02-14T09:00:00Z', '2025-06-22T15:00:00Z'),
('fk_ipein_rp_2025_s2', 'ipein', 'rp_2025_s2', 8143792, 6362736, 4568, '2025-09-10T09:00:00Z', '2026-01-25T15:00:00Z'),
('fk_ipein_rp_2026_s2', 'ipein', 'rp_2026_s2', 7915599, 4528647, 4804, '2026-02-08T09:00:00Z', '2026-04-25T10:00:00Z'),
('fk_ipest_rp_2024_s2', 'ipest', 'rp_2024_s2', 10874849, 8574739, 4270, '2024-09-12T09:00:00Z', '2025-01-20T15:00:00Z'),
('fk_ipest_rp_2025_s1', 'ipest', 'rp_2025_s1', 10999308, 8903845, 4330, '2025-02-14T09:00:00Z', '2025-06-22T15:00:00Z'),
('fk_ipest_rp_2025_s2', 'ipest', 'rp_2025_s2', 11428404, 9632344, 4061, '2025-09-10T09:00:00Z', '2026-01-25T15:00:00Z'),
('fk_ipest_rp_2026_s2', 'ipest', 'rp_2026_s2', 11527378, 6876728, 4080, '2026-02-08T09:00:00Z', '2026-04-25T10:00:00Z'),
('fk_isban_rp_2024_s2', 'isban', 'rp_2024_s2', 7799361, 4961092, 4645, '2024-09-12T09:00:00Z', '2025-01-20T15:00:00Z'),
('fk_isban_rp_2025_s1', 'isban', 'rp_2025_s1', 8178897, 7469132, 4730, '2025-02-14T09:00:00Z', '2025-06-22T15:00:00Z'),
('fk_isban_rp_2025_s2', 'isban', 'rp_2025_s2', 8991098, 7568417, 4872, '2025-09-10T09:00:00Z', '2026-01-25T15:00:00Z'),
('fk_isban_rp_2026_s2', 'isban', 'rp_2026_s2', 9057791, 7517768, 4988, '2026-02-08T09:00:00Z', '2026-04-25T10:00:00Z'),
('fk_isteub_rp_2024_s2', 'isteub', 'rp_2024_s2', 13874271, 11765997, 4415, '2024-09-12T09:00:00Z', '2025-01-20T15:00:00Z'),
('fk_isteub_rp_2025_s1', 'isteub', 'rp_2025_s1', 13779305, 9815357, 4401, '2025-02-14T09:00:00Z', '2025-06-22T15:00:00Z'),
('fk_isteub_rp_2025_s2', 'isteub', 'rp_2025_s2', 13825097, 8590876, 4448, '2025-09-10T09:00:00Z', '2026-01-25T15:00:00Z'),
('fk_isteub_rp_2026_s2', 'isteub', 'rp_2026_s2', 14322980, 11530321, 4708, '2026-02-08T09:00:00Z', '2026-04-25T10:00:00Z'),
('fk_islt_rp_2024_s2', 'islt', 'rp_2024_s2', 4307836, 2940192, 6014, '2024-09-12T09:00:00Z', '2025-01-20T15:00:00Z'),
('fk_islt_rp_2025_s1', 'islt', 'rp_2025_s1', 4314196, 2587874, 6092, '2025-02-14T09:00:00Z', '2025-06-22T15:00:00Z'),
('fk_islt_rp_2025_s2', 'islt', 'rp_2025_s2', 4455058, 3931612, 6736, '2025-09-10T09:00:00Z', '2026-01-25T15:00:00Z'),
('fk_islt_rp_2026_s2', 'islt', 'rp_2026_s2', 4047594, 2952969, 6907, '2026-02-08T09:00:00Z', '2026-04-25T10:00:00Z'),
('fk_isln_rp_2024_s2', 'isln', 'rp_2024_s2', 6522254, 4643029, 7279, '2024-09-12T09:00:00Z', '2025-01-20T15:00:00Z'),
('fk_isln_rp_2025_s1', 'isln', 'rp_2025_s1', 6904545, 4550401, 7437, '2025-02-14T09:00:00Z', '2025-06-22T15:00:00Z'),
('fk_isln_rp_2025_s2', 'isln', 'rp_2025_s2', 6768611, 5468387, 7925, '2025-09-10T09:00:00Z', '2026-01-25T15:00:00Z'),
('fk_isln_rp_2026_s2', 'isln', 'rp_2026_s2', 6996230, 4339181, 8192, '2026-02-08T09:00:00Z', '2026-04-25T10:00:00Z'),
('fk_isste_rp_2024_s2', 'isste', 'rp_2024_s2', 13110701, 8116204, 7350, '2024-09-12T09:00:00Z', '2025-01-20T15:00:00Z'),
('fk_isste_rp_2025_s1', 'isste', 'rp_2025_s1', 13562012, 9203668, 7275, '2025-02-14T09:00:00Z', '2025-06-22T15:00:00Z'),
('fk_isste_rp_2025_s2', 'isste', 'rp_2025_s2', 13652085, 11208210, 7144, '2025-09-10T09:00:00Z', '2026-01-25T15:00:00Z'),
('fk_isste_rp_2026_s2', 'isste', 'rp_2026_s2', 14291460, 9316174, 7035, '2026-02-08T09:00:00Z', '2026-04-25T10:00:00Z'),
('fk_istic_rp_2024_s2', 'istic', 'rp_2024_s2', 14159711, 12143358, 6893, '2024-09-12T09:00:00Z', '2025-01-20T15:00:00Z'),
('fk_istic_rp_2025_s1', 'istic', 'rp_2025_s1', 14642113, 13007399, 7244, '2025-02-14T09:00:00Z', '2025-06-22T15:00:00Z'),
('fk_istic_rp_2025_s2', 'istic', 'rp_2025_s2', 14617116, 11038444, 7368, '2025-09-10T09:00:00Z', '2026-01-25T15:00:00Z'),
('fk_istic_rp_2026_s2', 'istic', 'rp_2026_s2', 15102666, 8691347, 7654, '2026-02-08T09:00:00Z', '2026-04-25T10:00:00Z'),
('fk_isgb_rp_2024_s2', 'isgb', 'rp_2024_s2', 14771154, 8971399, 5532, '2024-09-12T09:00:00Z', '2025-01-20T15:00:00Z'),
('fk_isgb_rp_2025_s1', 'isgb', 'rp_2025_s1', 14534751, 9584198, 5901, '2025-02-14T09:00:00Z', '2025-06-22T15:00:00Z'),
('fk_isgb_rp_2025_s2', 'isgb', 'rp_2025_s2', 14693426, 9513100, 5865, '2025-09-10T09:00:00Z', '2026-01-25T15:00:00Z'),
('fk_isgb_rp_2026_s2', 'isgb', 'rp_2026_s2', 15076161, 10339709, 6281, '2026-02-08T09:00:00Z', '2026-04-25T10:00:00Z'),
('fk_isepbg_rp_2024_s2', 'isepbg', 'rp_2024_s2', 4603179, 2532974, 6939, '2024-09-12T09:00:00Z', '2025-01-20T15:00:00Z'),
('fk_isepbg_rp_2025_s1', 'isepbg', 'rp_2025_s1', 4620325, 3631897, 7038, '2025-02-14T09:00:00Z', '2025-06-22T15:00:00Z'),
('fk_isepbg_rp_2025_s2', 'isepbg', 'rp_2025_s2', 4568161, 3153155, 7304, '2025-09-10T09:00:00Z', '2026-01-25T15:00:00Z'),
('fk_isepbg_rp_2026_s2', 'isepbg', 'rp_2026_s2', 4573798, 2829569, 7727, '2026-02-08T09:00:00Z', '2026-04-25T10:00:00Z'),
('fk_supcom_rp_2024_s2', 'supcom', 'rp_2024_s2', 8904111, 4958934, 5112, '2024-09-12T09:00:00Z', '2025-01-20T15:00:00Z'),
('fk_supcom_rp_2025_s1', 'supcom', 'rp_2025_s1', 9131553, 7917301, 5452, '2025-02-14T09:00:00Z', '2025-06-22T15:00:00Z'),
('fk_supcom_rp_2025_s2', 'supcom', 'rp_2025_s2', 9625798, 8058007, 5363, '2025-09-10T09:00:00Z', '2026-01-25T15:00:00Z'),
('fk_supcom_rp_2026_s2', 'supcom', 'rp_2026_s2', 9874558, 6303434, 5542, '2026-02-08T09:00:00Z', '2026-04-25T10:00:00Z'),
('fk_esamograne_rp_2024_s2', 'esamograne', 'rp_2024_s2', 7636408, 6237199, 3966, '2024-09-12T09:00:00Z', '2025-01-20T15:00:00Z'),
('fk_esamograne_rp_2025_s1', 'esamograne', 'rp_2025_s1', 7673634, 6089543, 4273, '2025-02-14T09:00:00Z', '2025-06-22T15:00:00Z'),
('fk_esamograne_rp_2025_s2', 'esamograne', 'rp_2025_s2', 7852494, 5884768, 4442, '2025-09-10T09:00:00Z', '2026-01-25T15:00:00Z'),
('fk_esamograne_rp_2026_s2', 'esamograne', 'rp_2026_s2', 7825520, 5425993, 4973, '2026-02-08T09:00:00Z', '2026-04-25T10:00:00Z'),
('fk_esamateur_rp_2024_s2', 'esamateur', 'rp_2024_s2', 14657438, 10903753, 4904, '2024-09-12T09:00:00Z', '2025-01-20T15:00:00Z'),
('fk_esamateur_rp_2025_s1', 'esamateur', 'rp_2025_s1', 14890067, 10930696, 5171, '2025-02-14T09:00:00Z', '2025-06-22T15:00:00Z'),
('fk_esamateur_rp_2025_s2', 'esamateur', 'rp_2025_s2', 15265027, 11510488, 5695, '2025-09-10T09:00:00Z', '2026-01-25T15:00:00Z'),
('fk_esamateur_rp_2026_s2', 'esamateur', 'rp_2026_s2', 15557078, 12085119, 5988, '2026-02-08T09:00:00Z', '2026-04-25T10:00:00Z'),
('fk_esiat_rp_2024_s2', 'esiat', 'rp_2024_s2', 9213989, 6167494, 4858, '2024-09-12T09:00:00Z', '2025-01-20T15:00:00Z'),
('fk_esiat_rp_2025_s1', 'esiat', 'rp_2025_s1', 9666123, 7608538, 5215, '2025-02-14T09:00:00Z', '2025-06-22T15:00:00Z'),
('fk_esiat_rp_2025_s2', 'esiat', 'rp_2025_s2', 10328597, 6102875, 5780, '2025-09-10T09:00:00Z', '2026-01-25T15:00:00Z'),
('fk_esiat_rp_2026_s2', 'esiat', 'rp_2026_s2', 10499296, 7807110, 5907, '2026-02-08T09:00:00Z', '2026-04-25T10:00:00Z'),
('fk_ispab_rp_2024_s2', 'ispab', 'rp_2024_s2', 7428041, 4268683, 7435, '2024-09-12T09:00:00Z', '2025-01-20T15:00:00Z'),
('fk_ispab_rp_2025_s1', 'ispab', 'rp_2025_s1', 7568787, 6501751, 7652, '2025-02-14T09:00:00Z', '2025-06-22T15:00:00Z'),
('fk_ispab_rp_2025_s2', 'ispab', 'rp_2025_s2', 8249304, 4933219, 8008, '2025-09-10T09:00:00Z', '2026-01-25T15:00:00Z'),
('fk_ispab_rp_2026_s2', 'ispab', 'rp_2026_s2', 8381525, 7318683, 8204, '2026-02-08T09:00:00Z', '2026-04-25T10:00:00Z'),
('fk_intes_rp_2024_s2', 'intes', 'rp_2024_s2', 8449053, 5278708, 5814, '2024-09-12T09:00:00Z', '2025-01-20T15:00:00Z'),
('fk_intes_rp_2025_s1', 'intes', 'rp_2025_s1', 8840884, 6450194, 5805, '2025-02-14T09:00:00Z', '2025-06-22T15:00:00Z'),
('fk_intes_rp_2025_s2', 'intes', 'rp_2025_s2', 9573942, 5615488, 6055, '2025-09-10T09:00:00Z', '2026-01-25T15:00:00Z'),
('fk_intes_rp_2026_s2', 'intes', 'rp_2026_s2', 9957755, 7580585, 5911, '2026-02-08T09:00:00Z', '2026-04-25T10:00:00Z'),
('fk_isce_rp_2024_s2', 'isce', 'rp_2024_s2', 15249506, 13105895, 6875, '2024-09-12T09:00:00Z', '2025-01-20T15:00:00Z'),
('fk_isce_rp_2025_s1', 'isce', 'rp_2025_s1', 15275111, 12119744, 7055, '2025-02-14T09:00:00Z', '2025-06-22T15:00:00Z'),
('fk_isce_rp_2025_s2', 'isce', 'rp_2025_s2', 15285128, 11380601, 7180, '2025-09-10T09:00:00Z', '2026-01-25T15:00:00Z'),
('fk_isce_rp_2026_s2', 'isce', 'rp_2026_s2', 15355839, 12430339, 7316, '2026-02-08T09:00:00Z', '2026-04-25T10:00:00Z'),
('fk_inat_rp_2024_s2', 'inat', 'rp_2024_s2', 11972732, 7718787, 6023, '2024-09-12T09:00:00Z', '2025-01-20T15:00:00Z'),
('fk_inat_rp_2025_s1', 'inat', 'rp_2025_s1', 11600638, 7952828, 6158, '2025-02-14T09:00:00Z', '2025-06-22T15:00:00Z'),
('fk_inat_rp_2025_s2', 'inat', 'rp_2025_s2', 11828122, 9157365, 6116, '2025-09-10T09:00:00Z', '2026-01-25T15:00:00Z'),
('fk_inat_rp_2026_s2', 'inat', 'rp_2026_s2', 11605677, 6687462, 5820, '2026-02-08T09:00:00Z', '2026-04-25T10:00:00Z'),
('fk_ihet_rp_2024_s2', 'ihet', 'rp_2024_s2', 6172720, 5519510, 5705, '2024-09-12T09:00:00Z', '2025-01-20T15:00:00Z'),
('fk_ihet_rp_2025_s1', 'ihet', 'rp_2025_s1', 6176931, 3874375, 5886, '2025-02-14T09:00:00Z', '2025-06-22T15:00:00Z'),
('fk_ihet_rp_2025_s2', 'ihet', 'rp_2025_s2', 6079709, 4449252, 5971, '2025-09-10T09:00:00Z', '2026-01-25T15:00:00Z'),
('fk_ihet_rp_2026_s2', 'ihet', 'rp_2026_s2', 6136413, 5395219, 6258, '2026-02-08T09:00:00Z', '2026-04-25T10:00:00Z'),
('fk_inrat_rp_2024_s2', 'inrat', 'rp_2024_s2', 12028441, 6971492, 5714, '2024-09-12T09:00:00Z', '2025-01-20T15:00:00Z'),
('fk_inrat_rp_2025_s1', 'inrat', 'rp_2025_s1', 12076247, 10221062, 5861, '2025-02-14T09:00:00Z', '2025-06-22T15:00:00Z'),
('fk_inrat_rp_2025_s2', 'inrat', 'rp_2025_s2', 12526031, 7170640, 5763, '2025-09-10T09:00:00Z', '2026-01-25T15:00:00Z'),
('fk_inrat_rp_2026_s2', 'inrat', 'rp_2026_s2', 12985572, 9823161, 5800, '2026-02-08T09:00:00Z', '2026-04-25T10:00:00Z'),
('fk_enib_rp_2024_s2', 'enib', 'rp_2024_s2', 9921871, 8901408, 5322, '2024-09-12T09:00:00Z', '2025-01-20T15:00:00Z'),
('fk_enib_rp_2025_s1', 'enib', 'rp_2025_s1', 9854608, 6936685, 5164, '2025-02-14T09:00:00Z', '2025-06-22T15:00:00Z'),
('fk_enib_rp_2025_s2', 'enib', 'rp_2025_s2', 10044847, 6896343, 5633, '2025-09-10T09:00:00Z', '2026-01-25T15:00:00Z'),
('fk_enib_rp_2026_s2', 'enib', 'rp_2026_s2', 9868439, 8014361, 5663, '2026-02-08T09:00:00Z', '2026-04-25T10:00:00Z');

INSERT INTO esg_kpis (id, institution_id, reporting_period_id, energy_consumption_index, carbon_footprint_index, recycling_rate, mobility_index, created_at, updated_at) VALUES
('ek_fsjpst_rp_2024_s2', 'fsjpst', 'rp_2024_s2', 62.8, 49.3, 25.7, 42.0, '2024-09-12T09:00:00Z', '2025-01-20T15:00:00Z'),
('ek_fsjpst_rp_2025_s1', 'fsjpst', 'rp_2025_s1', 63.8, 48.1, 26.4, 42.9, '2025-02-14T09:00:00Z', '2025-06-22T15:00:00Z'),
('ek_fsjpst_rp_2025_s2', 'fsjpst', 'rp_2025_s2', 63.7, 48.2, 27.3, 44.2, '2025-09-10T09:00:00Z', '2026-01-25T15:00:00Z'),
('ek_fsjpst_rp_2026_s2', 'fsjpst', 'rp_2026_s2', 64.9, 46.6, 28.1, 45.1, '2026-02-08T09:00:00Z', '2026-04-25T10:00:00Z'),
('ek_fsb_rp_2024_s2', 'fsb', 'rp_2024_s2', 72.9, 51.2, 35.9, 58.3, '2024-09-12T09:00:00Z', '2025-01-20T15:00:00Z'),
('ek_fsb_rp_2025_s1', 'fsb', 'rp_2025_s1', 74.4, 50.5, 36.0, 59.9, '2025-02-14T09:00:00Z', '2025-06-22T15:00:00Z'),
('ek_fsb_rp_2025_s2', 'fsb', 'rp_2025_s2', 74.3, 51.2, 37.2, 60.4, '2025-09-10T09:00:00Z', '2026-01-25T15:00:00Z'),
('ek_fsb_rp_2026_s2', 'fsb', 'rp_2026_s2', 75.8, 50.7, 37.5, 62.3, '2026-02-08T09:00:00Z', '2026-04-25T10:00:00Z'),
('ek_fsegn_rp_2024_s2', 'fsegn', 'rp_2024_s2', 56.3, 47.2, 27.8, 46.3, '2024-09-12T09:00:00Z', '2025-01-20T15:00:00Z'),
('ek_fsegn_rp_2025_s1', 'fsegn', 'rp_2025_s1', 56.5, 48.0, 28.0, 47.6, '2025-02-14T09:00:00Z', '2025-06-22T15:00:00Z'),
('ek_fsegn_rp_2025_s2', 'fsegn', 'rp_2025_s2', 56.7, 49.2, 28.3, 48.0, '2025-09-10T09:00:00Z', '2026-01-25T15:00:00Z'),
('ek_fsegn_rp_2026_s2', 'fsegn', 'rp_2026_s2', 57.0, 49.7, 28.8, 47.9, '2026-02-08T09:00:00Z', '2026-04-25T10:00:00Z'),
('ek_enau_rp_2024_s2', 'enau', 'rp_2024_s2', 72.5, 66.9, 26.7, 41.4, '2024-09-12T09:00:00Z', '2025-01-20T15:00:00Z'),
('ek_enau_rp_2025_s1', 'enau', 'rp_2025_s1', 71.8, 67.2, 28.5, 41.9, '2025-02-14T09:00:00Z', '2025-06-22T15:00:00Z'),
('ek_enau_rp_2025_s2', 'enau', 'rp_2025_s2', 72.2, 68.0, 30.2, 42.9, '2025-09-10T09:00:00Z', '2026-01-25T15:00:00Z'),
('ek_enau_rp_2026_s2', 'enau', 'rp_2026_s2', 72.8, 68.1, 31.2, 44.4, '2026-02-08T09:00:00Z', '2026-04-25T10:00:00Z'),
('ek_ept_rp_2024_s2', 'ept', 'rp_2024_s2', 75.1, 51.8, 40.4, 56.8, '2024-09-12T09:00:00Z', '2025-01-20T15:00:00Z'),
('ek_ept_rp_2025_s1', 'ept', 'rp_2025_s1', 75.3, 50.7, 40.8, 56.9, '2025-02-14T09:00:00Z', '2025-06-22T15:00:00Z'),
('ek_ept_rp_2025_s2', 'ept', 'rp_2025_s2', 76.1, 51.0, 41.5, 57.5, '2025-09-10T09:00:00Z', '2026-01-25T15:00:00Z'),
('ek_ept_rp_2026_s2', 'ept', 'rp_2026_s2', 76.7, 50.7, 41.8, 57.8, '2026-02-08T09:00:00Z', '2026-04-25T10:00:00Z'),
('ek_enicarthage_rp_2024_s2', 'enicarthage', 'rp_2024_s2', 75.1, 56.4, 28.0, 57.5, '2024-09-12T09:00:00Z', '2025-01-20T15:00:00Z'),
('ek_enicarthage_rp_2025_s1', 'enicarthage', 'rp_2025_s1', 75.7, 57.3, 29.1, 58.9, '2025-02-14T09:00:00Z', '2025-06-22T15:00:00Z'),
('ek_enicarthage_rp_2025_s2', 'enicarthage', 'rp_2025_s2', 75.3, 59.0, 30.8, 60.0, '2025-09-10T09:00:00Z', '2026-01-25T15:00:00Z'),
('ek_enicarthage_rp_2026_s2', 'enicarthage', 'rp_2026_s2', 75.1, 59.0, 31.9, 61.2, '2026-02-08T09:00:00Z', '2026-04-25T10:00:00Z'),
('ek_enstab_rp_2024_s2', 'enstab', 'rp_2024_s2', 75.2, 64.0, 22.3, 48.4, '2024-09-12T09:00:00Z', '2025-01-20T15:00:00Z'),
('ek_enstab_rp_2025_s1', 'enstab', 'rp_2025_s1', 75.1, 64.3, 23.7, 49.3, '2025-02-14T09:00:00Z', '2025-06-22T15:00:00Z'),
('ek_enstab_rp_2025_s2', 'enstab', 'rp_2025_s2', 74.3, 64.8, 25.4, 50.4, '2025-09-10T09:00:00Z', '2026-01-25T15:00:00Z'),
('ek_enstab_rp_2026_s2', 'enstab', 'rp_2026_s2', 73.6, 64.4, 26.6, 51.4, '2026-02-08T09:00:00Z', '2026-04-25T10:00:00Z'),
('ek_essai_rp_2024_s2', 'essai', 'rp_2024_s2', 65.7, 71.5, 46.3, 42.3, '2024-09-12T09:00:00Z', '2025-01-20T15:00:00Z'),
('ek_essai_rp_2025_s1', 'essai', 'rp_2025_s1', 66.1, 70.6, 46.8, 43.2, '2025-02-14T09:00:00Z', '2025-06-22T15:00:00Z'),
('ek_essai_rp_2025_s2', 'essai', 'rp_2025_s2', 66.1, 70.2, 46.7, 45.1, '2025-09-10T09:00:00Z', '2026-01-25T15:00:00Z'),
('ek_essai_rp_2026_s2', 'essai', 'rp_2026_s2', 65.8, 69.6, 48.1, 45.5, '2026-02-08T09:00:00Z', '2026-04-25T10:00:00Z'),
('ek_esac_rp_2024_s2', 'esac', 'rp_2024_s2', 71.5, 52.6, 35.4, 54.3, '2024-09-12T09:00:00Z', '2025-01-20T15:00:00Z'),
('ek_esac_rp_2025_s1', 'esac', 'rp_2025_s1', 70.9, 53.1, 36.8, 55.5, '2025-02-14T09:00:00Z', '2025-06-22T15:00:00Z'),
('ek_esac_rp_2025_s2', 'esac', 'rp_2025_s2', 69.9, 54.1, 38.4, 56.4, '2025-09-10T09:00:00Z', '2026-01-25T15:00:00Z'),
('ek_esac_rp_2026_s2', 'esac', 'rp_2026_s2', 69.9, 55.2, 39.1, 56.8, '2026-02-08T09:00:00Z', '2026-04-25T10:00:00Z'),
('ek_ipeib_rp_2024_s2', 'ipeib', 'rp_2024_s2', 53.9, 59.7, 43.1, 53.3, '2024-09-12T09:00:00Z', '2025-01-20T15:00:00Z'),
('ek_ipeib_rp_2025_s1', 'ipeib', 'rp_2025_s1', 53.9, 58.6, 44.1, 53.4, '2025-02-14T09:00:00Z', '2025-06-22T15:00:00Z'),
('ek_ipeib_rp_2025_s2', 'ipeib', 'rp_2025_s2', 54.9, 57.7, 45.6, 54.2, '2025-09-10T09:00:00Z', '2026-01-25T15:00:00Z'),
('ek_ipeib_rp_2026_s2', 'ipeib', 'rp_2026_s2', 54.7, 57.9, 46.0, 55.6, '2026-02-08T09:00:00Z', '2026-04-25T10:00:00Z'),
('ek_ihec_rp_2024_s2', 'ihec', 'rp_2024_s2', 47.9, 60.3, 37.9, 49.9, '2024-09-12T09:00:00Z', '2025-01-20T15:00:00Z'),
('ek_ihec_rp_2025_s1', 'ihec', 'rp_2025_s1', 47.5, 61.0, 38.8, 50.1, '2025-02-14T09:00:00Z', '2025-06-22T15:00:00Z'),
('ek_ihec_rp_2025_s2', 'ihec', 'rp_2025_s2', 47.4, 61.4, 40.1, 51.7, '2025-09-10T09:00:00Z', '2026-01-25T15:00:00Z'),
('ek_ihec_rp_2026_s2', 'ihec', 'rp_2026_s2', 47.6, 62.6, 40.5, 52.1, '2026-02-08T09:00:00Z', '2026-04-25T10:00:00Z'),
('ek_insat_rp_2024_s2', 'insat', 'rp_2024_s2', 65.9, 63.6, 43.6, 48.4, '2024-09-12T09:00:00Z', '2025-01-20T15:00:00Z'),
('ek_insat_rp_2025_s1', 'insat', 'rp_2025_s1', 66.8, 63.2, 44.5, 48.2, '2025-02-14T09:00:00Z', '2025-06-22T15:00:00Z'),
('ek_insat_rp_2025_s2', 'insat', 'rp_2025_s2', 67.0, 63.0, 44.7, 48.0, '2025-09-10T09:00:00Z', '2026-01-25T15:00:00Z'),
('ek_insat_rp_2026_s2', 'insat', 'rp_2026_s2', 68.0, 62.1, 46.1, 48.0, '2026-02-08T09:00:00Z', '2026-04-25T10:00:00Z'),
('ek_instm_rp_2024_s2', 'instm', 'rp_2024_s2', 64.0, 69.0, 26.4, 42.7, '2024-09-12T09:00:00Z', '2025-01-20T15:00:00Z'),
('ek_instm_rp_2025_s1', 'instm', 'rp_2025_s1', 64.0, 68.7, 28.0, 43.2, '2025-02-14T09:00:00Z', '2025-06-22T15:00:00Z'),
('ek_instm_rp_2025_s2', 'instm', 'rp_2025_s2', 63.5, 69.8, 29.4, 43.8, '2025-09-10T09:00:00Z', '2026-01-25T15:00:00Z'),
('ek_instm_rp_2026_s2', 'instm', 'rp_2026_s2', 64.2, 69.6, 31.1, 44.9, '2026-02-08T09:00:00Z', '2026-04-25T10:00:00Z'),
('ek_issatm_rp_2024_s2', 'issatm', 'rp_2024_s2', 55.9, 56.2, 22.7, 57.3, '2024-09-12T09:00:00Z', '2025-01-20T15:00:00Z'),
('ek_issatm_rp_2025_s1', 'issatm', 'rp_2025_s1', 55.4, 56.4, 23.3, 58.5, '2025-02-14T09:00:00Z', '2025-06-22T15:00:00Z'),
('ek_issatm_rp_2025_s2', 'issatm', 'rp_2025_s2', 55.2, 56.6, 24.6, 58.0, '2025-09-10T09:00:00Z', '2026-01-25T15:00:00Z'),
('ek_issatm_rp_2026_s2', 'issatm', 'rp_2026_s2', 54.9, 56.6, 25.7, 59.0, '2026-02-08T09:00:00Z', '2026-04-25T10:00:00Z'),
('ek_ipein_rp_2024_s2', 'ipein', 'rp_2024_s2', 61.7, 57.5, 25.9, 44.8, '2024-09-12T09:00:00Z', '2025-01-20T15:00:00Z'),
('ek_ipein_rp_2025_s1', 'ipein', 'rp_2025_s1', 62.0, 58.3, 27.1, 44.9, '2025-02-14T09:00:00Z', '2025-06-22T15:00:00Z'),
('ek_ipein_rp_2025_s2', 'ipein', 'rp_2025_s2', 63.2, 59.1, 27.2, 45.1, '2025-09-10T09:00:00Z', '2026-01-25T15:00:00Z'),
('ek_ipein_rp_2026_s2', 'ipein', 'rp_2026_s2', 64.0, 58.6, 28.6, 45.3, '2026-02-08T09:00:00Z', '2026-04-25T10:00:00Z'),
('ek_ipest_rp_2024_s2', 'ipest', 'rp_2024_s2', 58.2, 69.1, 26.1, 52.2, '2024-09-12T09:00:00Z', '2025-01-20T15:00:00Z'),
('ek_ipest_rp_2025_s1', 'ipest', 'rp_2025_s1', 57.8, 69.8, 27.7, 53.3, '2025-02-14T09:00:00Z', '2025-06-22T15:00:00Z'),
('ek_ipest_rp_2025_s2', 'ipest', 'rp_2025_s2', 58.2, 68.9, 28.2, 55.2, '2025-09-10T09:00:00Z', '2026-01-25T15:00:00Z'),
('ek_ipest_rp_2026_s2', 'ipest', 'rp_2026_s2', 58.5, 69.1, 30.1, 55.9, '2026-02-08T09:00:00Z', '2026-04-25T10:00:00Z'),
('ek_isban_rp_2024_s2', 'isban', 'rp_2024_s2', 46.6, 69.5, 48.5, 38.7, '2024-09-12T09:00:00Z', '2025-01-20T15:00:00Z'),
('ek_isban_rp_2025_s1', 'isban', 'rp_2025_s1', 46.7, 69.5, 49.7, 39.8, '2025-02-14T09:00:00Z', '2025-06-22T15:00:00Z'),
('ek_isban_rp_2025_s2', 'isban', 'rp_2025_s2', 46.4, 69.2, 50.0, 40.6, '2025-09-10T09:00:00Z', '2026-01-25T15:00:00Z'),
('ek_isban_rp_2026_s2', 'isban', 'rp_2026_s2', 45.9, 68.7, 50.4, 42.0, '2026-02-08T09:00:00Z', '2026-04-25T10:00:00Z'),
('ek_isteub_rp_2024_s2', 'isteub', 'rp_2024_s2', 70.0, 66.8, 21.9, 58.1, '2024-09-12T09:00:00Z', '2025-01-20T15:00:00Z'),
('ek_isteub_rp_2025_s1', 'isteub', 'rp_2025_s1', 68.9, 66.6, 22.8, 58.5, '2025-02-14T09:00:00Z', '2025-06-22T15:00:00Z'),
('ek_isteub_rp_2025_s2', 'isteub', 'rp_2025_s2', 68.6, 67.2, 24.4, 59.0, '2025-09-10T09:00:00Z', '2026-01-25T15:00:00Z'),
('ek_isteub_rp_2026_s2', 'isteub', 'rp_2026_s2', 68.7, 67.9, 25.4, 59.2, '2026-02-08T09:00:00Z', '2026-04-25T10:00:00Z'),
('ek_islt_rp_2024_s2', 'islt', 'rp_2024_s2', 74.7, 56.7, 49.5, 55.4, '2024-09-12T09:00:00Z', '2025-01-20T15:00:00Z'),
('ek_islt_rp_2025_s1', 'islt', 'rp_2025_s1', 75.0, 56.7, 51.3, 55.0, '2025-02-14T09:00:00Z', '2025-06-22T15:00:00Z'),
('ek_islt_rp_2025_s2', 'islt', 'rp_2025_s2', 75.5, 57.2, 52.4, 55.1, '2025-09-10T09:00:00Z', '2026-01-25T15:00:00Z'),
('ek_islt_rp_2026_s2', 'islt', 'rp_2026_s2', 76.4, 57.7, 53.8, 55.3, '2026-02-08T09:00:00Z', '2026-04-25T10:00:00Z'),
('ek_isln_rp_2024_s2', 'isln', 'rp_2024_s2', 46.4, 57.1, 33.1, 48.6, '2024-09-12T09:00:00Z', '2025-01-20T15:00:00Z'),
('ek_isln_rp_2025_s1', 'isln', 'rp_2025_s1', 46.2, 57.2, 34.4, 49.0, '2025-02-14T09:00:00Z', '2025-06-22T15:00:00Z'),
('ek_isln_rp_2025_s2', 'isln', 'rp_2025_s2', 46.7, 57.8, 35.8, 49.9, '2025-09-10T09:00:00Z', '2026-01-25T15:00:00Z'),
('ek_isln_rp_2026_s2', 'isln', 'rp_2026_s2', 46.4, 58.2, 36.7, 50.4, '2026-02-08T09:00:00Z', '2026-04-25T10:00:00Z'),
('ek_isste_rp_2024_s2', 'isste', 'rp_2024_s2', 71.2, 48.9, 46.8, 59.0, '2024-09-12T09:00:00Z', '2025-01-20T15:00:00Z'),
('ek_isste_rp_2025_s1', 'isste', 'rp_2025_s1', 72.2, 49.4, 47.6, 59.1, '2025-02-14T09:00:00Z', '2025-06-22T15:00:00Z'),
('ek_isste_rp_2025_s2', 'isste', 'rp_2025_s2', 72.5, 50.1, 48.7, 60.3, '2025-09-10T09:00:00Z', '2026-01-25T15:00:00Z'),
('ek_isste_rp_2026_s2', 'isste', 'rp_2026_s2', 72.9, 51.8, 49.6, 60.1, '2026-02-08T09:00:00Z', '2026-04-25T10:00:00Z'),
('ek_istic_rp_2024_s2', 'istic', 'rp_2024_s2', 58.3, 71.2, 47.2, 43.0, '2024-09-12T09:00:00Z', '2025-01-20T15:00:00Z'),
('ek_istic_rp_2025_s1', 'istic', 'rp_2025_s1', 57.2, 71.4, 47.1, 44.6, '2025-02-14T09:00:00Z', '2025-06-22T15:00:00Z'),
('ek_istic_rp_2025_s2', 'istic', 'rp_2025_s2', 57.3, 71.5, 47.3, 45.7, '2025-09-10T09:00:00Z', '2026-01-25T15:00:00Z'),
('ek_istic_rp_2026_s2', 'istic', 'rp_2026_s2', 57.0, 72.9, 47.4, 47.0, '2026-02-08T09:00:00Z', '2026-04-25T10:00:00Z'),
('ek_isgb_rp_2024_s2', 'isgb', 'rp_2024_s2', 52.9, 54.1, 42.5, 53.1, '2024-09-12T09:00:00Z', '2025-01-20T15:00:00Z'),
('ek_isgb_rp_2025_s1', 'isgb', 'rp_2025_s1', 52.6, 54.2, 42.8, 54.4, '2025-02-14T09:00:00Z', '2025-06-22T15:00:00Z'),
('ek_isgb_rp_2025_s2', 'isgb', 'rp_2025_s2', 53.4, 53.8, 43.9, 54.6, '2025-09-10T09:00:00Z', '2026-01-25T15:00:00Z'),
('ek_isgb_rp_2026_s2', 'isgb', 'rp_2026_s2', 53.3, 53.7, 44.2, 55.0, '2026-02-08T09:00:00Z', '2026-04-25T10:00:00Z'),
('ek_isepbg_rp_2024_s2', 'isepbg', 'rp_2024_s2', 61.4, 49.4, 32.2, 57.8, '2024-09-12T09:00:00Z', '2025-01-20T15:00:00Z'),
('ek_isepbg_rp_2025_s1', 'isepbg', 'rp_2025_s1', 61.3, 48.8, 33.8, 57.7, '2025-02-14T09:00:00Z', '2025-06-22T15:00:00Z'),
('ek_isepbg_rp_2025_s2', 'isepbg', 'rp_2025_s2', 61.0, 49.4, 33.9, 58.1, '2025-09-10T09:00:00Z', '2026-01-25T15:00:00Z'),
('ek_isepbg_rp_2026_s2', 'isepbg', 'rp_2026_s2', 60.4, 49.1, 34.6, 57.8, '2026-02-08T09:00:00Z', '2026-04-25T10:00:00Z'),
('ek_supcom_rp_2024_s2', 'supcom', 'rp_2024_s2', 52.2, 59.4, 44.7, 44.4, '2024-09-12T09:00:00Z', '2025-01-20T15:00:00Z'),
('ek_supcom_rp_2025_s1', 'supcom', 'rp_2025_s1', 51.8, 60.2, 44.9, 45.2, '2025-02-14T09:00:00Z', '2025-06-22T15:00:00Z'),
('ek_supcom_rp_2025_s2', 'supcom', 'rp_2025_s2', 51.4, 60.5, 45.5, 46.4, '2025-09-10T09:00:00Z', '2026-01-25T15:00:00Z'),
('ek_supcom_rp_2026_s2', 'supcom', 'rp_2026_s2', 51.8, 60.9, 45.5, 47.5, '2026-02-08T09:00:00Z', '2026-04-25T10:00:00Z'),
('ek_esamograne_rp_2024_s2', 'esamograne', 'rp_2024_s2', 50.8, 64.7, 46.3, 61.6, '2024-09-12T09:00:00Z', '2025-01-20T15:00:00Z'),
('ek_esamograne_rp_2025_s1', 'esamograne', 'rp_2025_s1', 51.1, 65.0, 47.4, 61.9, '2025-02-14T09:00:00Z', '2025-06-22T15:00:00Z'),
('ek_esamograne_rp_2025_s2', 'esamograne', 'rp_2025_s2', 51.1, 64.2, 48.7, 61.8, '2025-09-10T09:00:00Z', '2026-01-25T15:00:00Z'),
('ek_esamograne_rp_2026_s2', 'esamograne', 'rp_2026_s2', 51.0, 63.7, 49.9, 62.3, '2026-02-08T09:00:00Z', '2026-04-25T10:00:00Z'),
('ek_esamateur_rp_2024_s2', 'esamateur', 'rp_2024_s2', 55.0, 66.0, 34.7, 38.3, '2024-09-12T09:00:00Z', '2025-01-20T15:00:00Z'),
('ek_esamateur_rp_2025_s1', 'esamateur', 'rp_2025_s1', 54.7, 65.7, 36.3, 39.1, '2025-02-14T09:00:00Z', '2025-06-22T15:00:00Z'),
('ek_esamateur_rp_2025_s2', 'esamateur', 'rp_2025_s2', 54.4, 66.3, 37.3, 40.1, '2025-09-10T09:00:00Z', '2026-01-25T15:00:00Z'),
('ek_esamateur_rp_2026_s2', 'esamateur', 'rp_2026_s2', 54.2, 66.6, 38.1, 41.4, '2026-02-08T09:00:00Z', '2026-04-25T10:00:00Z'),
('ek_esiat_rp_2024_s2', 'esiat', 'rp_2024_s2', 70.1, 55.3, 22.1, 47.6, '2024-09-12T09:00:00Z', '2025-01-20T15:00:00Z'),
('ek_esiat_rp_2025_s1', 'esiat', 'rp_2025_s1', 69.3, 54.6, 22.9, 48.0, '2025-02-14T09:00:00Z', '2025-06-22T15:00:00Z'),
('ek_esiat_rp_2025_s2', 'esiat', 'rp_2025_s2', 69.2, 53.3, 23.9, 48.6, '2025-09-10T09:00:00Z', '2026-01-25T15:00:00Z'),
('ek_esiat_rp_2026_s2', 'esiat', 'rp_2026_s2', 68.5, 52.6, 24.5, 48.6, '2026-02-08T09:00:00Z', '2026-04-25T10:00:00Z'),
('ek_ispab_rp_2024_s2', 'ispab', 'rp_2024_s2', 66.4, 48.7, 39.6, 42.0, '2024-09-12T09:00:00Z', '2025-01-20T15:00:00Z'),
('ek_ispab_rp_2025_s1', 'ispab', 'rp_2025_s1', 66.0, 48.8, 40.9, 43.5, '2025-02-14T09:00:00Z', '2025-06-22T15:00:00Z'),
('ek_ispab_rp_2025_s2', 'ispab', 'rp_2025_s2', 66.7, 47.8, 42.3, 44.4, '2025-09-10T09:00:00Z', '2026-01-25T15:00:00Z'),
('ek_ispab_rp_2026_s2', 'ispab', 'rp_2026_s2', 66.4, 47.6, 43.4, 45.7, '2026-02-08T09:00:00Z', '2026-04-25T10:00:00Z'),
('ek_intes_rp_2024_s2', 'intes', 'rp_2024_s2', 61.5, 47.9, 41.1, 60.2, '2024-09-12T09:00:00Z', '2025-01-20T15:00:00Z'),
('ek_intes_rp_2025_s1', 'intes', 'rp_2025_s1', 61.5, 48.2, 42.5, 60.1, '2025-02-14T09:00:00Z', '2025-06-22T15:00:00Z'),
('ek_intes_rp_2025_s2', 'intes', 'rp_2025_s2', 62.4, 48.5, 44.0, 60.0, '2025-09-10T09:00:00Z', '2026-01-25T15:00:00Z'),
('ek_intes_rp_2026_s2', 'intes', 'rp_2026_s2', 63.1, 48.2, 45.2, 60.5, '2026-02-08T09:00:00Z', '2026-04-25T10:00:00Z'),
('ek_isce_rp_2024_s2', 'isce', 'rp_2024_s2', 58.8, 48.6, 22.2, 52.8, '2024-09-12T09:00:00Z', '2025-01-20T15:00:00Z'),
('ek_isce_rp_2025_s1', 'isce', 'rp_2025_s1', 57.7, 47.7, 22.5, 52.7, '2025-02-14T09:00:00Z', '2025-06-22T15:00:00Z'),
('ek_isce_rp_2025_s2', 'isce', 'rp_2025_s2', 57.1, 46.3, 23.2, 53.3, '2025-09-10T09:00:00Z', '2026-01-25T15:00:00Z'),
('ek_isce_rp_2026_s2', 'isce', 'rp_2026_s2', 56.4, 45.7, 23.8, 54.5, '2026-02-08T09:00:00Z', '2026-04-25T10:00:00Z'),
('ek_inat_rp_2024_s2', 'inat', 'rp_2024_s2', 73.5, 71.1, 40.8, 54.8, '2024-09-12T09:00:00Z', '2025-01-20T15:00:00Z'),
('ek_inat_rp_2025_s1', 'inat', 'rp_2025_s1', 73.2, 71.1, 41.9, 55.3, '2025-02-14T09:00:00Z', '2025-06-22T15:00:00Z'),
('ek_inat_rp_2025_s2', 'inat', 'rp_2025_s2', 72.1, 72.1, 43.9, 55.3, '2025-09-10T09:00:00Z', '2026-01-25T15:00:00Z'),
('ek_inat_rp_2026_s2', 'inat', 'rp_2026_s2', 72.2, 72.7, 45.5, 55.7, '2026-02-08T09:00:00Z', '2026-04-25T10:00:00Z'),
('ek_ihet_rp_2024_s2', 'ihet', 'rp_2024_s2', 76.8, 53.7, 24.5, 54.1, '2024-09-12T09:00:00Z', '2025-01-20T15:00:00Z'),
('ek_ihet_rp_2025_s1', 'ihet', 'rp_2025_s1', 76.1, 53.8, 24.8, 55.2, '2025-02-14T09:00:00Z', '2025-06-22T15:00:00Z'),
('ek_ihet_rp_2025_s2', 'ihet', 'rp_2025_s2', 76.8, 54.4, 25.2, 55.7, '2025-09-10T09:00:00Z', '2026-01-25T15:00:00Z'),
('ek_ihet_rp_2026_s2', 'ihet', 'rp_2026_s2', 76.6, 54.5, 25.3, 57.3, '2026-02-08T09:00:00Z', '2026-04-25T10:00:00Z'),
('ek_inrat_rp_2024_s2', 'inrat', 'rp_2024_s2', 57.2, 69.7, 42.0, 41.4, '2024-09-12T09:00:00Z', '2025-01-20T15:00:00Z'),
('ek_inrat_rp_2025_s1', 'inrat', 'rp_2025_s1', 57.9, 70.2, 43.7, 41.9, '2025-02-14T09:00:00Z', '2025-06-22T15:00:00Z'),
('ek_inrat_rp_2025_s2', 'inrat', 'rp_2025_s2', 57.7, 70.6, 44.8, 42.1, '2025-09-10T09:00:00Z', '2026-01-25T15:00:00Z'),
('ek_inrat_rp_2026_s2', 'inrat', 'rp_2026_s2', 58.7, 70.3, 46.7, 42.3, '2026-02-08T09:00:00Z', '2026-04-25T10:00:00Z'),
('ek_enib_rp_2024_s2', 'enib', 'rp_2024_s2', 75.6, 51.6, 42.5, 46.5, '2024-09-12T09:00:00Z', '2025-01-20T15:00:00Z'),
('ek_enib_rp_2025_s1', 'enib', 'rp_2025_s1', 74.2, 51.8, 43.4, 47.8, '2025-02-14T09:00:00Z', '2025-06-22T15:00:00Z'),
('ek_enib_rp_2025_s2', 'enib', 'rp_2025_s2', 73.4, 53.1, 43.7, 48.1, '2025-09-10T09:00:00Z', '2026-01-25T15:00:00Z'),
('ek_enib_rp_2026_s2', 'enib', 'rp_2026_s2', 72.7, 53.1, 43.5, 48.7, '2026-02-08T09:00:00Z', '2026-04-25T10:00:00Z');

INSERT INTO process_kpis (id, institution_id, reporting_period_id, process_key, process_label, metric_label, metric_value, metric_unit, created_at, updated_at) VALUES
('pk1', 'insat', 'rp_2026_s2', 'scolarite', 'Scolarite', 'Attendance rate', 76, '%', '2026-02-08T09:00:00Z', '2026-04-25T10:00:00Z'),
('pk2', 'insat', 'rp_2026_s2', 'examens', 'Exams', 'Success rate', 73, '%', '2026-02-08T09:00:00Z', '2026-04-25T10:00:00Z'),
('pk3', 'insat', 'rp_2026_s2', 'finance', 'Finance', 'Budget consumed', 59, '%', '2026-02-08T09:00:00Z', '2026-04-25T10:00:00Z'),
('pk4', 'insat', 'rp_2026_s2', 'recherche', 'Research', 'Active projects', 18, 'count', '2026-02-08T09:00:00Z', '2026-04-25T10:00:00Z'),
('pk5', 'insat', 'rp_2026_s2', 'infrastructure', 'Infrastructure', 'Energy index', 72, 'index', '2026-02-08T09:00:00Z', '2026-04-25T10:00:00Z');

INSERT INTO students (id, institution_id, student_code, full_name, program_name, level_label, created_at, updated_at) VALUES
('student_insat_01', 'insat', 'INSAT-2026-001', 'Takwa Bouheni', 'Computer Engineering', '2nd Year', '2026-02-08T09:00:00Z', '2026-04-25T10:00:00Z'),
('student_insat_02', 'insat', 'INSAT-2026-002', 'Sarra Louati', 'Industrial Systems', '3rd Year', '2026-02-08T09:00:00Z', '2026-04-25T10:00:00Z'),
('student_fsb_01', 'fsb', 'FSB-2026-003', 'Amira Ben Salem', 'Applied Mathematics', '1st Year', '2026-02-08T09:00:00Z', '2026-04-25T10:00:00Z');

INSERT INTO student_metrics (id, student_profile_id, reporting_period_id, average_grade, attendance_rate, risk_score, created_at, updated_at) VALUES
('sm_insat_01', 'student_insat_01', 'rp_2026_s2', 9.1, 58, 88, '2026-02-08T09:00:00Z', '2026-04-25T10:00:00Z'),
('sm_insat_02', 'student_insat_02', 'rp_2026_s2', 10.4, 62, 74, '2026-02-08T09:00:00Z', '2026-04-25T10:00:00Z'),
('sm_fsb_01', 'student_fsb_01', 'rp_2026_s2', 11.2, 71, 68, '2026-02-08T09:00:00Z', '2026-04-25T10:00:00Z');

INSERT INTO risk_alerts (id, scope_type, institution_id, student_profile_id, reporting_period_id, severity, title, explanation, predicted_impact, created_at) VALUES
('ra_student_takwa', 'student', 'insat', 'student_insat_01', 'rp_2026_s2', 'high', 'Student at academic risk', 'Attendance dropped sharply and recent grades remain below cohort average.', 'Likely increased dropout risk without intervention', '2026-04-25T10:00:00Z');

INSERT INTO recommendations (id, student_profile_id, reporting_period_id, recommendation_text, display_order, created_at) VALUES
('rec1', 'student_insat_01', 'rp_2026_s2', 'Meet your academic advisor this week.', 1, '2026-04-25T10:00:00Z'),
('rec2', 'student_insat_01', 'rp_2026_s2', 'Prioritize the two modules with the steepest grade decline.', 2, '2026-04-25T10:00:00Z'),
('rec3', 'student_insat_01', 'rp_2026_s2', 'Follow the attendance recovery plan for the next 14 days.', 3, '2026-04-25T10:00:00Z');

INSERT INTO generated_reports (id, scope_type, institution_id, student_profile_id, reporting_period_id, title, generated_at, summary_text) VALUES
('gr_ucar_01', 'ucar', NULL, NULL, 'rp_2026_s2', 'UCAR Consolidated Performance Report', '2026-04-25T12:00:00Z', 'Cross-establishment monitoring shows multiple high-priority intervention sites this period.'),
('gr_inst_01', 'institution', 'insat', NULL, 'rp_2026_s2', 'INSAT Institutional Summary', '2026-04-25T12:00:00Z', 'Attendance, student risk, and budget execution require immediate follow-up.'),
('gr_student_01', 'student', 'insat', 'student_insat_01', 'rp_2026_s2', 'Student Risk Summary', '2026-04-25T12:00:00Z', 'The student requires coordinated academic and attendance intervention.');

INSERT INTO hr_kpis (id, institution_id, reporting_period_id, teaching_headcount, admin_headcount, absenteeism_rate, training_completed_pct, teaching_load_hours, team_stability_index, created_at, updated_at) VALUES
('hr_fsjpst_rp_2024_s2', 'fsjpst', 'rp_2024_s2', 114, 48, 3.4, 59.0, 16.0, 73.1, '2024-09-12T09:00:00Z', '2025-01-20T15:00:00Z'),
('hr_fsjpst_rp_2025_s1', 'fsjpst', 'rp_2025_s1', 108, 44, 3.5, 60.6, 16.0, 74.2, '2025-02-14T09:00:00Z', '2025-06-22T15:00:00Z'),
('hr_fsjpst_rp_2025_s2', 'fsjpst', 'rp_2025_s2', 111, 44, 3.2, 62.8, 16.3, 73.9, '2025-09-10T09:00:00Z', '2026-01-25T15:00:00Z'),
('hr_fsjpst_rp_2026_s2', 'fsjpst', 'rp_2026_s2', 114, 39, 3.1, 63.8, 16.2, 74.6, '2026-02-08T09:00:00Z', '2026-04-25T10:00:00Z'),
('hr_fsb_rp_2024_s2', 'fsb', 'rp_2024_s2', 83, 33, 5.4, 55.4, 16.8, 71.9, '2024-09-12T09:00:00Z', '2025-01-20T15:00:00Z'),
('hr_fsb_rp_2025_s1', 'fsb', 'rp_2025_s1', 82, 40, 5.0, 57.4, 16.8, 71.8, '2025-02-14T09:00:00Z', '2025-06-22T15:00:00Z'),
('hr_fsb_rp_2025_s2', 'fsb', 'rp_2025_s2', 83, 40, 4.9, 58.6, 16.4, 71.8, '2025-09-10T09:00:00Z', '2026-01-25T15:00:00Z'),
('hr_fsb_rp_2026_s2', 'fsb', 'rp_2026_s2', 91, 42, 5.2, 60.3, 16.4, 71.5, '2026-02-08T09:00:00Z', '2026-04-25T10:00:00Z'),
('hr_fsegn_rp_2024_s2', 'fsegn', 'rp_2024_s2', 59, 24, 2.9, 85.4, 18.3, 92.3, '2024-09-12T09:00:00Z', '2025-01-20T15:00:00Z'),
('hr_fsegn_rp_2025_s1', 'fsegn', 'rp_2025_s1', 59, 26, 2.8, 86.1, 18.5, 92.0, '2025-02-14T09:00:00Z', '2025-06-22T15:00:00Z'),
('hr_fsegn_rp_2025_s2', 'fsegn', 'rp_2025_s2', 62, 25, 2.5, 87.2, 19.0, 92.6, '2025-09-10T09:00:00Z', '2026-01-25T15:00:00Z'),
('hr_fsegn_rp_2026_s2', 'fsegn', 'rp_2026_s2', 69, 23, 2.4, 87.8, 19.3, 93.9, '2026-02-08T09:00:00Z', '2026-04-25T10:00:00Z'),
('hr_enau_rp_2024_s2', 'enau', 'rp_2024_s2', 141, 46, 4.3, 75.8, 14.5, 76.1, '2024-09-12T09:00:00Z', '2025-01-20T15:00:00Z'),
('hr_enau_rp_2025_s1', 'enau', 'rp_2025_s1', 150, 50, 4.2, 76.9, 14.6, 76.7, '2025-02-14T09:00:00Z', '2025-06-22T15:00:00Z'),
('hr_enau_rp_2025_s2', 'enau', 'rp_2025_s2', 155, 53, 4.2, 78.4, 14.3, 76.5, '2025-09-10T09:00:00Z', '2026-01-25T15:00:00Z'),
('hr_enau_rp_2026_s2', 'enau', 'rp_2026_s2', 156, 57, 4.2, 80.1, 14.6, 76.8, '2026-02-08T09:00:00Z', '2026-04-25T10:00:00Z'),
('hr_ept_rp_2024_s2', 'ept', 'rp_2024_s2', 144, 53, 4.3, 73.6, 15.2, 85.9, '2024-09-12T09:00:00Z', '2025-01-20T15:00:00Z'),
('hr_ept_rp_2025_s1', 'ept', 'rp_2025_s1', 141, 56, 4.2, 74.2, 15.3, 86.3, '2025-02-14T09:00:00Z', '2025-06-22T15:00:00Z'),
('hr_ept_rp_2025_s2', 'ept', 'rp_2025_s2', 139, 58, 4.0, 75.6, 15.3, 85.9, '2025-09-10T09:00:00Z', '2026-01-25T15:00:00Z'),
('hr_ept_rp_2026_s2', 'ept', 'rp_2026_s2', 130, 59, 3.8, 76.4, 15.5, 85.3, '2026-02-08T09:00:00Z', '2026-04-25T10:00:00Z'),
('hr_enicarthage_rp_2024_s2', 'enicarthage', 'rp_2024_s2', 146, 34, 7.1, 66.2, 14.5, 82.3, '2024-09-12T09:00:00Z', '2025-01-20T15:00:00Z'),
('hr_enicarthage_rp_2025_s1', 'enicarthage', 'rp_2025_s1', 149, 36, 7.6, 66.7, 15.0, 82.2, '2025-02-14T09:00:00Z', '2025-06-22T15:00:00Z'),
('hr_enicarthage_rp_2025_s2', 'enicarthage', 'rp_2025_s2', 145, 35, 7.7, 66.7, 14.7, 82.6, '2025-09-10T09:00:00Z', '2026-01-25T15:00:00Z'),
('hr_enicarthage_rp_2026_s2', 'enicarthage', 'rp_2026_s2', 141, 33, 8.2, 67.4, 15.4, 83.0, '2026-02-08T09:00:00Z', '2026-04-25T10:00:00Z'),
('hr_enstab_rp_2024_s2', 'enstab', 'rp_2024_s2', 110, 37, 6.1, 66.9, 16.0, 83.6, '2024-09-12T09:00:00Z', '2025-01-20T15:00:00Z'),
('hr_enstab_rp_2025_s1', 'enstab', 'rp_2025_s1', 109, 36, 6.5, 68.9, 16.2, 82.6, '2025-02-14T09:00:00Z', '2025-06-22T15:00:00Z'),
('hr_enstab_rp_2025_s2', 'enstab', 'rp_2025_s2', 101, 39, 6.9, 70.6, 16.4, 82.1, '2025-09-10T09:00:00Z', '2026-01-25T15:00:00Z'),
('hr_enstab_rp_2026_s2', 'enstab', 'rp_2026_s2', 100, 37, 7.0, 72.5, 16.3, 82.2, '2026-02-08T09:00:00Z', '2026-04-25T10:00:00Z'),
('hr_essai_rp_2024_s2', 'essai', 'rp_2024_s2', 109, 43, 5.7, 56.4, 18.1, 71.2, '2024-09-12T09:00:00Z', '2025-01-20T15:00:00Z'),
('hr_essai_rp_2025_s1', 'essai', 'rp_2025_s1', 109, 42, 6.0, 58.1, 18.6, 71.3, '2025-02-14T09:00:00Z', '2025-06-22T15:00:00Z'),
('hr_essai_rp_2025_s2', 'essai', 'rp_2025_s2', 109, 38, 6.6, 59.5, 18.9, 71.6, '2025-09-10T09:00:00Z', '2026-01-25T15:00:00Z'),
('hr_essai_rp_2026_s2', 'essai', 'rp_2026_s2', 115, 36, 6.6, 61.1, 18.5, 71.1, '2026-02-08T09:00:00Z', '2026-04-25T10:00:00Z'),
('hr_esac_rp_2024_s2', 'esac', 'rp_2024_s2', 69, 54, 5.5, 69.9, 13.0, 66.4, '2024-09-12T09:00:00Z', '2025-01-20T15:00:00Z'),
('hr_esac_rp_2025_s1', 'esac', 'rp_2025_s1', 69, 57, 5.3, 71.9, 13.2, 66.2, '2025-02-14T09:00:00Z', '2025-06-22T15:00:00Z'),
('hr_esac_rp_2025_s2', 'esac', 'rp_2025_s2', 70, 57, 5.3, 73.8, 13.6, 66.6, '2025-09-10T09:00:00Z', '2026-01-25T15:00:00Z'),
('hr_esac_rp_2026_s2', 'esac', 'rp_2026_s2', 64, 61, 5.1, 75.0, 13.8, 66.5, '2026-02-08T09:00:00Z', '2026-04-25T10:00:00Z'),
('hr_ipeib_rp_2024_s2', 'ipeib', 'rp_2024_s2', 126, 33, 4.1, 67.8, 18.5, 87.6, '2024-09-12T09:00:00Z', '2025-01-20T15:00:00Z'),
('hr_ipeib_rp_2025_s1', 'ipeib', 'rp_2025_s1', 126, 31, 4.2, 69.0, 18.8, 87.2, '2025-02-14T09:00:00Z', '2025-06-22T15:00:00Z'),
('hr_ipeib_rp_2025_s2', 'ipeib', 'rp_2025_s2', 127, 32, 4.2, 71.4, 18.9, 87.4, '2025-09-10T09:00:00Z', '2026-01-25T15:00:00Z'),
('hr_ipeib_rp_2026_s2', 'ipeib', 'rp_2026_s2', 125, 28, 4.4, 72.5, 19.0, 88.2, '2026-02-08T09:00:00Z', '2026-04-25T10:00:00Z'),
('hr_ihec_rp_2024_s2', 'ihec', 'rp_2024_s2', 78, 55, 6.7, 50.6, 19.4, 76.1, '2024-09-12T09:00:00Z', '2025-01-20T15:00:00Z'),
('hr_ihec_rp_2025_s1', 'ihec', 'rp_2025_s1', 83, 51, 6.7, 52.2, 19.2, 75.9, '2025-02-14T09:00:00Z', '2025-06-22T15:00:00Z'),
('hr_ihec_rp_2025_s2', 'ihec', 'rp_2025_s2', 89, 50, 6.5, 52.9, 19.4, 77.5, '2025-09-10T09:00:00Z', '2026-01-25T15:00:00Z'),
('hr_ihec_rp_2026_s2', 'ihec', 'rp_2026_s2', 94, 47, 6.7, 54.1, 19.5, 77.3, '2026-02-08T09:00:00Z', '2026-04-25T10:00:00Z'),
('hr_insat_rp_2024_s2', 'insat', 'rp_2024_s2', 54, 41, 6.6, 80.1, 14.7, 69.0, '2024-09-12T09:00:00Z', '2025-01-20T15:00:00Z'),
('hr_insat_rp_2025_s1', 'insat', 'rp_2025_s1', 52, 39, 7.1, 81.9, 14.5, 69.1, '2025-02-14T09:00:00Z', '2025-06-22T15:00:00Z'),
('hr_insat_rp_2025_s2', 'insat', 'rp_2025_s2', 48, 38, 7.2, 84.0, 14.7, 69.1, '2025-09-10T09:00:00Z', '2026-01-25T15:00:00Z'),
('hr_insat_rp_2026_s2', 'insat', 'rp_2026_s2', 49, 35, 7.6, 85.2, 14.6, 69.2, '2026-02-08T09:00:00Z', '2026-04-25T10:00:00Z'),
('hr_instm_rp_2024_s2', 'instm', 'rp_2024_s2', 118, 25, 6.0, 62.6, 13.7, 74.1, '2024-09-12T09:00:00Z', '2025-01-20T15:00:00Z'),
('hr_instm_rp_2025_s1', 'instm', 'rp_2025_s1', 123, 23, 6.3, 62.8, 13.7, 74.0, '2025-02-14T09:00:00Z', '2025-06-22T15:00:00Z'),
('hr_instm_rp_2025_s2', 'instm', 'rp_2025_s2', 117, 23, 6.4, 63.9, 13.8, 73.3, '2025-09-10T09:00:00Z', '2026-01-25T15:00:00Z'),
('hr_instm_rp_2026_s2', 'instm', 'rp_2026_s2', 121, 23, 6.7, 63.2, 14.1, 72.8, '2026-02-08T09:00:00Z', '2026-04-25T10:00:00Z'),
('hr_issatm_rp_2024_s2', 'issatm', 'rp_2024_s2', 178, 52, 7.6, 72.5, 13.6, 70.7, '2024-09-12T09:00:00Z', '2025-01-20T15:00:00Z'),
('hr_issatm_rp_2025_s1', 'issatm', 'rp_2025_s1', 174, 50, 7.9, 73.7, 13.8, 70.4, '2025-02-14T09:00:00Z', '2025-06-22T15:00:00Z'),
('hr_issatm_rp_2025_s2', 'issatm', 'rp_2025_s2', 175, 49, 8.2, 75.2, 14.1, 70.7, '2025-09-10T09:00:00Z', '2026-01-25T15:00:00Z'),
('hr_issatm_rp_2026_s2', 'issatm', 'rp_2026_s2', 174, 49, 8.4, 76.4, 14.3, 70.9, '2026-02-08T09:00:00Z', '2026-04-25T10:00:00Z'),
('hr_ipein_rp_2024_s2', 'ipein', 'rp_2024_s2', 64, 43, 7.0, 83.1, 13.9, 70.0, '2024-09-12T09:00:00Z', '2025-01-20T15:00:00Z'),
('hr_ipein_rp_2025_s1', 'ipein', 'rp_2025_s1', 68, 43, 6.8, 83.7, 13.8, 69.8, '2025-02-14T09:00:00Z', '2025-06-22T15:00:00Z'),
('hr_ipein_rp_2025_s2', 'ipein', 'rp_2025_s2', 68, 40, 6.8, 83.8, 13.9, 69.9, '2025-09-10T09:00:00Z', '2026-01-25T15:00:00Z'),
('hr_ipein_rp_2026_s2', 'ipein', 'rp_2026_s2', 67, 38, 6.6, 84.3, 13.8, 69.9, '2026-02-08T09:00:00Z', '2026-04-25T10:00:00Z'),
('hr_ipest_rp_2024_s2', 'ipest', 'rp_2024_s2', 108, 24, 4.9, 71.4, 15.5, 77.2, '2024-09-12T09:00:00Z', '2025-01-20T15:00:00Z'),
('hr_ipest_rp_2025_s1', 'ipest', 'rp_2025_s1', 107, 20, 4.9, 71.4, 15.6, 77.6, '2025-02-14T09:00:00Z', '2025-06-22T15:00:00Z'),
('hr_ipest_rp_2025_s2', 'ipest', 'rp_2025_s2', 101, 20, 5.2, 72.0, 16.1, 78.4, '2025-09-10T09:00:00Z', '2026-01-25T15:00:00Z'),
('hr_ipest_rp_2026_s2', 'ipest', 'rp_2026_s2', 106, 22, 5.0, 72.4, 16.1, 78.9, '2026-02-08T09:00:00Z', '2026-04-25T10:00:00Z'),
('hr_isban_rp_2024_s2', 'isban', 'rp_2024_s2', 120, 19, 4.9, 73.1, 18.1, 80.7, '2024-09-12T09:00:00Z', '2025-01-20T15:00:00Z'),
('hr_isban_rp_2025_s1', 'isban', 'rp_2025_s1', 129, 19, 4.8, 74.9, 18.0, 81.4, '2025-02-14T09:00:00Z', '2025-06-22T15:00:00Z'),
('hr_isban_rp_2025_s2', 'isban', 'rp_2025_s2', 128, 19, 4.9, 76.7, 17.3, 82.2, '2025-09-10T09:00:00Z', '2026-01-25T15:00:00Z'),
('hr_isban_rp_2026_s2', 'isban', 'rp_2026_s2', 131, 20, 5.0, 77.9, 17.1, 82.0, '2026-02-08T09:00:00Z', '2026-04-25T10:00:00Z'),
('hr_isteub_rp_2024_s2', 'isteub', 'rp_2024_s2', 103, 44, 4.8, 49.1, 17.1, 82.0, '2024-09-12T09:00:00Z', '2025-01-20T15:00:00Z'),
('hr_isteub_rp_2025_s1', 'isteub', 'rp_2025_s1', 103, 42, 5.2, 51.0, 17.3, 81.9, '2025-02-14T09:00:00Z', '2025-06-22T15:00:00Z'),
('hr_isteub_rp_2025_s2', 'isteub', 'rp_2025_s2', 99, 38, 5.6, 52.9, 17.2, 82.4, '2025-09-10T09:00:00Z', '2026-01-25T15:00:00Z'),
('hr_isteub_rp_2026_s2', 'isteub', 'rp_2026_s2', 99, 39, 6.0, 54.7, 17.6, 82.2, '2026-02-08T09:00:00Z', '2026-04-25T10:00:00Z'),
('hr_islt_rp_2024_s2', 'islt', 'rp_2024_s2', 118, 21, 6.6, 85.2, 19.7, 84.0, '2024-09-12T09:00:00Z', '2025-01-20T15:00:00Z'),
('hr_islt_rp_2025_s1', 'islt', 'rp_2025_s1', 112, 25, 6.7, 86.5, 20.3, 83.7, '2025-02-14T09:00:00Z', '2025-06-22T15:00:00Z'),
('hr_islt_rp_2025_s2', 'islt', 'rp_2025_s2', 116, 26, 6.5, 87.7, 20.9, 83.0, '2025-09-10T09:00:00Z', '2026-01-25T15:00:00Z'),
('hr_islt_rp_2026_s2', 'islt', 'rp_2026_s2', 107, 31, 6.4, 89.6, 21.0, 82.8, '2026-02-08T09:00:00Z', '2026-04-25T10:00:00Z'),
('hr_isln_rp_2024_s2', 'isln', 'rp_2024_s2', 58, 56, 3.9, 77.6, 16.6, 80.3, '2024-09-12T09:00:00Z', '2025-01-20T15:00:00Z'),
('hr_isln_rp_2025_s1', 'isln', 'rp_2025_s1', 61, 57, 4.0, 79.0, 16.5, 79.4, '2025-02-14T09:00:00Z', '2025-06-22T15:00:00Z'),
('hr_isln_rp_2025_s2', 'isln', 'rp_2025_s2', 59, 53, 3.8, 80.1, 16.5, 79.1, '2025-09-10T09:00:00Z', '2026-01-25T15:00:00Z'),
('hr_isln_rp_2026_s2', 'isln', 'rp_2026_s2', 63, 56, 3.8, 81.2, 16.1, 79.3, '2026-02-08T09:00:00Z', '2026-04-25T10:00:00Z'),
('hr_isste_rp_2024_s2', 'isste', 'rp_2024_s2', 182, 31, 6.6, 76.4, 15.5, 83.6, '2024-09-12T09:00:00Z', '2025-01-20T15:00:00Z'),
('hr_isste_rp_2025_s1', 'isste', 'rp_2025_s1', 182, 33, 6.4, 77.8, 14.8, 84.4, '2025-02-14T09:00:00Z', '2025-06-22T15:00:00Z'),
('hr_isste_rp_2025_s2', 'isste', 'rp_2025_s2', 190, 36, 6.7, 78.9, 14.6, 84.5, '2025-09-10T09:00:00Z', '2026-01-25T15:00:00Z'),
('hr_isste_rp_2026_s2', 'isste', 'rp_2026_s2', 192, 39, 6.6, 79.6, 14.2, 85.1, '2026-02-08T09:00:00Z', '2026-04-25T10:00:00Z'),
('hr_istic_rp_2024_s2', 'istic', 'rp_2024_s2', 120, 39, 3.5, 53.6, 14.6, 71.5, '2024-09-12T09:00:00Z', '2025-01-20T15:00:00Z'),
('hr_istic_rp_2025_s1', 'istic', 'rp_2025_s1', 123, 36, 3.3, 54.5, 15.2, 71.5, '2025-02-14T09:00:00Z', '2025-06-22T15:00:00Z'),
('hr_istic_rp_2025_s2', 'istic', 'rp_2025_s2', 123, 35, 3.2, 55.0, 14.8, 71.6, '2025-09-10T09:00:00Z', '2026-01-25T15:00:00Z'),
('hr_istic_rp_2026_s2', 'istic', 'rp_2026_s2', 129, 30, 3.1, 56.2, 14.9, 71.7, '2026-02-08T09:00:00Z', '2026-04-25T10:00:00Z'),
('hr_isgb_rp_2024_s2', 'isgb', 'rp_2024_s2', 112, 39, 5.1, 83.5, 13.8, 77.9, '2024-09-12T09:00:00Z', '2025-01-20T15:00:00Z'),
('hr_isgb_rp_2025_s1', 'isgb', 'rp_2025_s1', 119, 40, 5.5, 83.9, 14.4, 79.2, '2025-02-14T09:00:00Z', '2025-06-22T15:00:00Z'),
('hr_isgb_rp_2025_s2', 'isgb', 'rp_2025_s2', 119, 37, 5.4, 84.9, 14.6, 79.2, '2025-09-10T09:00:00Z', '2026-01-25T15:00:00Z'),
('hr_isgb_rp_2026_s2', 'isgb', 'rp_2026_s2', 118, 33, 5.4, 86.2, 14.9, 80.4, '2026-02-08T09:00:00Z', '2026-04-25T10:00:00Z'),
('hr_isepbg_rp_2024_s2', 'isepbg', 'rp_2024_s2', 96, 45, 6.4, 85.2, 14.3, 91.7, '2024-09-12T09:00:00Z', '2025-01-20T15:00:00Z'),
('hr_isepbg_rp_2025_s1', 'isepbg', 'rp_2025_s1', 97, 44, 6.4, 84.7, 13.7, 91.9, '2025-02-14T09:00:00Z', '2025-06-22T15:00:00Z'),
('hr_isepbg_rp_2025_s2', 'isepbg', 'rp_2025_s2', 105, 44, 6.6, 84.9, 13.7, 91.5, '2025-09-10T09:00:00Z', '2026-01-25T15:00:00Z'),
('hr_isepbg_rp_2026_s2', 'isepbg', 'rp_2026_s2', 100, 46, 6.8, 85.3, 13.3, 91.7, '2026-02-08T09:00:00Z', '2026-04-25T10:00:00Z'),
('hr_supcom_rp_2024_s2', 'supcom', 'rp_2024_s2', 180, 35, 6.9, 55.3, 15.6, 77.2, '2024-09-12T09:00:00Z', '2025-01-20T15:00:00Z'),
('hr_supcom_rp_2025_s1', 'supcom', 'rp_2025_s1', 182, 37, 7.0, 56.2, 15.7, 76.7, '2025-02-14T09:00:00Z', '2025-06-22T15:00:00Z'),
('hr_supcom_rp_2025_s2', 'supcom', 'rp_2025_s2', 181, 35, 7.1, 56.9, 16.5, 76.8, '2025-09-10T09:00:00Z', '2026-01-25T15:00:00Z'),
('hr_supcom_rp_2026_s2', 'supcom', 'rp_2026_s2', 188, 29, 7.2, 56.9, 16.7, 77.5, '2026-02-08T09:00:00Z', '2026-04-25T10:00:00Z'),
('hr_esamograne_rp_2024_s2', 'esamograne', 'rp_2024_s2', 88, 55, 5.5, 51.9, 17.2, 73.5, '2024-09-12T09:00:00Z', '2025-01-20T15:00:00Z'),
('hr_esamograne_rp_2025_s1', 'esamograne', 'rp_2025_s1', 89, 54, 5.5, 52.5, 17.4, 73.7, '2025-02-14T09:00:00Z', '2025-06-22T15:00:00Z'),
('hr_esamograne_rp_2025_s2', 'esamograne', 'rp_2025_s2', 94, 57, 5.5, 54.3, 17.3, 73.9, '2025-09-10T09:00:00Z', '2026-01-25T15:00:00Z'),
('hr_esamograne_rp_2026_s2', 'esamograne', 'rp_2026_s2', 94, 59, 5.6, 55.1, 17.6, 74.5, '2026-02-08T09:00:00Z', '2026-04-25T10:00:00Z'),
('hr_esamateur_rp_2024_s2', 'esamateur', 'rp_2024_s2', 107, 53, 4.5, 56.8, 18.7, 64.8, '2024-09-12T09:00:00Z', '2025-01-20T15:00:00Z'),
('hr_esamateur_rp_2025_s1', 'esamateur', 'rp_2025_s1', 106, 53, 5.0, 57.6, 18.1, 65.4, '2025-02-14T09:00:00Z', '2025-06-22T15:00:00Z'),
('hr_esamateur_rp_2025_s2', 'esamateur', 'rp_2025_s2', 108, 51, 5.5, 57.6, 18.2, 65.8, '2025-09-10T09:00:00Z', '2026-01-25T15:00:00Z'),
('hr_esamateur_rp_2026_s2', 'esamateur', 'rp_2026_s2', 108, 50, 5.6, 57.6, 17.9, 66.9, '2026-02-08T09:00:00Z', '2026-04-25T10:00:00Z'),
('hr_esiat_rp_2024_s2', 'esiat', 'rp_2024_s2', 93, 16, 3.8, 74.3, 12.9, 89.2, '2024-09-12T09:00:00Z', '2025-01-20T15:00:00Z'),
('hr_esiat_rp_2025_s1', 'esiat', 'rp_2025_s1', 89, 17, 3.8, 75.9, 12.7, 90.4, '2025-02-14T09:00:00Z', '2025-06-22T15:00:00Z'),
('hr_esiat_rp_2025_s2', 'esiat', 'rp_2025_s2', 84, 16, 3.8, 76.7, 12.7, 91.0, '2025-09-10T09:00:00Z', '2026-01-25T15:00:00Z'),
('hr_esiat_rp_2026_s2', 'esiat', 'rp_2026_s2', 83, 12, 3.7, 77.4, 13.0, 91.1, '2026-02-08T09:00:00Z', '2026-04-25T10:00:00Z'),
('hr_ispab_rp_2024_s2', 'ispab', 'rp_2024_s2', 74, 28, 5.2, 69.9, 20.6, 71.7, '2024-09-12T09:00:00Z', '2025-01-20T15:00:00Z'),
('hr_ispab_rp_2025_s1', 'ispab', 'rp_2025_s1', 80, 32, 5.5, 72.2, 21.1, 71.4, '2025-02-14T09:00:00Z', '2025-06-22T15:00:00Z'),
('hr_ispab_rp_2025_s2', 'ispab', 'rp_2025_s2', 82, 31, 5.7, 73.6, 21.5, 72.2, '2025-09-10T09:00:00Z', '2026-01-25T15:00:00Z'),
('hr_ispab_rp_2026_s2', 'ispab', 'rp_2026_s2', 89, 33, 5.8, 75.3, 21.2, 72.9, '2026-02-08T09:00:00Z', '2026-04-25T10:00:00Z'),
('hr_intes_rp_2024_s2', 'intes', 'rp_2024_s2', 129, 28, 4.7, 54.8, 14.2, 81.5, '2024-09-12T09:00:00Z', '2025-01-20T15:00:00Z'),
('hr_intes_rp_2025_s1', 'intes', 'rp_2025_s1', 130, 29, 4.5, 55.2, 14.1, 81.5, '2025-02-14T09:00:00Z', '2025-06-22T15:00:00Z'),
('hr_intes_rp_2025_s2', 'intes', 'rp_2025_s2', 133, 29, 4.7, 56.9, 13.7, 81.9, '2025-09-10T09:00:00Z', '2026-01-25T15:00:00Z'),
('hr_intes_rp_2026_s2', 'intes', 'rp_2026_s2', 137, 30, 4.8, 57.4, 13.3, 81.3, '2026-02-08T09:00:00Z', '2026-04-25T10:00:00Z'),
('hr_isce_rp_2024_s2', 'isce', 'rp_2024_s2', 130, 23, 5.7, 60.3, 14.9, 85.0, '2024-09-12T09:00:00Z', '2025-01-20T15:00:00Z'),
('hr_isce_rp_2025_s1', 'isce', 'rp_2025_s1', 137, 25, 5.8, 61.0, 15.2, 85.4, '2025-02-14T09:00:00Z', '2025-06-22T15:00:00Z'),
('hr_isce_rp_2025_s2', 'isce', 'rp_2025_s2', 136, 25, 6.1, 60.9, 15.6, 85.4, '2025-09-10T09:00:00Z', '2026-01-25T15:00:00Z'),
('hr_isce_rp_2026_s2', 'isce', 'rp_2026_s2', 142, 27, 6.0, 61.5, 15.8, 85.8, '2026-02-08T09:00:00Z', '2026-04-25T10:00:00Z'),
('hr_inat_rp_2024_s2', 'inat', 'rp_2024_s2', 74, 57, 5.8, 82.2, 14.8, 78.2, '2024-09-12T09:00:00Z', '2025-01-20T15:00:00Z'),
('hr_inat_rp_2025_s1', 'inat', 'rp_2025_s1', 76, 57, 6.4, 82.4, 15.3, 77.8, '2025-02-14T09:00:00Z', '2025-06-22T15:00:00Z'),
('hr_inat_rp_2025_s2', 'inat', 'rp_2025_s2', 81, 60, 6.6, 83.7, 15.7, 78.2, '2025-09-10T09:00:00Z', '2026-01-25T15:00:00Z'),
('hr_inat_rp_2026_s2', 'inat', 'rp_2026_s2', 77, 65, 7.0, 85.1, 15.6, 78.6, '2026-02-08T09:00:00Z', '2026-04-25T10:00:00Z'),
('hr_ihet_rp_2024_s2', 'ihet', 'rp_2024_s2', 160, 19, 6.4, 53.7, 16.2, 71.3, '2024-09-12T09:00:00Z', '2025-01-20T15:00:00Z'),
('hr_ihet_rp_2025_s1', 'ihet', 'rp_2025_s1', 160, 17, 6.7, 53.7, 16.5, 71.2, '2025-02-14T09:00:00Z', '2025-06-22T15:00:00Z'),
('hr_ihet_rp_2025_s2', 'ihet', 'rp_2025_s2', 157, 16, 6.7, 54.1, 16.8, 71.3, '2025-09-10T09:00:00Z', '2026-01-25T15:00:00Z'),
('hr_ihet_rp_2026_s2', 'ihet', 'rp_2026_s2', 158, 13, 6.7, 53.4, 16.7, 72.2, '2026-02-08T09:00:00Z', '2026-04-25T10:00:00Z'),
('hr_inrat_rp_2024_s2', 'inrat', 'rp_2024_s2', 65, 24, 3.7, 64.6, 20.0, 83.8, '2024-09-12T09:00:00Z', '2025-01-20T15:00:00Z'),
('hr_inrat_rp_2025_s1', 'inrat', 'rp_2025_s1', 65, 25, 3.7, 66.4, 20.1, 83.8, '2025-02-14T09:00:00Z', '2025-06-22T15:00:00Z'),
('hr_inrat_rp_2025_s2', 'inrat', 'rp_2025_s2', 72, 28, 3.9, 69.2, 20.3, 83.6, '2025-09-10T09:00:00Z', '2026-01-25T15:00:00Z'),
('hr_inrat_rp_2026_s2', 'inrat', 'rp_2026_s2', 79, 28, 4.0, 70.6, 20.1, 83.6, '2026-02-08T09:00:00Z', '2026-04-25T10:00:00Z'),
('hr_enib_rp_2024_s2', 'enib', 'rp_2024_s2', 169, 50, 6.0, 69.8, 13.6, 74.4, '2024-09-12T09:00:00Z', '2025-01-20T15:00:00Z'),
('hr_enib_rp_2025_s1', 'enib', 'rp_2025_s1', 175, 54, 6.1, 71.4, 13.0, 74.4, '2025-02-14T09:00:00Z', '2025-06-22T15:00:00Z'),
('hr_enib_rp_2025_s2', 'enib', 'rp_2025_s2', 167, 54, 6.1, 73.1, 13.3, 73.8, '2025-09-10T09:00:00Z', '2026-01-25T15:00:00Z'),
('hr_enib_rp_2026_s2', 'enib', 'rp_2026_s2', 173, 53, 5.9, 74.4, 13.4, 73.1, '2026-02-08T09:00:00Z', '2026-04-25T10:00:00Z');

INSERT INTO research_kpis (id, institution_id, reporting_period_id, publications_count, active_projects, funding_secured_tnd, academic_partnerships, patents_filed, created_at, updated_at) VALUES
('rk_fsjpst_rp_2024_s2', 'fsjpst', 'rp_2024_s2', 78, 11, 812804, 7, 8, '2024-09-12T09:00:00Z', '2025-01-20T15:00:00Z'),
('rk_fsjpst_rp_2025_s1', 'fsjpst', 'rp_2025_s1', 83, 11, 849322, 7, 10, '2025-02-14T09:00:00Z', '2025-06-22T15:00:00Z'),
('rk_fsjpst_rp_2025_s2', 'fsjpst', 'rp_2025_s2', 89, 13, 921679, 10, 10, '2025-09-10T09:00:00Z', '2026-01-25T15:00:00Z'),
('rk_fsjpst_rp_2026_s2', 'fsjpst', 'rp_2026_s2', 95, 14, 993315, 9, 12, '2026-02-08T09:00:00Z', '2026-04-25T10:00:00Z'),
('rk_fsb_rp_2024_s2', 'fsb', 'rp_2024_s2', 14, 20, 650703, 8, 6, '2024-09-12T09:00:00Z', '2025-01-20T15:00:00Z'),
('rk_fsb_rp_2025_s1', 'fsb', 'rp_2025_s1', 18, 23, 718820, 7, 5, '2025-02-14T09:00:00Z', '2025-06-22T15:00:00Z'),
('rk_fsb_rp_2025_s2', 'fsb', 'rp_2025_s2', 16, 24, 821436, 8, 7, '2025-09-10T09:00:00Z', '2026-01-25T15:00:00Z'),
('rk_fsb_rp_2026_s2', 'fsb', 'rp_2026_s2', 22, 27, 935828, 11, 9, '2026-02-08T09:00:00Z', '2026-04-25T10:00:00Z'),
('rk_fsegn_rp_2024_s2', 'fsegn', 'rp_2024_s2', 20, 12, 1204063, 12, 0, '2024-09-12T09:00:00Z', '2025-01-20T15:00:00Z'),
('rk_fsegn_rp_2025_s1', 'fsegn', 'rp_2025_s1', 18, 15, 1182549, 11, 1, '2025-02-14T09:00:00Z', '2025-06-22T15:00:00Z'),
('rk_fsegn_rp_2025_s2', 'fsegn', 'rp_2025_s2', 27, 14, 1265287, 11, 0, '2025-09-10T09:00:00Z', '2026-01-25T15:00:00Z'),
('rk_fsegn_rp_2026_s2', 'fsegn', 'rp_2026_s2', 24, 17, 1371006, 12, 1, '2026-02-08T09:00:00Z', '2026-04-25T10:00:00Z'),
('rk_enau_rp_2024_s2', 'enau', 'rp_2024_s2', 46, 11, 1419407, 10, 0, '2024-09-12T09:00:00Z', '2025-01-20T15:00:00Z'),
('rk_enau_rp_2025_s1', 'enau', 'rp_2025_s1', 42, 11, 1458123, 9, 3, '2025-02-14T09:00:00Z', '2025-06-22T15:00:00Z'),
('rk_enau_rp_2025_s2', 'enau', 'rp_2025_s2', 47, 11, 1539331, 12, 2, '2025-09-10T09:00:00Z', '2026-01-25T15:00:00Z'),
('rk_enau_rp_2026_s2', 'enau', 'rp_2026_s2', 48, 11, 1622539, 12, 3, '2026-02-08T09:00:00Z', '2026-04-25T10:00:00Z'),
('rk_ept_rp_2024_s2', 'ept', 'rp_2024_s2', 26, 17, 1284603, 8, 8, '2024-09-12T09:00:00Z', '2025-01-20T15:00:00Z'),
('rk_ept_rp_2025_s1', 'ept', 'rp_2025_s1', 28, 17, 1346691, 9, 9, '2025-02-14T09:00:00Z', '2025-06-22T15:00:00Z'),
('rk_ept_rp_2025_s2', 'ept', 'rp_2025_s2', 30, 18, 1370317, 8, 9, '2025-09-10T09:00:00Z', '2026-01-25T15:00:00Z'),
('rk_ept_rp_2026_s2', 'ept', 'rp_2026_s2', 40, 19, 1436739, 9, 10, '2026-02-08T09:00:00Z', '2026-04-25T10:00:00Z'),
('rk_enicarthage_rp_2024_s2', 'enicarthage', 'rp_2024_s2', 22, 28, 383864, 3, 2, '2024-09-12T09:00:00Z', '2025-01-20T15:00:00Z'),
('rk_enicarthage_rp_2025_s1', 'enicarthage', 'rp_2025_s1', 25, 29, 427229, 5, 1, '2025-02-14T09:00:00Z', '2025-06-22T15:00:00Z'),
('rk_enicarthage_rp_2025_s2', 'enicarthage', 'rp_2025_s2', 24, 29, 415543, 5, 1, '2025-09-10T09:00:00Z', '2026-01-25T15:00:00Z'),
('rk_enicarthage_rp_2026_s2', 'enicarthage', 'rp_2026_s2', 32, 32, 529815, 6, 1, '2026-02-08T09:00:00Z', '2026-04-25T10:00:00Z'),
('rk_enstab_rp_2024_s2', 'enstab', 'rp_2024_s2', 53, 7, 1150249, 10, 7, '2024-09-12T09:00:00Z', '2025-01-20T15:00:00Z'),
('rk_enstab_rp_2025_s1', 'enstab', 'rp_2025_s1', 55, 7, 1080053, 12, 9, '2025-02-14T09:00:00Z', '2025-06-22T15:00:00Z'),
('rk_enstab_rp_2025_s2', 'enstab', 'rp_2025_s2', 49, 8, 1085786, 14, 8, '2025-09-10T09:00:00Z', '2026-01-25T15:00:00Z'),
('rk_enstab_rp_2026_s2', 'enstab', 'rp_2026_s2', 56, 8, 1156681, 14, 7, '2026-02-08T09:00:00Z', '2026-04-25T10:00:00Z'),
('rk_essai_rp_2024_s2', 'essai', 'rp_2024_s2', 35, 29, 1035139, 4, 7, '2024-09-12T09:00:00Z', '2025-01-20T15:00:00Z'),
('rk_essai_rp_2025_s1', 'essai', 'rp_2025_s1', 32, 30, 1085511, 6, 9, '2025-02-14T09:00:00Z', '2025-06-22T15:00:00Z'),
('rk_essai_rp_2025_s2', 'essai', 'rp_2025_s2', 39, 30, 1155029, 6, 8, '2025-09-10T09:00:00Z', '2026-01-25T15:00:00Z'),
('rk_essai_rp_2026_s2', 'essai', 'rp_2026_s2', 40, 31, 1290593, 8, 11, '2026-02-08T09:00:00Z', '2026-04-25T10:00:00Z'),
('rk_esac_rp_2024_s2', 'esac', 'rp_2024_s2', 43, 10, 1502266, 5, 7, '2024-09-12T09:00:00Z', '2025-01-20T15:00:00Z'),
('rk_esac_rp_2025_s1', 'esac', 'rp_2025_s1', 50, 13, 1563925, 8, 5, '2025-02-14T09:00:00Z', '2025-06-22T15:00:00Z'),
('rk_esac_rp_2025_s2', 'esac', 'rp_2025_s2', 50, 15, 1673784, 7, 6, '2025-09-10T09:00:00Z', '2026-01-25T15:00:00Z'),
('rk_esac_rp_2026_s2', 'esac', 'rp_2026_s2', 47, 17, 1725327, 9, 5, '2026-02-08T09:00:00Z', '2026-04-25T10:00:00Z'),
('rk_ipeib_rp_2024_s2', 'ipeib', 'rp_2024_s2', 74, 6, 615603, 6, 6, '2024-09-12T09:00:00Z', '2025-01-20T15:00:00Z'),
('rk_ipeib_rp_2025_s1', 'ipeib', 'rp_2025_s1', 79, 8, 668197, 7, 7, '2025-02-14T09:00:00Z', '2025-06-22T15:00:00Z'),
('rk_ipeib_rp_2025_s2', 'ipeib', 'rp_2025_s2', 75, 6, 623631, 10, 6, '2025-09-10T09:00:00Z', '2026-01-25T15:00:00Z'),
('rk_ipeib_rp_2026_s2', 'ipeib', 'rp_2026_s2', 73, 7, 603973, 9, 8, '2026-02-08T09:00:00Z', '2026-04-25T10:00:00Z'),
('rk_ihec_rp_2024_s2', 'ihec', 'rp_2024_s2', 61, 13, 1401152, 10, 7, '2024-09-12T09:00:00Z', '2025-01-20T15:00:00Z'),
('rk_ihec_rp_2025_s1', 'ihec', 'rp_2025_s1', 64, 12, 1412379, 12, 7, '2025-02-14T09:00:00Z', '2025-06-22T15:00:00Z'),
('rk_ihec_rp_2025_s2', 'ihec', 'rp_2025_s2', 63, 15, 1393025, 10, 8, '2025-09-10T09:00:00Z', '2026-01-25T15:00:00Z'),
('rk_ihec_rp_2026_s2', 'ihec', 'rp_2026_s2', 65, 15, 1386484, 10, 7, '2026-02-08T09:00:00Z', '2026-04-25T10:00:00Z'),
('rk_insat_rp_2024_s2', 'insat', 'rp_2024_s2', 60, 15, 364010, 11, 0, '2024-09-12T09:00:00Z', '2025-01-20T15:00:00Z'),
('rk_insat_rp_2025_s1', 'insat', 'rp_2025_s1', 59, 15, 384694, 11, 1, '2025-02-14T09:00:00Z', '2025-06-22T15:00:00Z'),
('rk_insat_rp_2025_s2', 'insat', 'rp_2025_s2', 69, 14, 338725, 10, 3, '2025-09-10T09:00:00Z', '2026-01-25T15:00:00Z'),
('rk_insat_rp_2026_s2', 'insat', 'rp_2026_s2', 68, 13, 318956, 12, 5, '2026-02-08T09:00:00Z', '2026-04-25T10:00:00Z'),
('rk_instm_rp_2024_s2', 'instm', 'rp_2024_s2', 58, 26, 796135, 7, 6, '2024-09-12T09:00:00Z', '2025-01-20T15:00:00Z'),
('rk_instm_rp_2025_s1', 'instm', 'rp_2025_s1', 59, 29, 881245, 8, 8, '2025-02-14T09:00:00Z', '2025-06-22T15:00:00Z'),
('rk_instm_rp_2025_s2', 'instm', 'rp_2025_s2', 61, 28, 940616, 9, 6, '2025-09-10T09:00:00Z', '2026-01-25T15:00:00Z'),
('rk_instm_rp_2026_s2', 'instm', 'rp_2026_s2', 57, 30, 1001600, 7, 7, '2026-02-08T09:00:00Z', '2026-04-25T10:00:00Z'),
('rk_issatm_rp_2024_s2', 'issatm', 'rp_2024_s2', 73, 24, 1444728, 14, 0, '2024-09-12T09:00:00Z', '2025-01-20T15:00:00Z'),
('rk_issatm_rp_2025_s1', 'issatm', 'rp_2025_s1', 82, 24, 1422526, 15, 1, '2025-02-14T09:00:00Z', '2025-06-22T15:00:00Z'),
('rk_issatm_rp_2025_s2', 'issatm', 'rp_2025_s2', 82, 27, 1476598, 14, 1, '2025-09-10T09:00:00Z', '2026-01-25T15:00:00Z'),
('rk_issatm_rp_2026_s2', 'issatm', 'rp_2026_s2', 94, 28, 1481741, 14, 0, '2026-02-08T09:00:00Z', '2026-04-25T10:00:00Z'),
('rk_ipein_rp_2024_s2', 'ipein', 'rp_2024_s2', 49, 15, 1150626, 5, 8, '2024-09-12T09:00:00Z', '2025-01-20T15:00:00Z'),
('rk_ipein_rp_2025_s1', 'ipein', 'rp_2025_s1', 51, 14, 1242507, 5, 7, '2025-02-14T09:00:00Z', '2025-06-22T15:00:00Z'),
('rk_ipein_rp_2025_s2', 'ipein', 'rp_2025_s2', 56, 14, 1317924, 4, 8, '2025-09-10T09:00:00Z', '2026-01-25T15:00:00Z'),
('rk_ipein_rp_2026_s2', 'ipein', 'rp_2026_s2', 61, 16, 1301130, 5, 8, '2026-02-08T09:00:00Z', '2026-04-25T10:00:00Z'),
('rk_ipest_rp_2024_s2', 'ipest', 'rp_2024_s2', 58, 14, 986363, 15, 9, '2024-09-12T09:00:00Z', '2025-01-20T15:00:00Z'),
('rk_ipest_rp_2025_s1', 'ipest', 'rp_2025_s1', 62, 16, 934843, 17, 9, '2025-02-14T09:00:00Z', '2025-06-22T15:00:00Z'),
('rk_ipest_rp_2025_s2', 'ipest', 'rp_2025_s2', 61, 16, 899237, 17, 9, '2025-09-10T09:00:00Z', '2026-01-25T15:00:00Z'),
('rk_ipest_rp_2026_s2', 'ipest', 'rp_2026_s2', 68, 19, 948706, 19, 12, '2026-02-08T09:00:00Z', '2026-04-25T10:00:00Z'),
('rk_isban_rp_2024_s2', 'isban', 'rp_2024_s2', 17, 24, 571525, 8, 6, '2024-09-12T09:00:00Z', '2025-01-20T15:00:00Z'),
('rk_isban_rp_2025_s1', 'isban', 'rp_2025_s1', 22, 25, 536807, 7, 6, '2025-02-14T09:00:00Z', '2025-06-22T15:00:00Z'),
('rk_isban_rp_2025_s2', 'isban', 'rp_2025_s2', 17, 27, 541573, 6, 8, '2025-09-10T09:00:00Z', '2026-01-25T15:00:00Z'),
('rk_isban_rp_2026_s2', 'isban', 'rp_2026_s2', 27, 27, 610554, 7, 8, '2026-02-08T09:00:00Z', '2026-04-25T10:00:00Z'),
('rk_isteub_rp_2024_s2', 'isteub', 'rp_2024_s2', 44, 9, 419220, 13, 0, '2024-09-12T09:00:00Z', '2025-01-20T15:00:00Z'),
('rk_isteub_rp_2025_s1', 'isteub', 'rp_2025_s1', 52, 11, 397941, 14, 0, '2025-02-14T09:00:00Z', '2025-06-22T15:00:00Z'),
('rk_isteub_rp_2025_s2', 'isteub', 'rp_2025_s2', 56, 9, 357721, 14, 1, '2025-09-10T09:00:00Z', '2026-01-25T15:00:00Z'),
('rk_isteub_rp_2026_s2', 'isteub', 'rp_2026_s2', 58, 10, 375534, 15, 0, '2026-02-08T09:00:00Z', '2026-04-25T10:00:00Z'),
('rk_islt_rp_2024_s2', 'islt', 'rp_2024_s2', 62, 23, 282715, 14, 7, '2024-09-12T09:00:00Z', '2025-01-20T15:00:00Z'),
('rk_islt_rp_2025_s1', 'islt', 'rp_2025_s1', 65, 22, 267685, 14, 7, '2025-02-14T09:00:00Z', '2025-06-22T15:00:00Z'),
('rk_islt_rp_2025_s2', 'islt', 'rp_2025_s2', 66, 23, 408498, 14, 7, '2025-09-10T09:00:00Z', '2026-01-25T15:00:00Z'),
('rk_islt_rp_2026_s2', 'islt', 'rp_2026_s2', 72, 24, 398754, 16, 9, '2026-02-08T09:00:00Z', '2026-04-25T10:00:00Z'),
('rk_isln_rp_2024_s2', 'isln', 'rp_2024_s2', 52, 11, 1339978, 8, 2, '2024-09-12T09:00:00Z', '2025-01-20T15:00:00Z'),
('rk_isln_rp_2025_s1', 'isln', 'rp_2025_s1', 54, 12, 1432639, 9, 3, '2025-02-14T09:00:00Z', '2025-06-22T15:00:00Z'),
('rk_isln_rp_2025_s2', 'isln', 'rp_2025_s2', 60, 14, 1479868, 10, 3, '2025-09-10T09:00:00Z', '2026-01-25T15:00:00Z'),
('rk_isln_rp_2026_s2', 'isln', 'rp_2026_s2', 60, 17, 1508234, 12, 3, '2026-02-08T09:00:00Z', '2026-04-25T10:00:00Z'),
('rk_isste_rp_2024_s2', 'isste', 'rp_2024_s2', 32, 18, 340205, 13, 4, '2024-09-12T09:00:00Z', '2025-01-20T15:00:00Z'),
('rk_isste_rp_2025_s1', 'isste', 'rp_2025_s1', 30, 20, 372496, 13, 4, '2025-02-14T09:00:00Z', '2025-06-22T15:00:00Z'),
('rk_isste_rp_2025_s2', 'isste', 'rp_2025_s2', 36, 18, 411100, 15, 6, '2025-09-10T09:00:00Z', '2026-01-25T15:00:00Z'),
('rk_isste_rp_2026_s2', 'isste', 'rp_2026_s2', 36, 19, 424803, 17, 8, '2026-02-08T09:00:00Z', '2026-04-25T10:00:00Z'),
('rk_istic_rp_2024_s2', 'istic', 'rp_2024_s2', 11, 5, 786236, 11, 6, '2024-09-12T09:00:00Z', '2025-01-20T15:00:00Z'),
('rk_istic_rp_2025_s1', 'istic', 'rp_2025_s1', 12, 5, 928656, 11, 7, '2025-02-14T09:00:00Z', '2025-06-22T15:00:00Z'),
('rk_istic_rp_2025_s2', 'istic', 'rp_2025_s2', 18, 5, 951040, 10, 8, '2025-09-10T09:00:00Z', '2026-01-25T15:00:00Z'),
('rk_istic_rp_2026_s2', 'istic', 'rp_2026_s2', 17, 7, 962208, 9, 9, '2026-02-08T09:00:00Z', '2026-04-25T10:00:00Z'),
('rk_isgb_rp_2024_s2', 'isgb', 'rp_2024_s2', 13, 28, 885087, 4, 4, '2024-09-12T09:00:00Z', '2025-01-20T15:00:00Z'),
('rk_isgb_rp_2025_s1', 'isgb', 'rp_2025_s1', 8, 27, 823846, 3, 4, '2025-02-14T09:00:00Z', '2025-06-22T15:00:00Z'),
('rk_isgb_rp_2025_s2', 'isgb', 'rp_2025_s2', 8, 27, 881123, 5, 6, '2025-09-10T09:00:00Z', '2026-01-25T15:00:00Z'),
('rk_isgb_rp_2026_s2', 'isgb', 'rp_2026_s2', 10, 27, 840807, 5, 5, '2026-02-08T09:00:00Z', '2026-04-25T10:00:00Z'),
('rk_isepbg_rp_2024_s2', 'isepbg', 'rp_2024_s2', 52, 3, 949659, 5, 6, '2024-09-12T09:00:00Z', '2025-01-20T15:00:00Z'),
('rk_isepbg_rp_2025_s1', 'isepbg', 'rp_2025_s1', 55, 5, 953401, 5, 8, '2025-02-14T09:00:00Z', '2025-06-22T15:00:00Z'),
('rk_isepbg_rp_2025_s2', 'isepbg', 'rp_2025_s2', 53, 6, 984802, 8, 8, '2025-09-10T09:00:00Z', '2026-01-25T15:00:00Z'),
('rk_isepbg_rp_2026_s2', 'isepbg', 'rp_2026_s2', 62, 5, 978089, 7, 8, '2026-02-08T09:00:00Z', '2026-04-25T10:00:00Z'),
('rk_supcom_rp_2024_s2', 'supcom', 'rp_2024_s2', 10, 14, 934355, 6, 7, '2024-09-12T09:00:00Z', '2025-01-20T15:00:00Z'),
('rk_supcom_rp_2025_s1', 'supcom', 'rp_2025_s1', 15, 16, 1040075, 9, 9, '2025-02-14T09:00:00Z', '2025-06-22T15:00:00Z'),
('rk_supcom_rp_2025_s2', 'supcom', 'rp_2025_s2', 17, 16, 1091510, 10, 8, '2025-09-10T09:00:00Z', '2026-01-25T15:00:00Z'),
('rk_supcom_rp_2026_s2', 'supcom', 'rp_2026_s2', 19, 14, 1145528, 10, 9, '2026-02-08T09:00:00Z', '2026-04-25T10:00:00Z'),
('rk_esamograne_rp_2024_s2', 'esamograne', 'rp_2024_s2', 52, 22, 1103554, 9, 5, '2024-09-12T09:00:00Z', '2025-01-20T15:00:00Z'),
('rk_esamograne_rp_2025_s1', 'esamograne', 'rp_2025_s1', 51, 21, 1058791, 9, 7, '2025-02-14T09:00:00Z', '2025-06-22T15:00:00Z'),
('rk_esamograne_rp_2025_s2', 'esamograne', 'rp_2025_s2', 62, 22, 1116491, 12, 7, '2025-09-10T09:00:00Z', '2026-01-25T15:00:00Z'),
('rk_esamograne_rp_2026_s2', 'esamograne', 'rp_2026_s2', 60, 21, 1177826, 13, 5, '2026-02-08T09:00:00Z', '2026-04-25T10:00:00Z'),
('rk_esamateur_rp_2024_s2', 'esamateur', 'rp_2024_s2', 25, 12, 1143013, 7, 0, '2024-09-12T09:00:00Z', '2025-01-20T15:00:00Z'),
('rk_esamateur_rp_2025_s1', 'esamateur', 'rp_2025_s1', 34, 14, 1151612, 7, 2, '2025-02-14T09:00:00Z', '2025-06-22T15:00:00Z'),
('rk_esamateur_rp_2025_s2', 'esamateur', 'rp_2025_s2', 38, 15, 1103183, 7, 4, '2025-09-10T09:00:00Z', '2026-01-25T15:00:00Z'),
('rk_esamateur_rp_2026_s2', 'esamateur', 'rp_2026_s2', 38, 18, 1064860, 10, 5, '2026-02-08T09:00:00Z', '2026-04-25T10:00:00Z'),
('rk_esiat_rp_2024_s2', 'esiat', 'rp_2024_s2', 30, 10, 833387, 7, 0, '2024-09-12T09:00:00Z', '2025-01-20T15:00:00Z'),
('rk_esiat_rp_2025_s1', 'esiat', 'rp_2025_s1', 31, 9, 796976, 9, 2, '2025-02-14T09:00:00Z', '2025-06-22T15:00:00Z'),
('rk_esiat_rp_2025_s2', 'esiat', 'rp_2025_s2', 39, 10, 839550, 11, 3, '2025-09-10T09:00:00Z', '2026-01-25T15:00:00Z'),
('rk_esiat_rp_2026_s2', 'esiat', 'rp_2026_s2', 47, 9, 878105, 12, 2, '2026-02-08T09:00:00Z', '2026-04-25T10:00:00Z'),
('rk_ispab_rp_2024_s2', 'ispab', 'rp_2024_s2', 52, 17, 1515348, 11, 9, '2024-09-12T09:00:00Z', '2025-01-20T15:00:00Z'),
('rk_ispab_rp_2025_s1', 'ispab', 'rp_2025_s1', 52, 18, 1519192, 12, 9, '2025-02-14T09:00:00Z', '2025-06-22T15:00:00Z'),
('rk_ispab_rp_2025_s2', 'ispab', 'rp_2025_s2', 60, 21, 1530565, 12, 9, '2025-09-10T09:00:00Z', '2026-01-25T15:00:00Z'),
('rk_ispab_rp_2026_s2', 'ispab', 'rp_2026_s2', 64, 22, 1649560, 12, 8, '2026-02-08T09:00:00Z', '2026-04-25T10:00:00Z'),
('rk_intes_rp_2024_s2', 'intes', 'rp_2024_s2', 46, 26, 264148, 4, 3, '2024-09-12T09:00:00Z', '2025-01-20T15:00:00Z'),
('rk_intes_rp_2025_s1', 'intes', 'rp_2025_s1', 47, 28, 369950, 6, 6, '2025-02-14T09:00:00Z', '2025-06-22T15:00:00Z'),
('rk_intes_rp_2025_s2', 'intes', 'rp_2025_s2', 54, 30, 372280, 8, 5, '2025-09-10T09:00:00Z', '2026-01-25T15:00:00Z'),
('rk_intes_rp_2026_s2', 'intes', 'rp_2026_s2', 56, 30, 526295, 9, 8, '2026-02-08T09:00:00Z', '2026-04-25T10:00:00Z'),
('rk_isce_rp_2024_s2', 'isce', 'rp_2024_s2', 65, 26, 1047797, 4, 7, '2024-09-12T09:00:00Z', '2025-01-20T15:00:00Z'),
('rk_isce_rp_2025_s1', 'isce', 'rp_2025_s1', 63, 26, 992725, 5, 8, '2025-02-14T09:00:00Z', '2025-06-22T15:00:00Z'),
('rk_isce_rp_2025_s2', 'isce', 'rp_2025_s2', 66, 30, 935996, 4, 10, '2025-09-10T09:00:00Z', '2026-01-25T15:00:00Z'),
('rk_isce_rp_2026_s2', 'isce', 'rp_2026_s2', 70, 32, 997100, 5, 10, '2026-02-08T09:00:00Z', '2026-04-25T10:00:00Z'),
('rk_inat_rp_2024_s2', 'inat', 'rp_2024_s2', 38, 18, 637873, 5, 6, '2024-09-12T09:00:00Z', '2025-01-20T15:00:00Z'),
('rk_inat_rp_2025_s1', 'inat', 'rp_2025_s1', 38, 17, 670382, 4, 9, '2025-02-14T09:00:00Z', '2025-06-22T15:00:00Z'),
('rk_inat_rp_2025_s2', 'inat', 'rp_2025_s2', 41, 17, 710013, 3, 8, '2025-09-10T09:00:00Z', '2026-01-25T15:00:00Z'),
('rk_inat_rp_2026_s2', 'inat', 'rp_2026_s2', 40, 19, 729898, 4, 10, '2026-02-08T09:00:00Z', '2026-04-25T10:00:00Z'),
('rk_ihet_rp_2024_s2', 'ihet', 'rp_2024_s2', 46, 13, 1015027, 17, 0, '2024-09-12T09:00:00Z', '2025-01-20T15:00:00Z'),
('rk_ihet_rp_2025_s1', 'ihet', 'rp_2025_s1', 48, 13, 1052123, 17, 0, '2025-02-14T09:00:00Z', '2025-06-22T15:00:00Z'),
('rk_ihet_rp_2025_s2', 'ihet', 'rp_2025_s2', 55, 11, 1091285, 17, 2, '2025-09-10T09:00:00Z', '2026-01-25T15:00:00Z'),
('rk_ihet_rp_2026_s2', 'ihet', 'rp_2026_s2', 59, 12, 1090347, 19, 4, '2026-02-08T09:00:00Z', '2026-04-25T10:00:00Z'),
('rk_inrat_rp_2024_s2', 'inrat', 'rp_2024_s2', 70, 15, 655424, 5, 5, '2024-09-12T09:00:00Z', '2025-01-20T15:00:00Z'),
('rk_inrat_rp_2025_s1', 'inrat', 'rp_2025_s1', 70, 17, 735872, 4, 7, '2025-02-14T09:00:00Z', '2025-06-22T15:00:00Z'),
('rk_inrat_rp_2025_s2', 'inrat', 'rp_2025_s2', 78, 18, 787610, 6, 9, '2025-09-10T09:00:00Z', '2026-01-25T15:00:00Z'),
('rk_inrat_rp_2026_s2', 'inrat', 'rp_2026_s2', 79, 20, 875582, 7, 9, '2026-02-08T09:00:00Z', '2026-04-25T10:00:00Z'),
('rk_enib_rp_2024_s2', 'enib', 'rp_2024_s2', 33, 25, 1005519, 11, 0, '2024-09-12T09:00:00Z', '2025-01-20T15:00:00Z'),
('rk_enib_rp_2025_s1', 'enib', 'rp_2025_s1', 40, 25, 1121376, 13, 0, '2025-02-14T09:00:00Z', '2025-06-22T15:00:00Z'),
('rk_enib_rp_2025_s2', 'enib', 'rp_2025_s2', 35, 26, 1177700, 13, 0, '2025-09-10T09:00:00Z', '2026-01-25T15:00:00Z'),
('rk_enib_rp_2026_s2', 'enib', 'rp_2026_s2', 33, 26, 1199804, 13, 1, '2026-02-08T09:00:00Z', '2026-04-25T10:00:00Z');

INSERT INTO infrastructure_kpis (id, institution_id, reporting_period_id, classroom_occupancy_pct, equipment_availability_pct, it_equipment_status, ongoing_projects_count, maintenance_backlog_days, created_at, updated_at) VALUES
('infk_fsjpst_rp_2024_s2', 'fsjpst', 'rp_2024_s2', 75.5, 83.6, 86.0, 5, 10, '2024-09-12T09:00:00Z', '2025-01-20T15:00:00Z'),
('infk_fsjpst_rp_2025_s1', 'fsjpst', 'rp_2025_s1', 75.7, 84.4, 86.3, 7, 7, '2025-02-14T09:00:00Z', '2025-06-22T15:00:00Z'),
('infk_fsjpst_rp_2025_s2', 'fsjpst', 'rp_2025_s2', 76.7, 84.6, 85.9, 6, 6, '2025-09-10T09:00:00Z', '2026-01-25T15:00:00Z'),
('infk_fsjpst_rp_2026_s2', 'fsjpst', 'rp_2026_s2', 77.0, 85.8, 85.3, 7, 8, '2026-02-08T09:00:00Z', '2026-04-25T10:00:00Z'),
('infk_fsb_rp_2024_s2', 'fsb', 'rp_2024_s2', 90.5, 85.0, 67.9, 9, 5, '2024-09-12T09:00:00Z', '2025-01-20T15:00:00Z'),
('infk_fsb_rp_2025_s1', 'fsb', 'rp_2025_s1', 92.4, 85.0, 67.9, 9, 4, '2025-02-14T09:00:00Z', '2025-06-22T15:00:00Z'),
('infk_fsb_rp_2025_s2', 'fsb', 'rp_2025_s2', 93.1, 85.2, 68.1, 8, 8, '2025-09-10T09:00:00Z', '2026-01-25T15:00:00Z'),
('infk_fsb_rp_2026_s2', 'fsb', 'rp_2026_s2', 95.0, 85.2, 67.9, 9, 6, '2026-02-08T09:00:00Z', '2026-04-25T10:00:00Z'),
('infk_fsegn_rp_2024_s2', 'fsegn', 'rp_2024_s2', 63.3, 76.2, 91.6, 7, 2, '2024-09-12T09:00:00Z', '2025-01-20T15:00:00Z'),
('infk_fsegn_rp_2025_s1', 'fsegn', 'rp_2025_s1', 62.0, 76.2, 90.7, 7, 4, '2025-02-14T09:00:00Z', '2025-06-22T15:00:00Z'),
('infk_fsegn_rp_2025_s2', 'fsegn', 'rp_2025_s2', 60.9, 76.2, 91.6, 6, 7, '2025-09-10T09:00:00Z', '2026-01-25T15:00:00Z'),
('infk_fsegn_rp_2026_s2', 'fsegn', 'rp_2026_s2', 61.5, 75.8, 92.0, 7, 8, '2026-02-08T09:00:00Z', '2026-04-25T10:00:00Z'),
('infk_enau_rp_2024_s2', 'enau', 'rp_2024_s2', 84.8, 79.5, 84.3, 3, 8, '2024-09-12T09:00:00Z', '2025-01-20T15:00:00Z'),
('infk_enau_rp_2025_s1', 'enau', 'rp_2025_s1', 86.3, 79.5, 83.4, 2, 9, '2025-02-14T09:00:00Z', '2025-06-22T15:00:00Z'),
('infk_enau_rp_2025_s2', 'enau', 'rp_2025_s2', 87.0, 80.4, 84.4, 5, 6, '2025-09-10T09:00:00Z', '2026-01-25T15:00:00Z'),
('infk_enau_rp_2026_s2', 'enau', 'rp_2026_s2', 89.0, 81.6, 84.8, 6, 5, '2026-02-08T09:00:00Z', '2026-04-25T10:00:00Z'),
('infk_ept_rp_2024_s2', 'ept', 'rp_2024_s2', 72.2, 92.5, 66.1, 7, 16, '2024-09-12T09:00:00Z', '2025-01-20T15:00:00Z'),
('infk_ept_rp_2025_s1', 'ept', 'rp_2025_s1', 72.5, 92.7, 67.2, 8, 16, '2025-02-14T09:00:00Z', '2025-06-22T15:00:00Z'),
('infk_ept_rp_2025_s2', 'ept', 'rp_2025_s2', 71.7, 93.5, 66.0, 10, 18, '2025-09-10T09:00:00Z', '2026-01-25T15:00:00Z'),
('infk_ept_rp_2026_s2', 'ept', 'rp_2026_s2', 71.8, 93.5, 65.9, 11, 20, '2026-02-08T09:00:00Z', '2026-04-25T10:00:00Z'),
('infk_enicarthage_rp_2024_s2', 'enicarthage', 'rp_2024_s2', 91.8, 77.4, 80.3, 3, 19, '2024-09-12T09:00:00Z', '2025-01-20T15:00:00Z'),
('infk_enicarthage_rp_2025_s1', 'enicarthage', 'rp_2025_s1', 90.3, 76.5, 80.5, 1, 16, '2025-02-14T09:00:00Z', '2025-06-22T15:00:00Z'),
('infk_enicarthage_rp_2025_s2', 'enicarthage', 'rp_2025_s2', 89.6, 76.8, 80.6, 2, 13, '2025-09-10T09:00:00Z', '2026-01-25T15:00:00Z'),
('infk_enicarthage_rp_2026_s2', 'enicarthage', 'rp_2026_s2', 88.3, 75.9, 80.3, 1, 13, '2026-02-08T09:00:00Z', '2026-04-25T10:00:00Z'),
('infk_enstab_rp_2024_s2', 'enstab', 'rp_2024_s2', 66.5, 87.9, 83.1, 6, 4, '2024-09-12T09:00:00Z', '2025-01-20T15:00:00Z'),
('infk_enstab_rp_2025_s1', 'enstab', 'rp_2025_s1', 65.5, 87.4, 85.4, 8, 1, '2025-02-14T09:00:00Z', '2025-06-22T15:00:00Z'),
('infk_enstab_rp_2025_s2', 'enstab', 'rp_2025_s2', 65.2, 86.6, 86.3, 8, 0, '2025-09-10T09:00:00Z', '2026-01-25T15:00:00Z'),
('infk_enstab_rp_2026_s2', 'enstab', 'rp_2026_s2', 65.6, 86.8, 86.5, 10, 0, '2026-02-08T09:00:00Z', '2026-04-25T10:00:00Z'),
('infk_essai_rp_2024_s2', 'essai', 'rp_2024_s2', 89.6, 79.7, 84.1, 6, 6, '2024-09-12T09:00:00Z', '2025-01-20T15:00:00Z'),
('infk_essai_rp_2025_s1', 'essai', 'rp_2025_s1', 90.6, 79.6, 83.0, 8, 5, '2025-02-14T09:00:00Z', '2025-06-22T15:00:00Z'),
('infk_essai_rp_2025_s2', 'essai', 'rp_2025_s2', 92.3, 78.4, 83.1, 10, 7, '2025-09-10T09:00:00Z', '2026-01-25T15:00:00Z'),
('infk_essai_rp_2026_s2', 'essai', 'rp_2026_s2', 93.4, 78.2, 82.2, 10, 10, '2026-02-08T09:00:00Z', '2026-04-25T10:00:00Z'),
('infk_esac_rp_2024_s2', 'esac', 'rp_2024_s2', 82.4, 93.0, 86.5, 5, 26, '2024-09-12T09:00:00Z', '2025-01-20T15:00:00Z'),
('infk_esac_rp_2025_s1', 'esac', 'rp_2025_s1', 82.8, 92.3, 87.2, 7, 20, '2025-02-14T09:00:00Z', '2025-06-22T15:00:00Z'),
('infk_esac_rp_2025_s2', 'esac', 'rp_2025_s2', 84.2, 92.2, 87.6, 5, 21, '2025-09-10T09:00:00Z', '2026-01-25T15:00:00Z'),
('infk_esac_rp_2026_s2', 'esac', 'rp_2026_s2', 85.6, 91.8, 88.8, 7, 20, '2026-02-08T09:00:00Z', '2026-04-25T10:00:00Z'),
('infk_ipeib_rp_2024_s2', 'ipeib', 'rp_2024_s2', 65.4, 78.4, 72.7, 7, 5, '2024-09-12T09:00:00Z', '2025-01-20T15:00:00Z'),
('infk_ipeib_rp_2025_s1', 'ipeib', 'rp_2025_s1', 65.5, 79.0, 73.0, 7, 0, '2025-02-14T09:00:00Z', '2025-06-22T15:00:00Z'),
('infk_ipeib_rp_2025_s2', 'ipeib', 'rp_2025_s2', 64.5, 78.6, 74.2, 7, 0, '2025-09-10T09:00:00Z', '2026-01-25T15:00:00Z'),
('infk_ipeib_rp_2026_s2', 'ipeib', 'rp_2026_s2', 63.5, 78.5, 73.9, 7, 0, '2026-02-08T09:00:00Z', '2026-04-25T10:00:00Z'),
('infk_ihec_rp_2024_s2', 'ihec', 'rp_2024_s2', 74.2, 74.2, 90.2, 4, 9, '2024-09-12T09:00:00Z', '2025-01-20T15:00:00Z'),
('infk_ihec_rp_2025_s1', 'ihec', 'rp_2025_s1', 73.5, 74.1, 89.9, 3, 8, '2025-02-14T09:00:00Z', '2025-06-22T15:00:00Z'),
('infk_ihec_rp_2025_s2', 'ihec', 'rp_2025_s2', 72.0, 75.1, 90.5, 3, 9, '2025-09-10T09:00:00Z', '2026-01-25T15:00:00Z'),
('infk_ihec_rp_2026_s2', 'ihec', 'rp_2026_s2', 70.7, 74.8, 89.5, 3, 10, '2026-02-08T09:00:00Z', '2026-04-25T10:00:00Z'),
('infk_insat_rp_2024_s2', 'insat', 'rp_2024_s2', 75.1, 87.0, 75.7, 7, 15, '2024-09-12T09:00:00Z', '2025-01-20T15:00:00Z'),
('infk_insat_rp_2025_s1', 'insat', 'rp_2025_s1', 76.2, 87.6, 76.9, 7, 16, '2025-02-14T09:00:00Z', '2025-06-22T15:00:00Z'),
('infk_insat_rp_2025_s2', 'insat', 'rp_2025_s2', 78.7, 88.4, 77.8, 8, 15, '2025-09-10T09:00:00Z', '2026-01-25T15:00:00Z'),
('infk_insat_rp_2026_s2', 'insat', 'rp_2026_s2', 80.1, 89.0, 77.6, 9, 19, '2026-02-08T09:00:00Z', '2026-04-25T10:00:00Z'),
('infk_instm_rp_2024_s2', 'instm', 'rp_2024_s2', 74.8, 87.3, 66.0, 7, 8, '2024-09-12T09:00:00Z', '2025-01-20T15:00:00Z'),
('infk_instm_rp_2025_s1', 'instm', 'rp_2025_s1', 75.5, 87.5, 66.3, 9, 7, '2025-02-14T09:00:00Z', '2025-06-22T15:00:00Z'),
('infk_instm_rp_2025_s2', 'instm', 'rp_2025_s2', 78.0, 87.3, 65.5, 11, 6, '2025-09-10T09:00:00Z', '2026-01-25T15:00:00Z'),
('infk_instm_rp_2026_s2', 'instm', 'rp_2026_s2', 80.1, 87.1, 66.8, 11, 3, '2026-02-08T09:00:00Z', '2026-04-25T10:00:00Z'),
('infk_issatm_rp_2024_s2', 'issatm', 'rp_2024_s2', 83.3, 76.8, 71.7, 8, 26, '2024-09-12T09:00:00Z', '2025-01-20T15:00:00Z'),
('infk_issatm_rp_2025_s1', 'issatm', 'rp_2025_s1', 84.8, 77.4, 72.2, 10, 27, '2025-02-14T09:00:00Z', '2025-06-22T15:00:00Z'),
('infk_issatm_rp_2025_s2', 'issatm', 'rp_2025_s2', 86.7, 79.1, 73.5, 11, 28, '2025-09-10T09:00:00Z', '2026-01-25T15:00:00Z'),
('infk_issatm_rp_2026_s2', 'issatm', 'rp_2026_s2', 87.1, 79.8, 74.0, 12, 33, '2026-02-08T09:00:00Z', '2026-04-25T10:00:00Z'),
('infk_ipein_rp_2024_s2', 'ipein', 'rp_2024_s2', 71.9, 76.1, 83.0, 5, 14, '2024-09-12T09:00:00Z', '2025-01-20T15:00:00Z'),
('infk_ipein_rp_2025_s1', 'ipein', 'rp_2025_s1', 70.9, 77.4, 84.0, 4, 16, '2025-02-14T09:00:00Z', '2025-06-22T15:00:00Z'),
('infk_ipein_rp_2025_s2', 'ipein', 'rp_2025_s2', 70.4, 78.2, 83.7, 6, 19, '2025-09-10T09:00:00Z', '2026-01-25T15:00:00Z'),
('infk_ipein_rp_2026_s2', 'ipein', 'rp_2026_s2', 69.4, 78.5, 85.8, 5, 20, '2026-02-08T09:00:00Z', '2026-04-25T10:00:00Z'),
('infk_ipest_rp_2024_s2', 'ipest', 'rp_2024_s2', 84.8, 74.5, 88.8, 2, 23, '2024-09-12T09:00:00Z', '2025-01-20T15:00:00Z'),
('infk_ipest_rp_2025_s1', 'ipest', 'rp_2025_s1', 83.9, 74.7, 90.0, 4, 20, '2025-02-14T09:00:00Z', '2025-06-22T15:00:00Z'),
('infk_ipest_rp_2025_s2', 'ipest', 'rp_2025_s2', 83.9, 74.1, 91.1, 2, 19, '2025-09-10T09:00:00Z', '2026-01-25T15:00:00Z'),
('infk_ipest_rp_2026_s2', 'ipest', 'rp_2026_s2', 83.3, 74.2, 92.5, 4, 20, '2026-02-08T09:00:00Z', '2026-04-25T10:00:00Z'),
('infk_isban_rp_2024_s2', 'isban', 'rp_2024_s2', 69.7, 73.1, 69.0, 5, 15, '2024-09-12T09:00:00Z', '2025-01-20T15:00:00Z'),
('infk_isban_rp_2025_s1', 'isban', 'rp_2025_s1', 70.6, 73.3, 68.6, 4, 10, '2025-02-14T09:00:00Z', '2025-06-22T15:00:00Z'),
('infk_isban_rp_2025_s2', 'isban', 'rp_2025_s2', 70.1, 72.4, 69.0, 7, 10, '2025-09-10T09:00:00Z', '2026-01-25T15:00:00Z'),
('infk_isban_rp_2026_s2', 'isban', 'rp_2026_s2', 70.3, 73.0, 70.1, 6, 9, '2026-02-08T09:00:00Z', '2026-04-25T10:00:00Z'),
('infk_isteub_rp_2024_s2', 'isteub', 'rp_2024_s2', 70.1, 85.9, 76.6, 6, 4, '2024-09-12T09:00:00Z', '2025-01-20T15:00:00Z'),
('infk_isteub_rp_2025_s1', 'isteub', 'rp_2025_s1', 70.4, 85.3, 75.8, 8, 6, '2025-02-14T09:00:00Z', '2025-06-22T15:00:00Z'),
('infk_isteub_rp_2025_s2', 'isteub', 'rp_2025_s2', 70.6, 85.0, 76.9, 7, 8, '2025-09-10T09:00:00Z', '2026-01-25T15:00:00Z'),
('infk_isteub_rp_2026_s2', 'isteub', 'rp_2026_s2', 69.8, 84.4, 77.4, 9, 6, '2026-02-08T09:00:00Z', '2026-04-25T10:00:00Z'),
('infk_islt_rp_2024_s2', 'islt', 'rp_2024_s2', 75.8, 72.3, 91.2, 3, 13, '2024-09-12T09:00:00Z', '2025-01-20T15:00:00Z'),
('infk_islt_rp_2025_s1', 'islt', 'rp_2025_s1', 76.3, 73.3, 92.8, 5, 12, '2025-02-14T09:00:00Z', '2025-06-22T15:00:00Z'),
('infk_islt_rp_2025_s2', 'islt', 'rp_2025_s2', 78.1, 73.8, 94.0, 4, 7, '2025-09-10T09:00:00Z', '2026-01-25T15:00:00Z'),
('infk_islt_rp_2026_s2', 'islt', 'rp_2026_s2', 78.1, 74.3, 94.8, 7, 7, '2026-02-08T09:00:00Z', '2026-04-25T10:00:00Z'),
('infk_isln_rp_2024_s2', 'isln', 'rp_2024_s2', 67.1, 86.2, 72.8, 5, 5, '2024-09-12T09:00:00Z', '2025-01-20T15:00:00Z'),
('infk_isln_rp_2025_s1', 'isln', 'rp_2025_s1', 68.5, 85.5, 73.4, 7, 4, '2025-02-14T09:00:00Z', '2025-06-22T15:00:00Z'),
('infk_isln_rp_2025_s2', 'isln', 'rp_2025_s2', 68.9, 85.7, 72.7, 6, 3, '2025-09-10T09:00:00Z', '2026-01-25T15:00:00Z'),
('infk_isln_rp_2026_s2', 'isln', 'rp_2026_s2', 68.3, 85.4, 74.1, 6, 4, '2026-02-08T09:00:00Z', '2026-04-25T10:00:00Z'),
('infk_isste_rp_2024_s2', 'isste', 'rp_2024_s2', 68.3, 93.5, 66.7, 6, 17, '2024-09-12T09:00:00Z', '2025-01-20T15:00:00Z'),
('infk_isste_rp_2025_s1', 'isste', 'rp_2025_s1', 69.3, 92.8, 66.7, 8, 16, '2025-02-14T09:00:00Z', '2025-06-22T15:00:00Z'),
('infk_isste_rp_2025_s2', 'isste', 'rp_2025_s2', 69.6, 93.5, 66.9, 8, 17, '2025-09-10T09:00:00Z', '2026-01-25T15:00:00Z'),
('infk_isste_rp_2026_s2', 'isste', 'rp_2026_s2', 70.0, 93.1, 66.2, 11, 18, '2026-02-08T09:00:00Z', '2026-04-25T10:00:00Z'),
('infk_istic_rp_2024_s2', 'istic', 'rp_2024_s2', 67.7, 78.9, 86.6, 7, 7, '2024-09-12T09:00:00Z', '2025-01-20T15:00:00Z'),
('infk_istic_rp_2025_s1', 'istic', 'rp_2025_s1', 67.3, 80.1, 85.0, 7, 8, '2025-02-14T09:00:00Z', '2025-06-22T15:00:00Z'),
('infk_istic_rp_2025_s2', 'istic', 'rp_2025_s2', 68.8, 80.1, 85.4, 9, 13, '2025-09-10T09:00:00Z', '2026-01-25T15:00:00Z'),
('infk_istic_rp_2026_s2', 'istic', 'rp_2026_s2', 70.9, 81.2, 84.6, 10, 14, '2026-02-08T09:00:00Z', '2026-04-25T10:00:00Z'),
('infk_isgb_rp_2024_s2', 'isgb', 'rp_2024_s2', 81.4, 75.6, 82.7, 5, 9, '2024-09-12T09:00:00Z', '2025-01-20T15:00:00Z'),
('infk_isgb_rp_2025_s1', 'isgb', 'rp_2025_s1', 79.7, 75.6, 82.5, 6, 5, '2025-02-14T09:00:00Z', '2025-06-22T15:00:00Z'),
('infk_isgb_rp_2025_s2', 'isgb', 'rp_2025_s2', 79.0, 75.2, 82.1, 6, 7, '2025-09-10T09:00:00Z', '2026-01-25T15:00:00Z'),
('infk_isgb_rp_2026_s2', 'isgb', 'rp_2026_s2', 79.1, 76.0, 82.6, 4, 4, '2026-02-08T09:00:00Z', '2026-04-25T10:00:00Z'),
('infk_isepbg_rp_2024_s2', 'isepbg', 'rp_2024_s2', 63.7, 91.5, 82.0, 4, 12, '2024-09-12T09:00:00Z', '2025-01-20T15:00:00Z'),
('infk_isepbg_rp_2025_s1', 'isepbg', 'rp_2025_s1', 65.4, 91.7, 84.1, 3, 12, '2025-02-14T09:00:00Z', '2025-06-22T15:00:00Z'),
('infk_isepbg_rp_2025_s2', 'isepbg', 'rp_2025_s2', 65.2, 91.2, 84.0, 2, 13, '2025-09-10T09:00:00Z', '2026-01-25T15:00:00Z'),
('infk_isepbg_rp_2026_s2', 'isepbg', 'rp_2026_s2', 65.3, 91.4, 85.1, 4, 18, '2026-02-08T09:00:00Z', '2026-04-25T10:00:00Z'),
('infk_supcom_rp_2024_s2', 'supcom', 'rp_2024_s2', 69.4, 89.3, 73.5, 5, 7, '2024-09-12T09:00:00Z', '2025-01-20T15:00:00Z'),
('infk_supcom_rp_2025_s1', 'supcom', 'rp_2025_s1', 69.7, 89.5, 74.8, 6, 8, '2025-02-14T09:00:00Z', '2025-06-22T15:00:00Z'),
('infk_supcom_rp_2025_s2', 'supcom', 'rp_2025_s2', 69.5, 90.3, 75.6, 5, 11, '2025-09-10T09:00:00Z', '2026-01-25T15:00:00Z'),
('infk_supcom_rp_2026_s2', 'supcom', 'rp_2026_s2', 68.1, 91.2, 76.3, 6, 8, '2026-02-08T09:00:00Z', '2026-04-25T10:00:00Z'),
('infk_esamograne_rp_2024_s2', 'esamograne', 'rp_2024_s2', 65.7, 85.2, 70.6, 4, 6, '2024-09-12T09:00:00Z', '2025-01-20T15:00:00Z'),
('infk_esamograne_rp_2025_s1', 'esamograne', 'rp_2025_s1', 65.0, 84.5, 71.2, 4, 7, '2025-02-14T09:00:00Z', '2025-06-22T15:00:00Z'),
('infk_esamograne_rp_2025_s2', 'esamograne', 'rp_2025_s2', 63.9, 84.3, 73.2, 5, 7, '2025-09-10T09:00:00Z', '2026-01-25T15:00:00Z'),
('infk_esamograne_rp_2026_s2', 'esamograne', 'rp_2026_s2', 63.4, 84.3, 74.0, 6, 10, '2026-02-08T09:00:00Z', '2026-04-25T10:00:00Z'),
('infk_esamateur_rp_2024_s2', 'esamateur', 'rp_2024_s2', 88.1, 83.5, 69.9, 6, 3, '2024-09-12T09:00:00Z', '2025-01-20T15:00:00Z'),
('infk_esamateur_rp_2025_s1', 'esamateur', 'rp_2025_s1', 86.5, 84.6, 70.9, 7, 4, '2025-02-14T09:00:00Z', '2025-06-22T15:00:00Z'),
('infk_esamateur_rp_2025_s2', 'esamateur', 'rp_2025_s2', 88.5, 85.3, 70.1, 10, 3, '2025-09-10T09:00:00Z', '2026-01-25T15:00:00Z'),
('infk_esamateur_rp_2026_s2', 'esamateur', 'rp_2026_s2', 87.8, 86.3, 71.7, 10, 3, '2026-02-08T09:00:00Z', '2026-04-25T10:00:00Z'),
('infk_esiat_rp_2024_s2', 'esiat', 'rp_2024_s2', 74.2, 84.3, 86.5, 4, 6, '2024-09-12T09:00:00Z', '2025-01-20T15:00:00Z'),
('infk_esiat_rp_2025_s1', 'esiat', 'rp_2025_s1', 73.6, 83.9, 85.9, 6, 6, '2025-02-14T09:00:00Z', '2025-06-22T15:00:00Z'),
('infk_esiat_rp_2025_s2', 'esiat', 'rp_2025_s2', 74.0, 83.3, 86.5, 7, 2, '2025-09-10T09:00:00Z', '2026-01-25T15:00:00Z'),
('infk_esiat_rp_2026_s2', 'esiat', 'rp_2026_s2', 74.4, 83.9, 86.8, 8, 3, '2026-02-08T09:00:00Z', '2026-04-25T10:00:00Z'),
('infk_ispab_rp_2024_s2', 'ispab', 'rp_2024_s2', 84.9, 75.3, 85.4, 6, 23, '2024-09-12T09:00:00Z', '2025-01-20T15:00:00Z'),
('infk_ispab_rp_2025_s1', 'ispab', 'rp_2025_s1', 85.1, 75.2, 87.2, 8, 27, '2025-02-14T09:00:00Z', '2025-06-22T15:00:00Z'),
('infk_ispab_rp_2025_s2', 'ispab', 'rp_2025_s2', 84.7, 75.2, 87.6, 9, 30, '2025-09-10T09:00:00Z', '2026-01-25T15:00:00Z'),
('infk_ispab_rp_2026_s2', 'ispab', 'rp_2026_s2', 84.3, 75.4, 88.9, 10, 33, '2026-02-08T09:00:00Z', '2026-04-25T10:00:00Z'),
('infk_intes_rp_2024_s2', 'intes', 'rp_2024_s2', 92.0, 94.6, 79.1, 9, 16, '2024-09-12T09:00:00Z', '2025-01-20T15:00:00Z'),
('infk_intes_rp_2025_s1', 'intes', 'rp_2025_s1', 93.3, 96.1, 79.0, 9, 19, '2025-02-14T09:00:00Z', '2025-06-22T15:00:00Z'),
('infk_intes_rp_2025_s2', 'intes', 'rp_2025_s2', 92.9, 96.5, 79.7, 9, 22, '2025-09-10T09:00:00Z', '2026-01-25T15:00:00Z'),
('infk_intes_rp_2026_s2', 'intes', 'rp_2026_s2', 93.5, 97.4, 79.8, 7, 23, '2026-02-08T09:00:00Z', '2026-04-25T10:00:00Z'),
('infk_isce_rp_2024_s2', 'isce', 'rp_2024_s2', 68.1, 74.2, 68.4, 3, 10, '2024-09-12T09:00:00Z', '2025-01-20T15:00:00Z'),
('infk_isce_rp_2025_s1', 'isce', 'rp_2025_s1', 67.6, 75.0, 68.3, 3, 11, '2025-02-14T09:00:00Z', '2025-06-22T15:00:00Z'),
('infk_isce_rp_2025_s2', 'isce', 'rp_2025_s2', 67.4, 76.0, 68.1, 5, 8, '2025-09-10T09:00:00Z', '2026-01-25T15:00:00Z'),
('infk_isce_rp_2026_s2', 'isce', 'rp_2026_s2', 65.4, 76.8, 67.5, 4, 9, '2026-02-08T09:00:00Z', '2026-04-25T10:00:00Z'),
('infk_inat_rp_2024_s2', 'inat', 'rp_2024_s2', 63.3, 77.6, 68.8, 2, 8, '2024-09-12T09:00:00Z', '2025-01-20T15:00:00Z'),
('infk_inat_rp_2025_s1', 'inat', 'rp_2025_s1', 64.0, 78.7, 69.8, 5, 6, '2025-02-14T09:00:00Z', '2025-06-22T15:00:00Z'),
('infk_inat_rp_2025_s2', 'inat', 'rp_2025_s2', 62.7, 79.3, 68.3, 6, 8, '2025-09-10T09:00:00Z', '2026-01-25T15:00:00Z'),
('infk_inat_rp_2026_s2', 'inat', 'rp_2026_s2', 61.8, 79.9, 69.4, 7, 8, '2026-02-08T09:00:00Z', '2026-04-25T10:00:00Z'),
('infk_ihet_rp_2024_s2', 'ihet', 'rp_2024_s2', 77.9, 85.6, 76.5, 8, 9, '2024-09-12T09:00:00Z', '2025-01-20T15:00:00Z'),
('infk_ihet_rp_2025_s1', 'ihet', 'rp_2025_s1', 77.2, 86.2, 76.5, 8, 8, '2025-02-14T09:00:00Z', '2025-06-22T15:00:00Z'),
('infk_ihet_rp_2025_s2', 'ihet', 'rp_2025_s2', 79.2, 86.7, 75.7, 8, 10, '2025-09-10T09:00:00Z', '2026-01-25T15:00:00Z'),
('infk_ihet_rp_2026_s2', 'ihet', 'rp_2026_s2', 79.0, 87.5, 75.6, 8, 5, '2026-02-08T09:00:00Z', '2026-04-25T10:00:00Z'),
('infk_inrat_rp_2024_s2', 'inrat', 'rp_2024_s2', 65.1, 93.2, 88.4, 6, 13, '2024-09-12T09:00:00Z', '2025-01-20T15:00:00Z'),
('infk_inrat_rp_2025_s1', 'inrat', 'rp_2025_s1', 64.7, 94.3, 89.0, 5, 12, '2025-02-14T09:00:00Z', '2025-06-22T15:00:00Z'),
('infk_inrat_rp_2025_s2', 'inrat', 'rp_2025_s2', 65.8, 94.6, 89.1, 4, 7, '2025-09-10T09:00:00Z', '2026-01-25T15:00:00Z'),
('infk_inrat_rp_2026_s2', 'inrat', 'rp_2026_s2', 65.7, 95.5, 89.7, 5, 8, '2026-02-08T09:00:00Z', '2026-04-25T10:00:00Z'),
('infk_enib_rp_2024_s2', 'enib', 'rp_2024_s2', 64.3, 78.9, 75.1, 1, 22, '2024-09-12T09:00:00Z', '2025-01-20T15:00:00Z'),
('infk_enib_rp_2025_s1', 'enib', 'rp_2025_s1', 66.0, 78.9, 76.4, 3, 28, '2025-02-14T09:00:00Z', '2025-06-22T15:00:00Z'),
('infk_enib_rp_2025_s2', 'enib', 'rp_2025_s2', 66.0, 79.3, 77.6, 2, 27, '2025-09-10T09:00:00Z', '2026-01-25T15:00:00Z'),
('infk_enib_rp_2026_s2', 'enib', 'rp_2026_s2', 67.0, 79.0, 77.8, 1, 31, '2026-02-08T09:00:00Z', '2026-04-25T10:00:00Z');

INSERT INTO partnership_kpis (id, institution_id, reporting_period_id, active_agreements_count, student_mobility_incoming, student_mobility_outgoing, international_projects, academic_networks_count, created_at, updated_at) VALUES
('partk_fsjpst_rp_2024_s2', 'fsjpst', 'rp_2024_s2', 25, 22, 13, 4, 9, '2024-09-12T09:00:00Z', '2025-01-20T15:00:00Z'),
('partk_fsjpst_rp_2025_s1', 'fsjpst', 'rp_2025_s1', 30, 24, 12, 3, 10, '2025-02-14T09:00:00Z', '2025-06-22T15:00:00Z'),
('partk_fsjpst_rp_2025_s2', 'fsjpst', 'rp_2025_s2', 28, 30, 14, 2, 10, '2025-09-10T09:00:00Z', '2026-01-25T15:00:00Z'),
('partk_fsjpst_rp_2026_s2', 'fsjpst', 'rp_2026_s2', 32, 30, 12, 3, 11, '2026-02-08T09:00:00Z', '2026-04-25T10:00:00Z'),
('partk_fsb_rp_2024_s2', 'fsb', 'rp_2024_s2', 32, 16, 7, 4, 7, '2024-09-12T09:00:00Z', '2025-01-20T15:00:00Z'),
('partk_fsb_rp_2025_s1', 'fsb', 'rp_2025_s1', 33, 13, 8, 5, 6, '2025-02-14T09:00:00Z', '2025-06-22T15:00:00Z'),
('partk_fsb_rp_2025_s2', 'fsb', 'rp_2025_s2', 39, 14, 6, 4, 5, '2025-09-10T09:00:00Z', '2026-01-25T15:00:00Z'),
('partk_fsb_rp_2026_s2', 'fsb', 'rp_2026_s2', 40, 15, 8, 3, 7, '2026-02-08T09:00:00Z', '2026-04-25T10:00:00Z'),
('partk_fsegn_rp_2024_s2', 'fsegn', 'rp_2024_s2', 7, 40, 22, 7, 2, '2024-09-12T09:00:00Z', '2025-01-20T15:00:00Z'),
('partk_fsegn_rp_2025_s1', 'fsegn', 'rp_2025_s1', 9, 40, 25, 8, 2, '2025-02-14T09:00:00Z', '2025-06-22T15:00:00Z'),
('partk_fsegn_rp_2025_s2', 'fsegn', 'rp_2025_s2', 10, 44, 29, 6, 4, '2025-09-10T09:00:00Z', '2026-01-25T15:00:00Z'),
('partk_fsegn_rp_2026_s2', 'fsegn', 'rp_2026_s2', 9, 49, 32, 8, 4, '2026-02-08T09:00:00Z', '2026-04-25T10:00:00Z'),
('partk_enau_rp_2024_s2', 'enau', 'rp_2024_s2', 34, 28, 18, 7, 10, '2024-09-12T09:00:00Z', '2025-01-20T15:00:00Z'),
('partk_enau_rp_2025_s1', 'enau', 'rp_2025_s1', 37, 32, 18, 7, 11, '2025-02-14T09:00:00Z', '2025-06-22T15:00:00Z'),
('partk_enau_rp_2025_s2', 'enau', 'rp_2025_s2', 38, 35, 17, 6, 12, '2025-09-10T09:00:00Z', '2026-01-25T15:00:00Z'),
('partk_enau_rp_2026_s2', 'enau', 'rp_2026_s2', 43, 36, 18, 7, 11, '2026-02-08T09:00:00Z', '2026-04-25T10:00:00Z'),
('partk_ept_rp_2024_s2', 'ept', 'rp_2024_s2', 15, 18, 25, 6, 13, '2024-09-12T09:00:00Z', '2025-01-20T15:00:00Z'),
('partk_ept_rp_2025_s1', 'ept', 'rp_2025_s1', 19, 20, 29, 5, 14, '2025-02-14T09:00:00Z', '2025-06-22T15:00:00Z'),
('partk_ept_rp_2025_s2', 'ept', 'rp_2025_s2', 17, 20, 31, 6, 14, '2025-09-10T09:00:00Z', '2026-01-25T15:00:00Z'),
('partk_ept_rp_2026_s2', 'ept', 'rp_2026_s2', 19, 19, 34, 5, 16, '2026-02-08T09:00:00Z', '2026-04-25T10:00:00Z'),
('partk_enicarthage_rp_2024_s2', 'enicarthage', 'rp_2024_s2', 30, 36, 32, 5, 5, '2024-09-12T09:00:00Z', '2025-01-20T15:00:00Z'),
('partk_enicarthage_rp_2025_s1', 'enicarthage', 'rp_2025_s1', 28, 35, 29, 5, 6, '2025-02-14T09:00:00Z', '2025-06-22T15:00:00Z'),
('partk_enicarthage_rp_2025_s2', 'enicarthage', 'rp_2025_s2', 30, 35, 32, 7, 9, '2025-09-10T09:00:00Z', '2026-01-25T15:00:00Z'),
('partk_enicarthage_rp_2026_s2', 'enicarthage', 'rp_2026_s2', 30, 36, 31, 9, 9, '2026-02-08T09:00:00Z', '2026-04-25T10:00:00Z'),
('partk_enstab_rp_2024_s2', 'enstab', 'rp_2024_s2', 23, 3, 18, 8, 7, '2024-09-12T09:00:00Z', '2025-01-20T15:00:00Z'),
('partk_enstab_rp_2025_s1', 'enstab', 'rp_2025_s1', 22, 8, 19, 8, 9, '2025-02-14T09:00:00Z', '2025-06-22T15:00:00Z'),
('partk_enstab_rp_2025_s2', 'enstab', 'rp_2025_s2', 22, 7, 20, 9, 11, '2025-09-10T09:00:00Z', '2026-01-25T15:00:00Z'),
('partk_enstab_rp_2026_s2', 'enstab', 'rp_2026_s2', 20, 7, 24, 8, 12, '2026-02-08T09:00:00Z', '2026-04-25T10:00:00Z'),
('partk_essai_rp_2024_s2', 'essai', 'rp_2024_s2', 24, 9, 19, 13, 9, '2024-09-12T09:00:00Z', '2025-01-20T15:00:00Z'),
('partk_essai_rp_2025_s1', 'essai', 'rp_2025_s1', 21, 9, 17, 15, 8, '2025-02-14T09:00:00Z', '2025-06-22T15:00:00Z'),
('partk_essai_rp_2025_s2', 'essai', 'rp_2025_s2', 26, 10, 17, 14, 9, '2025-09-10T09:00:00Z', '2026-01-25T15:00:00Z'),
('partk_essai_rp_2026_s2', 'essai', 'rp_2026_s2', 26, 9, 15, 17, 8, '2026-02-08T09:00:00Z', '2026-04-25T10:00:00Z'),
('partk_esac_rp_2024_s2', 'esac', 'rp_2024_s2', 13, 8, 31, 8, 5, '2024-09-12T09:00:00Z', '2025-01-20T15:00:00Z'),
('partk_esac_rp_2025_s1', 'esac', 'rp_2025_s1', 19, 9, 33, 9, 4, '2025-02-14T09:00:00Z', '2025-06-22T15:00:00Z'),
('partk_esac_rp_2025_s2', 'esac', 'rp_2025_s2', 19, 6, 36, 10, 4, '2025-09-10T09:00:00Z', '2026-01-25T15:00:00Z'),
('partk_esac_rp_2026_s2', 'esac', 'rp_2026_s2', 26, 10, 39, 13, 5, '2026-02-08T09:00:00Z', '2026-04-25T10:00:00Z'),
('partk_ipeib_rp_2024_s2', 'ipeib', 'rp_2024_s2', 47, 7, 24, 3, 11, '2024-09-12T09:00:00Z', '2025-01-20T15:00:00Z'),
('partk_ipeib_rp_2025_s1', 'ipeib', 'rp_2025_s1', 46, 4, 26, 2, 13, '2025-02-14T09:00:00Z', '2025-06-22T15:00:00Z'),
('partk_ipeib_rp_2025_s2', 'ipeib', 'rp_2025_s2', 44, 4, 26, 3, 13, '2025-09-10T09:00:00Z', '2026-01-25T15:00:00Z'),
('partk_ipeib_rp_2026_s2', 'ipeib', 'rp_2026_s2', 43, 8, 31, 4, 15, '2026-02-08T09:00:00Z', '2026-04-25T10:00:00Z'),
('partk_ihec_rp_2024_s2', 'ihec', 'rp_2024_s2', 21, 28, 4, 7, 5, '2024-09-12T09:00:00Z', '2025-01-20T15:00:00Z'),
('partk_ihec_rp_2025_s1', 'ihec', 'rp_2025_s1', 25, 29, 5, 7, 5, '2025-02-14T09:00:00Z', '2025-06-22T15:00:00Z'),
('partk_ihec_rp_2025_s2', 'ihec', 'rp_2025_s2', 27, 33, 7, 9, 6, '2025-09-10T09:00:00Z', '2026-01-25T15:00:00Z'),
('partk_ihec_rp_2026_s2', 'ihec', 'rp_2026_s2', 25, 32, 6, 9, 7, '2026-02-08T09:00:00Z', '2026-04-25T10:00:00Z'),
('partk_insat_rp_2024_s2', 'insat', 'rp_2024_s2', 28, 30, 21, 5, 10, '2024-09-12T09:00:00Z', '2025-01-20T15:00:00Z'),
('partk_insat_rp_2025_s1', 'insat', 'rp_2025_s1', 30, 33, 21, 4, 12, '2025-02-14T09:00:00Z', '2025-06-22T15:00:00Z'),
('partk_insat_rp_2025_s2', 'insat', 'rp_2025_s2', 33, 35, 23, 6, 11, '2025-09-10T09:00:00Z', '2026-01-25T15:00:00Z'),
('partk_insat_rp_2026_s2', 'insat', 'rp_2026_s2', 35, 41, 24, 4, 14, '2026-02-08T09:00:00Z', '2026-04-25T10:00:00Z'),
('partk_instm_rp_2024_s2', 'instm', 'rp_2024_s2', 19, 5, 11, 3, 13, '2024-09-12T09:00:00Z', '2025-01-20T15:00:00Z'),
('partk_instm_rp_2025_s1', 'instm', 'rp_2025_s1', 23, 10, 11, 3, 15, '2025-02-14T09:00:00Z', '2025-06-22T15:00:00Z'),
('partk_instm_rp_2025_s2', 'instm', 'rp_2025_s2', 23, 15, 13, 1, 14, '2025-09-10T09:00:00Z', '2026-01-25T15:00:00Z'),
('partk_instm_rp_2026_s2', 'instm', 'rp_2026_s2', 24, 16, 20, 3, 15, '2026-02-08T09:00:00Z', '2026-04-25T10:00:00Z'),
('partk_issatm_rp_2024_s2', 'issatm', 'rp_2024_s2', 30, 30, 20, 8, 6, '2024-09-12T09:00:00Z', '2025-01-20T15:00:00Z'),
('partk_issatm_rp_2025_s1', 'issatm', 'rp_2025_s1', 30, 32, 19, 9, 9, '2025-02-14T09:00:00Z', '2025-06-22T15:00:00Z'),
('partk_issatm_rp_2025_s2', 'issatm', 'rp_2025_s2', 31, 31, 17, 12, 10, '2025-09-10T09:00:00Z', '2026-01-25T15:00:00Z'),
('partk_issatm_rp_2026_s2', 'issatm', 'rp_2026_s2', 31, 31, 17, 11, 10, '2026-02-08T09:00:00Z', '2026-04-25T10:00:00Z'),
('partk_ipein_rp_2024_s2', 'ipein', 'rp_2024_s2', 31, 22, 16, 3, 9, '2024-09-12T09:00:00Z', '2025-01-20T15:00:00Z'),
('partk_ipein_rp_2025_s1', 'ipein', 'rp_2025_s1', 33, 22, 21, 2, 8, '2025-02-14T09:00:00Z', '2025-06-22T15:00:00Z'),
('partk_ipein_rp_2025_s2', 'ipein', 'rp_2025_s2', 38, 27, 22, 1, 10, '2025-09-10T09:00:00Z', '2026-01-25T15:00:00Z'),
('partk_ipein_rp_2026_s2', 'ipein', 'rp_2026_s2', 41, 28, 24, 2, 12, '2026-02-08T09:00:00Z', '2026-04-25T10:00:00Z'),
('partk_ipest_rp_2024_s2', 'ipest', 'rp_2024_s2', 39, 17, 26, 4, 9, '2024-09-12T09:00:00Z', '2025-01-20T15:00:00Z'),
('partk_ipest_rp_2025_s1', 'ipest', 'rp_2025_s1', 43, 13, 25, 5, 9, '2025-02-14T09:00:00Z', '2025-06-22T15:00:00Z'),
('partk_ipest_rp_2025_s2', 'ipest', 'rp_2025_s2', 44, 16, 28, 3, 11, '2025-09-10T09:00:00Z', '2026-01-25T15:00:00Z'),
('partk_ipest_rp_2026_s2', 'ipest', 'rp_2026_s2', 51, 15, 29, 4, 10, '2026-02-08T09:00:00Z', '2026-04-25T10:00:00Z'),
('partk_isban_rp_2024_s2', 'isban', 'rp_2024_s2', 39, 30, 21, 11, 10, '2024-09-12T09:00:00Z', '2025-01-20T15:00:00Z'),
('partk_isban_rp_2025_s1', 'isban', 'rp_2025_s1', 41, 34, 27, 13, 12, '2025-02-14T09:00:00Z', '2025-06-22T15:00:00Z'),
('partk_isban_rp_2025_s2', 'isban', 'rp_2025_s2', 40, 34, 26, 12, 13, '2025-09-10T09:00:00Z', '2026-01-25T15:00:00Z'),
('partk_isban_rp_2026_s2', 'isban', 'rp_2026_s2', 43, 36, 29, 13, 13, '2026-02-08T09:00:00Z', '2026-04-25T10:00:00Z'),
('partk_isteub_rp_2024_s2', 'isteub', 'rp_2024_s2', 23, 16, 32, 5, 6, '2024-09-12T09:00:00Z', '2025-01-20T15:00:00Z'),
('partk_isteub_rp_2025_s1', 'isteub', 'rp_2025_s1', 24, 16, 28, 6, 4, '2025-02-14T09:00:00Z', '2025-06-22T15:00:00Z'),
('partk_isteub_rp_2025_s2', 'isteub', 'rp_2025_s2', 29, 18, 31, 5, 4, '2025-09-10T09:00:00Z', '2026-01-25T15:00:00Z'),
('partk_isteub_rp_2026_s2', 'isteub', 'rp_2026_s2', 28, 21, 30, 6, 6, '2026-02-08T09:00:00Z', '2026-04-25T10:00:00Z'),
('partk_islt_rp_2024_s2', 'islt', 'rp_2024_s2', 13, 22, 7, 10, 8, '2024-09-12T09:00:00Z', '2025-01-20T15:00:00Z'),
('partk_islt_rp_2025_s1', 'islt', 'rp_2025_s1', 17, 25, 5, 11, 8, '2025-02-14T09:00:00Z', '2025-06-22T15:00:00Z'),
('partk_islt_rp_2025_s2', 'islt', 'rp_2025_s2', 23, 26, 7, 11, 9, '2025-09-10T09:00:00Z', '2026-01-25T15:00:00Z'),
('partk_islt_rp_2026_s2', 'islt', 'rp_2026_s2', 26, 28, 5, 13, 10, '2026-02-08T09:00:00Z', '2026-04-25T10:00:00Z'),
('partk_isln_rp_2024_s2', 'isln', 'rp_2024_s2', 13, 15, 21, 3, 10, '2024-09-12T09:00:00Z', '2025-01-20T15:00:00Z'),
('partk_isln_rp_2025_s1', 'isln', 'rp_2025_s1', 18, 15, 23, 4, 9, '2025-02-14T09:00:00Z', '2025-06-22T15:00:00Z'),
('partk_isln_rp_2025_s2', 'isln', 'rp_2025_s2', 19, 19, 25, 3, 9, '2025-09-10T09:00:00Z', '2026-01-25T15:00:00Z'),
('partk_isln_rp_2026_s2', 'isln', 'rp_2026_s2', 22, 22, 29, 4, 10, '2026-02-08T09:00:00Z', '2026-04-25T10:00:00Z'),
('partk_isste_rp_2024_s2', 'isste', 'rp_2024_s2', 16, 9, 23, 2, 10, '2024-09-12T09:00:00Z', '2025-01-20T15:00:00Z'),
('partk_isste_rp_2025_s1', 'isste', 'rp_2025_s1', 18, 9, 25, 3, 13, '2025-02-14T09:00:00Z', '2025-06-22T15:00:00Z'),
('partk_isste_rp_2025_s2', 'isste', 'rp_2025_s2', 23, 8, 25, 3, 14, '2025-09-10T09:00:00Z', '2026-01-25T15:00:00Z'),
('partk_isste_rp_2026_s2', 'isste', 'rp_2026_s2', 27, 12, 27, 4, 13, '2026-02-08T09:00:00Z', '2026-04-25T10:00:00Z'),
('partk_istic_rp_2024_s2', 'istic', 'rp_2024_s2', 41, 37, 9, 0, 11, '2024-09-12T09:00:00Z', '2025-01-20T15:00:00Z'),
('partk_istic_rp_2025_s1', 'istic', 'rp_2025_s1', 43, 38, 9, 1, 12, '2025-02-14T09:00:00Z', '2025-06-22T15:00:00Z'),
('partk_istic_rp_2025_s2', 'istic', 'rp_2025_s2', 42, 41, 11, 4, 12, '2025-09-10T09:00:00Z', '2026-01-25T15:00:00Z'),
('partk_istic_rp_2026_s2', 'istic', 'rp_2026_s2', 45, 39, 14, 3, 14, '2026-02-08T09:00:00Z', '2026-04-25T10:00:00Z'),
('partk_isgb_rp_2024_s2', 'isgb', 'rp_2024_s2', 36, 18, 13, 8, 10, '2024-09-12T09:00:00Z', '2025-01-20T15:00:00Z'),
('partk_isgb_rp_2025_s1', 'isgb', 'rp_2025_s1', 40, 25, 16, 8, 8, '2025-02-14T09:00:00Z', '2025-06-22T15:00:00Z'),
('partk_isgb_rp_2025_s2', 'isgb', 'rp_2025_s2', 38, 24, 17, 9, 8, '2025-09-10T09:00:00Z', '2026-01-25T15:00:00Z'),
('partk_isgb_rp_2026_s2', 'isgb', 'rp_2026_s2', 41, 29, 20, 10, 8, '2026-02-08T09:00:00Z', '2026-04-25T10:00:00Z'),
('partk_isepbg_rp_2024_s2', 'isepbg', 'rp_2024_s2', 18, 8, 24, 10, 6, '2024-09-12T09:00:00Z', '2025-01-20T15:00:00Z'),
('partk_isepbg_rp_2025_s1', 'isepbg', 'rp_2025_s1', 22, 7, 25, 11, 8, '2025-02-14T09:00:00Z', '2025-06-22T15:00:00Z'),
('partk_isepbg_rp_2025_s2', 'isepbg', 'rp_2025_s2', 20, 8, 24, 12, 6, '2025-09-10T09:00:00Z', '2026-01-25T15:00:00Z'),
('partk_isepbg_rp_2026_s2', 'isepbg', 'rp_2026_s2', 18, 9, 27, 12, 7, '2026-02-08T09:00:00Z', '2026-04-25T10:00:00Z'),
('partk_supcom_rp_2024_s2', 'supcom', 'rp_2024_s2', 28, 22, 23, 13, 12, '2024-09-12T09:00:00Z', '2025-01-20T15:00:00Z'),
('partk_supcom_rp_2025_s1', 'supcom', 'rp_2025_s1', 28, 22, 20, 14, 13, '2025-02-14T09:00:00Z', '2025-06-22T15:00:00Z'),
('partk_supcom_rp_2025_s2', 'supcom', 'rp_2025_s2', 35, 23, 23, 13, 12, '2025-09-10T09:00:00Z', '2026-01-25T15:00:00Z'),
('partk_supcom_rp_2026_s2', 'supcom', 'rp_2026_s2', 36, 21, 22, 15, 12, '2026-02-08T09:00:00Z', '2026-04-25T10:00:00Z'),
('partk_esamograne_rp_2024_s2', 'esamograne', 'rp_2024_s2', 22, 35, 31, 4, 13, '2024-09-12T09:00:00Z', '2025-01-20T15:00:00Z'),
('partk_esamograne_rp_2025_s1', 'esamograne', 'rp_2025_s1', 25, 41, 37, 5, 15, '2025-02-14T09:00:00Z', '2025-06-22T15:00:00Z'),
('partk_esamograne_rp_2025_s2', 'esamograne', 'rp_2025_s2', 27, 43, 38, 7, 15, '2025-09-10T09:00:00Z', '2026-01-25T15:00:00Z'),
('partk_esamograne_rp_2026_s2', 'esamograne', 'rp_2026_s2', 31, 46, 40, 9, 17, '2026-02-08T09:00:00Z', '2026-04-25T10:00:00Z'),
('partk_esamateur_rp_2024_s2', 'esamateur', 'rp_2024_s2', 10, 21, 6, 13, 8, '2024-09-12T09:00:00Z', '2025-01-20T15:00:00Z'),
('partk_esamateur_rp_2025_s1', 'esamateur', 'rp_2025_s1', 16, 24, 6, 14, 6, '2025-02-14T09:00:00Z', '2025-06-22T15:00:00Z'),
('partk_esamateur_rp_2025_s2', 'esamateur', 'rp_2025_s2', 15, 28, 8, 13, 8, '2025-09-10T09:00:00Z', '2026-01-25T15:00:00Z'),
('partk_esamateur_rp_2026_s2', 'esamateur', 'rp_2026_s2', 22, 30, 12, 14, 6, '2026-02-08T09:00:00Z', '2026-04-25T10:00:00Z'),
('partk_esiat_rp_2024_s2', 'esiat', 'rp_2024_s2', 40, 4, 22, 5, 12, '2024-09-12T09:00:00Z', '2025-01-20T15:00:00Z'),
('partk_esiat_rp_2025_s1', 'esiat', 'rp_2025_s1', 42, 11, 25, 8, 15, '2025-02-14T09:00:00Z', '2025-06-22T15:00:00Z'),
('partk_esiat_rp_2025_s2', 'esiat', 'rp_2025_s2', 43, 11, 32, 8, 15, '2025-09-10T09:00:00Z', '2026-01-25T15:00:00Z'),
('partk_esiat_rp_2026_s2', 'esiat', 'rp_2026_s2', 50, 17, 32, 10, 17, '2026-02-08T09:00:00Z', '2026-04-25T10:00:00Z'),
('partk_ispab_rp_2024_s2', 'ispab', 'rp_2024_s2', 40, 6, 6, 14, 9, '2024-09-12T09:00:00Z', '2025-01-20T15:00:00Z'),
('partk_ispab_rp_2025_s1', 'ispab', 'rp_2025_s1', 42, 7, 11, 14, 9, '2025-02-14T09:00:00Z', '2025-06-22T15:00:00Z'),
('partk_ispab_rp_2025_s2', 'ispab', 'rp_2025_s2', 45, 10, 11, 16, 8, '2025-09-10T09:00:00Z', '2026-01-25T15:00:00Z'),
('partk_ispab_rp_2026_s2', 'ispab', 'rp_2026_s2', 45, 9, 16, 15, 10, '2026-02-08T09:00:00Z', '2026-04-25T10:00:00Z'),
('partk_intes_rp_2024_s2', 'intes', 'rp_2024_s2', 34, 34, 9, 7, 12, '2024-09-12T09:00:00Z', '2025-01-20T15:00:00Z'),
('partk_intes_rp_2025_s1', 'intes', 'rp_2025_s1', 37, 36, 11, 8, 13, '2025-02-14T09:00:00Z', '2025-06-22T15:00:00Z'),
('partk_intes_rp_2025_s2', 'intes', 'rp_2025_s2', 34, 38, 11, 9, 16, '2025-09-10T09:00:00Z', '2026-01-25T15:00:00Z'),
('partk_intes_rp_2026_s2', 'intes', 'rp_2026_s2', 38, 39, 9, 10, 16, '2026-02-08T09:00:00Z', '2026-04-25T10:00:00Z'),
('partk_isce_rp_2024_s2', 'isce', 'rp_2024_s2', 48, 37, 5, 5, 9, '2024-09-12T09:00:00Z', '2025-01-20T15:00:00Z'),
('partk_isce_rp_2025_s1', 'isce', 'rp_2025_s1', 51, 40, 8, 6, 9, '2025-02-14T09:00:00Z', '2025-06-22T15:00:00Z'),
('partk_isce_rp_2025_s2', 'isce', 'rp_2025_s2', 50, 44, 10, 7, 11, '2025-09-10T09:00:00Z', '2026-01-25T15:00:00Z'),
('partk_isce_rp_2026_s2', 'isce', 'rp_2026_s2', 54, 42, 11, 7, 10, '2026-02-08T09:00:00Z', '2026-04-25T10:00:00Z'),
('partk_inat_rp_2024_s2', 'inat', 'rp_2024_s2', 11, 26, 8, 2, 12, '2024-09-12T09:00:00Z', '2025-01-20T15:00:00Z'),
('partk_inat_rp_2025_s1', 'inat', 'rp_2025_s1', 10, 26, 12, 5, 13, '2025-02-14T09:00:00Z', '2025-06-22T15:00:00Z'),
('partk_inat_rp_2025_s2', 'inat', 'rp_2025_s2', 11, 25, 14, 6, 12, '2025-09-10T09:00:00Z', '2026-01-25T15:00:00Z'),
('partk_inat_rp_2026_s2', 'inat', 'rp_2026_s2', 12, 29, 13, 6, 14, '2026-02-08T09:00:00Z', '2026-04-25T10:00:00Z'),
('partk_ihet_rp_2024_s2', 'ihet', 'rp_2024_s2', 12, 10, 12, 4, 12, '2024-09-12T09:00:00Z', '2025-01-20T15:00:00Z'),
('partk_ihet_rp_2025_s1', 'ihet', 'rp_2025_s1', 15, 14, 12, 6, 14, '2025-02-14T09:00:00Z', '2025-06-22T15:00:00Z'),
('partk_ihet_rp_2025_s2', 'ihet', 'rp_2025_s2', 18, 15, 8, 7, 14, '2025-09-10T09:00:00Z', '2026-01-25T15:00:00Z'),
('partk_ihet_rp_2026_s2', 'ihet', 'rp_2026_s2', 24, 14, 8, 8, 14, '2026-02-08T09:00:00Z', '2026-04-25T10:00:00Z'),
('partk_inrat_rp_2024_s2', 'inrat', 'rp_2024_s2', 10, 22, 33, 12, 7, '2024-09-12T09:00:00Z', '2025-01-20T15:00:00Z'),
('partk_inrat_rp_2025_s1', 'inrat', 'rp_2025_s1', 9, 24, 32, 12, 8, '2025-02-14T09:00:00Z', '2025-06-22T15:00:00Z'),
('partk_inrat_rp_2025_s2', 'inrat', 'rp_2025_s2', 10, 23, 34, 13, 8, '2025-09-10T09:00:00Z', '2026-01-25T15:00:00Z'),
('partk_inrat_rp_2026_s2', 'inrat', 'rp_2026_s2', 14, 25, 35, 11, 9, '2026-02-08T09:00:00Z', '2026-04-25T10:00:00Z'),
('partk_enib_rp_2024_s2', 'enib', 'rp_2024_s2', 26, 19, 14, 8, 3, '2024-09-12T09:00:00Z', '2025-01-20T15:00:00Z'),
('partk_enib_rp_2025_s1', 'enib', 'rp_2025_s1', 25, 19, 20, 11, 2, '2025-02-14T09:00:00Z', '2025-06-22T15:00:00Z'),
('partk_enib_rp_2025_s2', 'enib', 'rp_2025_s2', 25, 19, 23, 12, 2, '2025-09-10T09:00:00Z', '2026-01-25T15:00:00Z'),
('partk_enib_rp_2026_s2', 'enib', 'rp_2026_s2', 24, 23, 26, 12, 3, '2026-02-08T09:00:00Z', '2026-04-25T10:00:00Z');

