INSERT INTO universities (id, short_name, name, logo_path, created_at) VALUES
('ucar', 'UCAR', 'University of Carthage', '/assets/ucar-logo.png', '2026-04-25T10:00:00Z');

INSERT INTO institutions (id, university_id, short_name, name, region, logo_path, created_at) VALUES
('fsjpst', 'ucar', 'FSJPST', 'Faculty of Juridical, Political and Social Sciences of Tunis', 'Tunis', '/assets/ucar-logo.png', '2026-04-25T10:00:00Z'),
('fsb', 'ucar', 'FSB', 'Faculty of Sciences of Bizerte', 'Bizerte', '/assets/ucar-logo.png', '2026-04-25T10:00:00Z'),
('fsegn', 'ucar', 'FSEGN', 'Faculty of Economic Sciences and Management of Nabeul', 'Nabeul', '/assets/ucar-logo.png', '2026-04-25T10:00:00Z'),
('enau', 'ucar', 'ENAU', 'National School of Architecture and Urbanism of Tunis', 'Tunis', '/assets/ucar-logo.png', '2026-04-25T10:00:00Z'),
('ept', 'ucar', 'EPT', 'Tunisia Polytechnic School', 'La Marsa', '/assets/ucar-logo.png', '2026-04-25T10:00:00Z'),
('enicarthage', 'ucar', 'ENICarthage', 'National Engineering School of Carthage', 'Tunis', '/assets/ucar-logo.png', '2026-04-25T10:00:00Z'),
('essai', 'ucar', 'ESSAI', 'Higher School of Statistics and Information Analysis', 'Tunis', '/assets/ucar-logo.png', '2026-04-25T10:00:00Z'),
('esac', 'ucar', 'ESAC', 'Higher School of Audiovisual and Cinema of Gammarth', 'Gammarth', '/assets/ucar-logo.png', '2026-04-25T10:00:00Z'),
('ipeib', 'ucar', 'IPEIB', 'Preparatory Institute for Engineering Studies of Bizerte', 'Bizerte', '/assets/ucar-logo.png', '2026-04-25T10:00:00Z'),
('ihec', 'ucar', 'IHEC', 'Institute of Advanced Business Studies of Carthage', 'Carthage', '/assets/ucar-logo.png', '2026-04-25T10:00:00Z'),
('insat', 'ucar', 'INSAT', 'National Institute of Applied Science and Technology', 'Ariana', '/assets/insat-logo.png', '2026-04-25T10:00:00Z'),
('issatm', 'ucar', 'ISSATM', 'Higher Institute of Applied Sciences and Technology of Mateur', 'Bizerte', '/assets/ucar-logo.png', '2026-04-25T10:00:00Z'),
('ipein', 'ucar', 'IPEIN', 'Preparatory Institute for Engineering Studies of Nabeul', 'Nabeul', '/assets/ucar-logo.png', '2026-04-25T10:00:00Z'),
('ipest', 'ucar', 'IPEST', 'Preparatory Institute for Scientific and Technical Studies of La Marsa', 'La Marsa', '/assets/ucar-logo.png', '2026-04-25T10:00:00Z'),
('isban', 'ucar', 'ISBAN', 'Higher Institute of Fine Arts of Nabeul', 'Nabeul', '/assets/ucar-logo.png', '2026-04-25T10:00:00Z'),
('isteub', 'ucar', 'ISTEUB', 'Higher Institute of Environment, Urbanism and Building Technologies', 'Tunis', '/assets/ucar-logo.png', '2026-04-25T10:00:00Z'),
('islt', 'ucar', 'ISLT', 'Higher Institute of Languages of Tunis', 'Tunis', '/assets/ucar-logo.png', '2026-04-25T10:00:00Z'),
('islain', 'ucar', 'ISLAIN', 'Higher Institute of Applied Languages and Computer Science of Nabeul', 'Nabeul', '/assets/ucar-logo.png', '2026-04-25T10:00:00Z'),
('isste', 'ucar', 'ISSTE', 'Higher Institute of Sciences and Technology of Environment of Borj Cedria', 'Borj Cedria', '/assets/ucar-logo.png', '2026-04-25T10:00:00Z'),
('isccb', 'ucar', 'ISCCB', 'Higher Institute of Business and Accountancy of Bizerte', 'Bizerte', '/assets/ucar-logo.png', '2026-04-25T10:00:00Z'),
('isepbg', 'ucar', 'ISEP-BG', 'Higher Institute of Preparatory Studies in Biology and Geology of Soukra', 'Ariana', '/assets/ucar-logo.png', '2026-04-25T10:00:00Z'),
('supcom', 'ucar', 'SupCom', 'Higher School of Communication of Tunis', 'Tunis', '/assets/ucar-logo.png', '2026-04-25T10:00:00Z'),
('esamograne', 'ucar', 'ESAMograne', 'Higher School of Agriculture of Mograne', 'Zaghouan', '/assets/ucar-logo.png', '2026-04-25T10:00:00Z'),
('esamateur', 'ucar', 'ESAMateur', 'Higher School of Agriculture of Mateur', 'Bizerte', '/assets/ucar-logo.png', '2026-04-25T10:00:00Z'),
('esiat', 'ucar', 'ESIAT', 'Higher School of Food Industries of Tunis', 'Tunis', '/assets/ucar-logo.png', '2026-04-25T10:00:00Z'),
('ispab', 'ucar', 'ISPAB', 'Higher Institute of Fishing and Aquaculture of Bizerte', 'Bizerte', '/assets/ucar-logo.png', '2026-04-25T10:00:00Z'),
('intes', 'ucar', 'INTES', 'National Institute of Labor and Social Studies of Tunis', 'Tunis', '/assets/ucar-logo.png', '2026-04-25T10:00:00Z'),
('isce', 'ucar', 'ISCE', 'Higher Institute for Childhood Educators of Carthage', 'Carthage', '/assets/ucar-logo.png', '2026-04-25T10:00:00Z'),
('inat', 'ucar', 'INAT', 'National Agronomic Institute of Tunisia', 'Tunis', '/assets/ucar-logo.png', '2026-04-25T10:00:00Z'),
('ihet', 'ucar', 'IHET', 'Institute of Advanced Tourism Studies of Sidi Dhrif', 'Sidi Dhrif', '/assets/ucar-logo.png', '2026-04-25T10:00:00Z'),
('inrgref', 'ucar', 'INRGREF', 'National Research Institute for Rural Engineering, Water and Forestry', 'Ariana', '/assets/ucar-logo.png', '2026-04-25T10:00:00Z'),
('inrat', 'ucar', 'INRAT', 'National Agronomic Research Institute of Tunisia', 'Ariana', '/assets/ucar-logo.png', '2026-04-25T10:00:00Z'),
('enib', 'ucar', 'ENIB', 'National Engineering School of Bizerte', 'Bizerte', '/assets/ucar-logo.png', '2026-04-25T10:00:00Z'),
('cbbc', 'ucar', 'CBBC', 'Center of Biotechnology of Borj Cedria', 'Borj Cedria', '/assets/ucar-logo.png', '2026-04-25T10:00:00Z');

INSERT INTO app_users (id, full_name, email, role, institution_id, student_profile_id, created_at) VALUES
('user_ucar_01', 'Leila Mansour', 'leila.mansour@ucar.tn', 'ucar_admin', NULL, NULL, '2026-04-25T10:00:00Z'),
('user_inst_01', 'Sami Ben Ali', 'sami.benali@insat.ucar.tn', 'institution_admin', 'insat', NULL, '2026-04-25T10:00:00Z'),
('user_student_01', 'Ahmed Gharbi', 'ahmed.gharbi@insat.ucar.tn', 'student', 'insat', 'student_insat_01', '2026-04-25T10:00:00Z');

INSERT INTO reporting_periods (id, label, year, semester, starts_on, ends_on) VALUES
('rp_2024_s2', 'Semester 2 - 2024', 2024, 'S2', '2024-09-01', '2025-01-31'),
('rp_2025_s1', 'Semester 1 - 2025', 2025, 'S1', '2025-02-01', '2025-06-30'),
('rp_2025_s2', 'Semester 2 - 2025', 2025, 'S2', '2025-09-01', '2026-01-31'),
('rp_2026_s2', 'Semester 2 - 2026', 2026, 'S2', '2026-02-01', '2026-06-30');

INSERT INTO academic_kpis (id, institution_id, reporting_period_id, success_rate, attendance_rate, repetition_rate, dropout_rate, abandonment_rate, created_at, updated_at) VALUES
('ak_fsjpst_rp_2024_s2', 'fsjpst', 'rp_2024_s2', 88.3, 67.8, 4.3, 16.2, 7.8, '2024-09-12T09:00:00Z', '2025-01-20T15:00:00Z'),
('ak_fsjpst_rp_2025_s1', 'fsjpst', 'rp_2025_s1', 88.3, 68.6, 4.3, 17.3, 8.0, '2025-02-14T09:00:00Z', '2025-06-22T15:00:00Z'),
('ak_fsjpst_rp_2025_s2', 'fsjpst', 'rp_2025_s2', 86.3, 68.3, 4.2, 16.9, 8.3, '2025-09-10T09:00:00Z', '2026-01-25T15:00:00Z'),
('ak_fsjpst_rp_2026_s2', 'fsjpst', 'rp_2026_s2', 87.6, 66.2, 3.6, 17.7, 8.7, '2026-02-08T09:00:00Z', '2026-04-25T10:00:00Z'),
('ak_fsb_rp_2024_s2', 'fsb', 'rp_2024_s2', 81.9, 82.0, 6.9, 9.2, 7.3, '2024-09-12T09:00:00Z', '2025-01-20T15:00:00Z'),
('ak_fsb_rp_2025_s1', 'fsb', 'rp_2025_s1', 83.3, 80.3, 6.8, 10.2, 7.7, '2025-02-14T09:00:00Z', '2025-06-22T15:00:00Z'),
('ak_fsb_rp_2025_s2', 'fsb', 'rp_2025_s2', 85.9, 79.4, 7.1, 11.7, 7.9, '2025-09-10T09:00:00Z', '2026-01-25T15:00:00Z'),
('ak_fsb_rp_2026_s2', 'fsb', 'rp_2026_s2', 87.9, 79.7, 7.6, 12.9, 8.2, '2026-02-08T09:00:00Z', '2026-04-25T10:00:00Z'),
('ak_fsegn_rp_2024_s2', 'fsegn', 'rp_2024_s2', 80.2, 86.8, 8.7, 14.9, 6.8, '2024-09-12T09:00:00Z', '2025-01-20T15:00:00Z'),
('ak_fsegn_rp_2025_s1', 'fsegn', 'rp_2025_s1', 81.2, 88.4, 7.8, 15.4, 7.4, '2025-02-14T09:00:00Z', '2025-06-22T15:00:00Z'),
('ak_fsegn_rp_2025_s2', 'fsegn', 'rp_2025_s2', 81.6, 89.2, 8.0, 16.6, 8.0, '2025-09-10T09:00:00Z', '2026-01-25T15:00:00Z'),
('ak_fsegn_rp_2026_s2', 'fsegn', 'rp_2026_s2', 82.7, 90.2, 7.5, 17.4, 8.3, '2026-02-08T09:00:00Z', '2026-04-25T10:00:00Z'),
('ak_enau_rp_2024_s2', 'enau', 'rp_2024_s2', 86.7, 80.0, 7.3, 10.1, 3.9, '2024-09-12T09:00:00Z', '2025-01-20T15:00:00Z'),
('ak_enau_rp_2025_s1', 'enau', 'rp_2025_s1', 86.2, 80.9, 8.2, 10.9, 3.7, '2025-02-14T09:00:00Z', '2025-06-22T15:00:00Z'),
('ak_enau_rp_2025_s2', 'enau', 'rp_2025_s2', 85.0, 83.4, 8.3, 12.4, 3.9, '2025-09-10T09:00:00Z', '2026-01-25T15:00:00Z'),
('ak_enau_rp_2026_s2', 'enau', 'rp_2026_s2', 85.2, 83.3, 9.0, 12.8, 3.7, '2026-02-08T09:00:00Z', '2026-04-25T10:00:00Z'),
('ak_ept_rp_2024_s2', 'ept', 'rp_2024_s2', 62.4, 78.8, 4.7, 9.5, 4.4, '2024-09-12T09:00:00Z', '2025-01-20T15:00:00Z'),
('ak_ept_rp_2025_s1', 'ept', 'rp_2025_s1', 61.6, 78.2, 5.2, 9.9, 4.6, '2025-02-14T09:00:00Z', '2025-06-22T15:00:00Z'),
('ak_ept_rp_2025_s2', 'ept', 'rp_2025_s2', 64.7, 75.1, 5.7, 10.5, 4.8, '2025-09-10T09:00:00Z', '2026-01-25T15:00:00Z'),
('ak_ept_rp_2026_s2', 'ept', 'rp_2026_s2', 65.4, 75.5, 6.6, 10.5, 4.9, '2026-02-08T09:00:00Z', '2026-04-25T10:00:00Z'),
('ak_enicarthage_rp_2024_s2', 'enicarthage', 'rp_2024_s2', 77.8, 69.5, 7.7, 6.3, 4.2, '2024-09-12T09:00:00Z', '2025-01-20T15:00:00Z'),
('ak_enicarthage_rp_2025_s1', 'enicarthage', 'rp_2025_s1', 78.3, 69.6, 8.3, 6.7, 4.5, '2025-02-14T09:00:00Z', '2025-06-22T15:00:00Z'),
('ak_enicarthage_rp_2025_s2', 'enicarthage', 'rp_2025_s2', 74.1, 69.2, 8.0, 8.1, 5.1, '2025-09-10T09:00:00Z', '2026-01-25T15:00:00Z'),
('ak_enicarthage_rp_2026_s2', 'enicarthage', 'rp_2026_s2', 73.4, 69.8, 8.9, 9.5, 5.4, '2026-02-08T09:00:00Z', '2026-04-25T10:00:00Z'),
('ak_essai_rp_2024_s2', 'essai', 'rp_2024_s2', 76.9, 66.5, 7.1, 7.8, 3.9, '2024-09-12T09:00:00Z', '2025-01-20T15:00:00Z'),
('ak_essai_rp_2025_s1', 'essai', 'rp_2025_s1', 74.9, 66.5, 7.2, 9.1, 4.5, '2025-02-14T09:00:00Z', '2025-06-22T15:00:00Z'),
('ak_essai_rp_2025_s2', 'essai', 'rp_2025_s2', 75.7, 65.3, 7.8, 9.2, 4.8, '2025-09-10T09:00:00Z', '2026-01-25T15:00:00Z'),
('ak_essai_rp_2026_s2', 'essai', 'rp_2026_s2', 75.0, 63.8, 8.1, 10.2, 5.4, '2026-02-08T09:00:00Z', '2026-04-25T10:00:00Z'),
('ak_esac_rp_2024_s2', 'esac', 'rp_2024_s2', 86.0, 72.1, 6.6, 17.2, 5.8, '2024-09-12T09:00:00Z', '2025-01-20T15:00:00Z'),
('ak_esac_rp_2025_s1', 'esac', 'rp_2025_s1', 86.6, 73.7, 7.4, 17.6, 6.2, '2025-02-14T09:00:00Z', '2025-06-22T15:00:00Z'),
('ak_esac_rp_2025_s2', 'esac', 'rp_2025_s2', 88.1, 72.1, 7.7, 18.9, 6.6, '2025-09-10T09:00:00Z', '2026-01-25T15:00:00Z'),
('ak_esac_rp_2026_s2', 'esac', 'rp_2026_s2', 90.0, 71.9, 8.4, 19.2, 7.1, '2026-02-08T09:00:00Z', '2026-04-25T10:00:00Z'),
('ak_ipeib_rp_2024_s2', 'ipeib', 'rp_2024_s2', 85.8, 81.8, 6.9, 9.5, 4.2, '2024-09-12T09:00:00Z', '2025-01-20T15:00:00Z'),
('ak_ipeib_rp_2025_s1', 'ipeib', 'rp_2025_s1', 84.8, 82.1, 7.8, 8.9, 3.6, '2025-02-14T09:00:00Z', '2025-06-22T15:00:00Z'),
('ak_ipeib_rp_2025_s2', 'ipeib', 'rp_2025_s2', 84.8, 82.8, 8.0, 9.4, 3.7, '2025-09-10T09:00:00Z', '2026-01-25T15:00:00Z'),
('ak_ipeib_rp_2026_s2', 'ipeib', 'rp_2026_s2', 82.2, 85.0, 9.0, 9.1, 3.5, '2026-02-08T09:00:00Z', '2026-04-25T10:00:00Z'),
('ak_ihec_rp_2024_s2', 'ihec', 'rp_2024_s2', 74.9, 69.1, 6.5, 14.6, 5.9, '2024-09-12T09:00:00Z', '2025-01-20T15:00:00Z'),
('ak_ihec_rp_2025_s1', 'ihec', 'rp_2025_s1', 75.3, 69.5, 6.6, 13.8, 6.1, '2025-02-14T09:00:00Z', '2025-06-22T15:00:00Z'),
('ak_ihec_rp_2025_s2', 'ihec', 'rp_2025_s2', 75.5, 71.0, 6.8, 13.6, 5.8, '2025-09-10T09:00:00Z', '2026-01-25T15:00:00Z'),
('ak_ihec_rp_2026_s2', 'ihec', 'rp_2026_s2', 74.9, 70.8, 6.9, 12.9, 6.2, '2026-02-08T09:00:00Z', '2026-04-25T10:00:00Z'),
('ak_insat_rp_2024_s2', 'insat', 'rp_2024_s2', 84.3, 78.5, 6.1, 7.0, 3.4, '2024-09-12T09:00:00Z', '2025-01-20T15:00:00Z'),
('ak_insat_rp_2025_s1', 'insat', 'rp_2025_s1', 82.9, 78.7, 6.0, 7.2, 3.5, '2025-02-14T09:00:00Z', '2025-06-22T15:00:00Z'),
('ak_insat_rp_2025_s2', 'insat', 'rp_2025_s2', 79.8, 80.1, 6.3, 7.4, 3.2, '2025-09-10T09:00:00Z', '2026-01-25T15:00:00Z'),
('ak_insat_rp_2026_s2', 'insat', 'rp_2026_s2', 79.4, 79.8, 6.7, 7.1, 3.0, '2026-02-08T09:00:00Z', '2026-04-25T10:00:00Z'),
('ak_issatm_rp_2024_s2', 'issatm', 'rp_2024_s2', 65.5, 80.1, 4.6, 10.5, 4.5, '2024-09-12T09:00:00Z', '2025-01-20T15:00:00Z'),
('ak_issatm_rp_2025_s1', 'issatm', 'rp_2025_s1', 65.6, 79.7, 5.5, 11.5, 4.4, '2025-02-14T09:00:00Z', '2025-06-22T15:00:00Z'),
('ak_issatm_rp_2025_s2', 'issatm', 'rp_2025_s2', 69.9, 80.4, 5.8, 12.4, 4.1, '2025-09-10T09:00:00Z', '2026-01-25T15:00:00Z'),
('ak_issatm_rp_2026_s2', 'issatm', 'rp_2026_s2', 71.1, 80.6, 6.1, 14.2, 4.1, '2026-02-08T09:00:00Z', '2026-04-25T10:00:00Z'),
('ak_ipein_rp_2024_s2', 'ipein', 'rp_2024_s2', 70.8, 85.1, 8.3, 17.0, 4.7, '2024-09-12T09:00:00Z', '2025-01-20T15:00:00Z'),
('ak_ipein_rp_2025_s1', 'ipein', 'rp_2025_s1', 74.6, 86.2, 9.0, 18.7, 5.1, '2025-02-14T09:00:00Z', '2025-06-22T15:00:00Z'),
('ak_ipein_rp_2025_s2', 'ipein', 'rp_2025_s2', 75.3, 86.3, 9.0, 19.4, 5.4, '2025-09-10T09:00:00Z', '2026-01-25T15:00:00Z'),
('ak_ipein_rp_2026_s2', 'ipein', 'rp_2026_s2', 75.3, 86.3, 9.8, 20.7, 5.6, '2026-02-08T09:00:00Z', '2026-04-25T10:00:00Z'),
('ak_ipest_rp_2024_s2', 'ipest', 'rp_2024_s2', 60.3, 86.1, 6.9, 6.3, 5.0, '2024-09-12T09:00:00Z', '2025-01-20T15:00:00Z'),
('ak_ipest_rp_2025_s1', 'ipest', 'rp_2025_s1', 62.2, 85.8, 6.8, 6.8, 5.5, '2025-02-14T09:00:00Z', '2025-06-22T15:00:00Z'),
('ak_ipest_rp_2025_s2', 'ipest', 'rp_2025_s2', 65.1, 83.1, 6.5, 6.3, 5.9, '2025-09-10T09:00:00Z', '2026-01-25T15:00:00Z'),
('ak_ipest_rp_2026_s2', 'ipest', 'rp_2026_s2', 66.2, 83.2, 5.7, 6.8, 6.2, '2026-02-08T09:00:00Z', '2026-04-25T10:00:00Z'),
('ak_isban_rp_2024_s2', 'isban', 'rp_2024_s2', 66.1, 72.5, 4.4, 6.8, 7.7, '2024-09-12T09:00:00Z', '2025-01-20T15:00:00Z'),
('ak_isban_rp_2025_s1', 'isban', 'rp_2025_s1', 64.8, 73.0, 4.3, 7.5, 8.0, '2025-02-14T09:00:00Z', '2025-06-22T15:00:00Z'),
('ak_isban_rp_2025_s2', 'isban', 'rp_2025_s2', 64.5, 74.9, 4.7, 8.3, 7.9, '2025-09-10T09:00:00Z', '2026-01-25T15:00:00Z'),
('ak_isban_rp_2026_s2', 'isban', 'rp_2026_s2', 62.3, 73.8, 4.2, 8.2, 8.1, '2026-02-08T09:00:00Z', '2026-04-25T10:00:00Z'),
('ak_isteub_rp_2024_s2', 'isteub', 'rp_2024_s2', 62.1, 77.7, 8.6, 16.2, 2.6, '2024-09-12T09:00:00Z', '2025-01-20T15:00:00Z'),
('ak_isteub_rp_2025_s1', 'isteub', 'rp_2025_s1', 58.9, 76.2, 8.8, 16.3, 2.6, '2025-02-14T09:00:00Z', '2025-06-22T15:00:00Z'),
('ak_isteub_rp_2025_s2', 'isteub', 'rp_2025_s2', 58.5, 75.3, 8.3, 15.7, 2.3, '2025-09-10T09:00:00Z', '2026-01-25T15:00:00Z'),
('ak_isteub_rp_2026_s2', 'isteub', 'rp_2026_s2', 55.9, 74.2, 8.2, 16.2, 2.2, '2026-02-08T09:00:00Z', '2026-04-25T10:00:00Z'),
('ak_islt_rp_2024_s2', 'islt', 'rp_2024_s2', 77.8, 69.4, 6.7, 15.6, 7.6, '2024-09-12T09:00:00Z', '2025-01-20T15:00:00Z'),
('ak_islt_rp_2025_s1', 'islt', 'rp_2025_s1', 79.2, 69.0, 7.4, 17.2, 7.9, '2025-02-14T09:00:00Z', '2025-06-22T15:00:00Z'),
('ak_islt_rp_2025_s2', 'islt', 'rp_2025_s2', 77.1, 69.3, 7.2, 17.5, 8.6, '2025-09-10T09:00:00Z', '2026-01-25T15:00:00Z'),
('ak_islt_rp_2026_s2', 'islt', 'rp_2026_s2', 76.7, 69.1, 7.7, 19.0, 9.0, '2026-02-08T09:00:00Z', '2026-04-25T10:00:00Z'),
('ak_islain_rp_2024_s2', 'islain', 'rp_2024_s2', 82.9, 69.8, 8.2, 13.0, 6.7, '2024-09-12T09:00:00Z', '2025-01-20T15:00:00Z'),
('ak_islain_rp_2025_s1', 'islain', 'rp_2025_s1', 85.5, 70.1, 9.5, 12.8, 7.1, '2025-02-14T09:00:00Z', '2025-06-22T15:00:00Z'),
('ak_islain_rp_2025_s2', 'islain', 'rp_2025_s2', 85.4, 71.6, 9.5, 12.4, 7.1, '2025-09-10T09:00:00Z', '2026-01-25T15:00:00Z'),
('ak_islain_rp_2026_s2', 'islain', 'rp_2026_s2', 86.4, 71.2, 10.1, 11.7, 7.2, '2026-02-08T09:00:00Z', '2026-04-25T10:00:00Z'),
('ak_isste_rp_2024_s2', 'isste', 'rp_2024_s2', 75.2, 86.2, 8.5, 14.9, 3.7, '2024-09-12T09:00:00Z', '2025-01-20T15:00:00Z'),
('ak_isste_rp_2025_s1', 'isste', 'rp_2025_s1', 74.5, 86.4, 8.3, 16.5, 3.7, '2025-02-14T09:00:00Z', '2025-06-22T15:00:00Z'),
('ak_isste_rp_2025_s2', 'isste', 'rp_2025_s2', 75.9, 86.8, 7.5, 17.2, 3.4, '2025-09-10T09:00:00Z', '2026-01-25T15:00:00Z'),
('ak_isste_rp_2026_s2', 'isste', 'rp_2026_s2', 75.5, 87.8, 6.8, 18.3, 3.4, '2026-02-08T09:00:00Z', '2026-04-25T10:00:00Z'),
('ak_isccb_rp_2024_s2', 'isccb', 'rp_2024_s2', 87.2, 67.6, 11.1, 7.9, 2.9, '2024-09-12T09:00:00Z', '2025-01-20T15:00:00Z'),
('ak_isccb_rp_2025_s1', 'isccb', 'rp_2025_s1', 86.5, 66.4, 11.0, 7.6, 2.9, '2025-02-14T09:00:00Z', '2025-06-22T15:00:00Z'),
('ak_isccb_rp_2025_s2', 'isccb', 'rp_2025_s2', 83.3, 65.4, 11.3, 6.8, 3.2, '2025-09-10T09:00:00Z', '2026-01-25T15:00:00Z'),
('ak_isccb_rp_2026_s2', 'isccb', 'rp_2026_s2', 82.3, 65.7, 11.3, 6.4, 3.0, '2026-02-08T09:00:00Z', '2026-04-25T10:00:00Z'),
('ak_isepbg_rp_2024_s2', 'isepbg', 'rp_2024_s2', 67.9, 80.1, 7.3, 12.4, 4.5, '2024-09-12T09:00:00Z', '2025-01-20T15:00:00Z'),
('ak_isepbg_rp_2025_s1', 'isepbg', 'rp_2025_s1', 65.8, 78.7, 7.0, 12.9, 4.1, '2025-02-14T09:00:00Z', '2025-06-22T15:00:00Z'),
('ak_isepbg_rp_2025_s2', 'isepbg', 'rp_2025_s2', 63.4, 78.5, 7.0, 13.8, 3.9, '2025-09-10T09:00:00Z', '2026-01-25T15:00:00Z'),
('ak_isepbg_rp_2026_s2', 'isepbg', 'rp_2026_s2', 62.1, 78.5, 6.8, 15.6, 4.0, '2026-02-08T09:00:00Z', '2026-04-25T10:00:00Z'),
('ak_supcom_rp_2024_s2', 'supcom', 'rp_2024_s2', 82.5, 87.9, 9.9, 13.9, 3.9, '2024-09-12T09:00:00Z', '2025-01-20T15:00:00Z'),
('ak_supcom_rp_2025_s1', 'supcom', 'rp_2025_s1', 82.9, 86.3, 10.7, 14.5, 4.0, '2025-02-14T09:00:00Z', '2025-06-22T15:00:00Z'),
('ak_supcom_rp_2025_s2', 'supcom', 'rp_2025_s2', 81.9, 86.1, 10.8, 14.5, 4.3, '2025-09-10T09:00:00Z', '2026-01-25T15:00:00Z'),
('ak_supcom_rp_2026_s2', 'supcom', 'rp_2026_s2', 81.5, 85.2, 11.2, 15.4, 4.8, '2026-02-08T09:00:00Z', '2026-04-25T10:00:00Z'),
('ak_esamograne_rp_2024_s2', 'esamograne', 'rp_2024_s2', 60.2, 82.8, 6.8, 13.3, 5.8, '2024-09-12T09:00:00Z', '2025-01-20T15:00:00Z'),
('ak_esamograne_rp_2025_s1', 'esamograne', 'rp_2025_s1', 59.8, 81.2, 7.4, 13.2, 6.4, '2025-02-14T09:00:00Z', '2025-06-22T15:00:00Z'),
('ak_esamograne_rp_2025_s2', 'esamograne', 'rp_2025_s2', 61.0, 78.8, 7.6, 14.1, 6.5, '2025-09-10T09:00:00Z', '2026-01-25T15:00:00Z'),
('ak_esamograne_rp_2026_s2', 'esamograne', 'rp_2026_s2', 58.3, 78.3, 7.9, 13.8, 7.3, '2026-02-08T09:00:00Z', '2026-04-25T10:00:00Z'),
('ak_esamateur_rp_2024_s2', 'esamateur', 'rp_2024_s2', 80.7, 78.6, 5.3, 8.6, 5.6, '2024-09-12T09:00:00Z', '2025-01-20T15:00:00Z'),
('ak_esamateur_rp_2025_s1', 'esamateur', 'rp_2025_s1', 80.1, 78.2, 5.2, 8.2, 6.1, '2025-02-14T09:00:00Z', '2025-06-22T15:00:00Z'),
('ak_esamateur_rp_2025_s2', 'esamateur', 'rp_2025_s2', 81.9, 79.3, 4.9, 7.9, 7.0, '2025-09-10T09:00:00Z', '2026-01-25T15:00:00Z'),
('ak_esamateur_rp_2026_s2', 'esamateur', 'rp_2026_s2', 80.7, 81.0, 4.3, 6.8, 7.4, '2026-02-08T09:00:00Z', '2026-04-25T10:00:00Z'),
('ak_esiat_rp_2024_s2', 'esiat', 'rp_2024_s2', 75.9, 67.7, 6.3, 8.5, 3.3, '2024-09-12T09:00:00Z', '2025-01-20T15:00:00Z'),
('ak_esiat_rp_2025_s1', 'esiat', 'rp_2025_s1', 76.5, 70.0, 6.2, 9.1, 3.6, '2025-02-14T09:00:00Z', '2025-06-22T15:00:00Z'),
('ak_esiat_rp_2025_s2', 'esiat', 'rp_2025_s2', 79.7, 71.9, 6.5, 8.7, 3.9, '2025-09-10T09:00:00Z', '2026-01-25T15:00:00Z'),
('ak_esiat_rp_2026_s2', 'esiat', 'rp_2026_s2', 78.3, 72.8, 6.3, 8.9, 4.3, '2026-02-08T09:00:00Z', '2026-04-25T10:00:00Z'),
('ak_ispab_rp_2024_s2', 'ispab', 'rp_2024_s2', 86.3, 81.9, 5.5, 6.9, 3.3, '2024-09-12T09:00:00Z', '2025-01-20T15:00:00Z'),
('ak_ispab_rp_2025_s1', 'ispab', 'rp_2025_s1', 84.2, 80.5, 5.1, 6.8, 3.4, '2025-02-14T09:00:00Z', '2025-06-22T15:00:00Z'),
('ak_ispab_rp_2025_s2', 'ispab', 'rp_2025_s2', 84.5, 80.8, 5.6, 6.7, 3.3, '2025-09-10T09:00:00Z', '2026-01-25T15:00:00Z'),
('ak_ispab_rp_2026_s2', 'ispab', 'rp_2026_s2', 86.8, 80.2, 5.8, 6.0, 3.6, '2026-02-08T09:00:00Z', '2026-04-25T10:00:00Z'),
('ak_intes_rp_2024_s2', 'intes', 'rp_2024_s2', 59.5, 65.1, 10.1, 17.8, 7.4, '2024-09-12T09:00:00Z', '2025-01-20T15:00:00Z'),
('ak_intes_rp_2025_s1', 'intes', 'rp_2025_s1', 60.9, 67.4, 9.6, 18.4, 7.7, '2025-02-14T09:00:00Z', '2025-06-22T15:00:00Z'),
('ak_intes_rp_2025_s2', 'intes', 'rp_2025_s2', 59.3, 66.4, 9.5, 18.0, 8.2, '2025-09-10T09:00:00Z', '2026-01-25T15:00:00Z'),
('ak_intes_rp_2026_s2', 'intes', 'rp_2026_s2', 57.5, 67.4, 8.5, 18.7, 9.0, '2026-02-08T09:00:00Z', '2026-04-25T10:00:00Z'),
('ak_isce_rp_2024_s2', 'isce', 'rp_2024_s2', 64.9, 88.7, 6.5, 8.6, 2.9, '2024-09-12T09:00:00Z', '2025-01-20T15:00:00Z'),
('ak_isce_rp_2025_s1', 'isce', 'rp_2025_s1', 66.5, 88.3, 6.3, 7.9, 2.8, '2025-02-14T09:00:00Z', '2025-06-22T15:00:00Z'),
('ak_isce_rp_2025_s2', 'isce', 'rp_2025_s2', 66.9, 86.3, 6.7, 7.2, 2.9, '2025-09-10T09:00:00Z', '2026-01-25T15:00:00Z'),
('ak_isce_rp_2026_s2', 'isce', 'rp_2026_s2', 66.6, 85.2, 6.2, 6.9, 3.2, '2026-02-08T09:00:00Z', '2026-04-25T10:00:00Z'),
('ak_inat_rp_2024_s2', 'inat', 'rp_2024_s2', 82.1, 77.8, 8.3, 8.8, 6.6, '2024-09-12T09:00:00Z', '2025-01-20T15:00:00Z'),
('ak_inat_rp_2025_s1', 'inat', 'rp_2025_s1', 80.0, 78.3, 8.2, 9.6, 6.8, '2025-02-14T09:00:00Z', '2025-06-22T15:00:00Z'),
('ak_inat_rp_2025_s2', 'inat', 'rp_2025_s2', 80.0, 78.1, 7.6, 10.3, 7.3, '2025-09-10T09:00:00Z', '2026-01-25T15:00:00Z'),
('ak_inat_rp_2026_s2', 'inat', 'rp_2026_s2', 77.7, 78.4, 7.6, 10.7, 7.6, '2026-02-08T09:00:00Z', '2026-04-25T10:00:00Z'),
('ak_ihet_rp_2024_s2', 'ihet', 'rp_2024_s2', 67.0, 74.7, 4.1, 6.7, 2.9, '2024-09-12T09:00:00Z', '2025-01-20T15:00:00Z'),
('ak_ihet_rp_2025_s1', 'ihet', 'rp_2025_s1', 67.4, 73.0, 5.0, 6.4, 3.1, '2025-02-14T09:00:00Z', '2025-06-22T15:00:00Z'),
('ak_ihet_rp_2025_s2', 'ihet', 'rp_2025_s2', 68.6, 71.9, 5.2, 6.7, 3.3, '2025-09-10T09:00:00Z', '2026-01-25T15:00:00Z'),
('ak_ihet_rp_2026_s2', 'ihet', 'rp_2026_s2', 68.8, 70.5, 6.2, 6.1, 3.2, '2026-02-08T09:00:00Z', '2026-04-25T10:00:00Z'),
('ak_inrgref_rp_2024_s2', 'inrgref', 'rp_2024_s2', 83.4, 87.9, 8.9, 12.2, 7.7, '2024-09-12T09:00:00Z', '2025-01-20T15:00:00Z'),
('ak_inrgref_rp_2025_s1', 'inrgref', 'rp_2025_s1', 82.5, 87.3, 8.4, 11.9, 8.1, '2025-02-14T09:00:00Z', '2025-06-22T15:00:00Z'),
('ak_inrgref_rp_2025_s2', 'inrgref', 'rp_2025_s2', 79.7, 86.9, 8.6, 11.3, 8.5, '2025-09-10T09:00:00Z', '2026-01-25T15:00:00Z'),
('ak_inrgref_rp_2026_s2', 'inrgref', 'rp_2026_s2', 80.2, 87.5, 8.9, 10.2, 9.2, '2026-02-08T09:00:00Z', '2026-04-25T10:00:00Z'),
('ak_inrat_rp_2024_s2', 'inrat', 'rp_2024_s2', 60.6, 66.0, 4.9, 15.9, 3.2, '2024-09-12T09:00:00Z', '2025-01-20T15:00:00Z'),
('ak_inrat_rp_2025_s1', 'inrat', 'rp_2025_s1', 61.1, 66.6, 4.7, 17.1, 3.2, '2025-02-14T09:00:00Z', '2025-06-22T15:00:00Z'),
('ak_inrat_rp_2025_s2', 'inrat', 'rp_2025_s2', 63.2, 66.5, 5.7, 18.4, 3.1, '2025-09-10T09:00:00Z', '2026-01-25T15:00:00Z'),
('ak_inrat_rp_2026_s2', 'inrat', 'rp_2026_s2', 63.8, 68.3, 5.5, 19.7, 2.9, '2026-02-08T09:00:00Z', '2026-04-25T10:00:00Z'),
('ak_enib_rp_2024_s2', 'enib', 'rp_2024_s2', 67.7, 87.4, 7.6, 6.7, 7.4, '2024-09-12T09:00:00Z', '2025-01-20T15:00:00Z'),
('ak_enib_rp_2025_s1', 'enib', 'rp_2025_s1', 67.9, 86.9, 8.1, 7.8, 7.4, '2025-02-14T09:00:00Z', '2025-06-22T15:00:00Z'),
('ak_enib_rp_2025_s2', 'enib', 'rp_2025_s2', 64.7, 85.9, 7.8, 9.1, 7.4, '2025-09-10T09:00:00Z', '2026-01-25T15:00:00Z'),
('ak_enib_rp_2026_s2', 'enib', 'rp_2026_s2', 63.6, 85.6, 8.5, 10.2, 7.7, '2026-02-08T09:00:00Z', '2026-04-25T10:00:00Z'),
('ak_cbbc_rp_2024_s2', 'cbbc', 'rp_2024_s2', 77.8, 79.9, 4.6, 16.3, 3.9, '2024-09-12T09:00:00Z', '2025-01-20T15:00:00Z'),
('ak_cbbc_rp_2025_s1', 'cbbc', 'rp_2025_s1', 76.0, 80.5, 4.2, 17.2, 3.8, '2025-02-14T09:00:00Z', '2025-06-22T15:00:00Z'),
('ak_cbbc_rp_2025_s2', 'cbbc', 'rp_2025_s2', 75.1, 79.9, 4.5, 17.3, 3.7, '2025-09-10T09:00:00Z', '2026-01-25T15:00:00Z'),
('ak_cbbc_rp_2026_s2', 'cbbc', 'rp_2026_s2', 74.5, 80.4, 4.9, 17.7, 4.0, '2026-02-08T09:00:00Z', '2026-04-25T10:00:00Z');

INSERT INTO insertion_kpis (id, institution_id, reporting_period_id, national_convention_rate, international_convention_rate, employability_rate, insertion_delay_months, created_at, updated_at) VALUES
('ik_fsjpst_rp_2024_s2', 'fsjpst', 'rp_2024_s2', 52.7, 23.1, 77.9, 3.1, '2024-09-12T09:00:00Z', '2025-01-20T15:00:00Z'),
('ik_fsjpst_rp_2025_s1', 'fsjpst', 'rp_2025_s1', 53.5, 23.7, 77.8, 3.4, '2025-02-14T09:00:00Z', '2025-06-22T15:00:00Z'),
('ik_fsjpst_rp_2025_s2', 'fsjpst', 'rp_2025_s2', 55.3, 23.0, 77.0, 3.5, '2025-09-10T09:00:00Z', '2026-01-25T15:00:00Z'),
('ik_fsjpst_rp_2026_s2', 'fsjpst', 'rp_2026_s2', 55.4, 24.9, 74.8, 3.4, '2026-02-08T09:00:00Z', '2026-04-25T10:00:00Z'),
('ik_fsb_rp_2024_s2', 'fsb', 'rp_2024_s2', 44.7, 30.5, 66.5, 6.1, '2024-09-12T09:00:00Z', '2025-01-20T15:00:00Z'),
('ik_fsb_rp_2025_s1', 'fsb', 'rp_2025_s1', 46.4, 30.3, 67.7, 6.2, '2025-02-14T09:00:00Z', '2025-06-22T15:00:00Z'),
('ik_fsb_rp_2025_s2', 'fsb', 'rp_2025_s2', 45.3, 32.9, 69.8, 6.5, '2025-09-10T09:00:00Z', '2026-01-25T15:00:00Z'),
('ik_fsb_rp_2026_s2', 'fsb', 'rp_2026_s2', 46.5, 34.6, 71.3, 6.9, '2026-02-08T09:00:00Z', '2026-04-25T10:00:00Z'),
('ik_fsegn_rp_2024_s2', 'fsegn', 'rp_2024_s2', 57.4, 30.1, 62.2, 6.1, '2024-09-12T09:00:00Z', '2025-01-20T15:00:00Z'),
('ik_fsegn_rp_2025_s1', 'fsegn', 'rp_2025_s1', 57.0, 29.9, 63.6, 5.8, '2025-02-14T09:00:00Z', '2025-06-22T15:00:00Z'),
('ik_fsegn_rp_2025_s2', 'fsegn', 'rp_2025_s2', 58.3, 27.6, 61.7, 5.9, '2025-09-10T09:00:00Z', '2026-01-25T15:00:00Z'),
('ik_fsegn_rp_2026_s2', 'fsegn', 'rp_2026_s2', 55.6, 28.0, 61.6, 5.7, '2026-02-08T09:00:00Z', '2026-04-25T10:00:00Z'),
('ik_enau_rp_2024_s2', 'enau', 'rp_2024_s2', 42.9, 24.0, 78.5, 3.2, '2024-09-12T09:00:00Z', '2025-01-20T15:00:00Z'),
('ik_enau_rp_2025_s1', 'enau', 'rp_2025_s1', 42.9, 24.6, 79.3, 3.1, '2025-02-14T09:00:00Z', '2025-06-22T15:00:00Z'),
('ik_enau_rp_2025_s2', 'enau', 'rp_2025_s2', 40.3, 26.6, 82.0, 2.6, '2025-09-10T09:00:00Z', '2026-01-25T15:00:00Z'),
('ik_enau_rp_2026_s2', 'enau', 'rp_2026_s2', 40.3, 25.3, 84.8, 2.5, '2026-02-08T09:00:00Z', '2026-04-25T10:00:00Z'),
('ik_ept_rp_2024_s2', 'ept', 'rp_2024_s2', 51.1, 21.5, 77.6, 3.1, '2024-09-12T09:00:00Z', '2025-01-20T15:00:00Z'),
('ik_ept_rp_2025_s1', 'ept', 'rp_2025_s1', 52.0, 24.6, 78.8, 3.6, '2025-02-14T09:00:00Z', '2025-06-22T15:00:00Z'),
('ik_ept_rp_2025_s2', 'ept', 'rp_2025_s2', 52.9, 26.0, 78.3, 3.7, '2025-09-10T09:00:00Z', '2026-01-25T15:00:00Z'),
('ik_ept_rp_2026_s2', 'ept', 'rp_2026_s2', 56.4, 26.0, 79.0, 4.2, '2026-02-08T09:00:00Z', '2026-04-25T10:00:00Z'),
('ik_enicarthage_rp_2024_s2', 'enicarthage', 'rp_2024_s2', 69.0, 16.7, 68.8, 6.1, '2024-09-12T09:00:00Z', '2025-01-20T15:00:00Z'),
('ik_enicarthage_rp_2025_s1', 'enicarthage', 'rp_2025_s1', 71.7, 18.5, 68.5, 5.5, '2025-02-14T09:00:00Z', '2025-06-22T15:00:00Z'),
('ik_enicarthage_rp_2025_s2', 'enicarthage', 'rp_2025_s2', 72.8, 19.5, 68.4, 5.5, '2025-09-10T09:00:00Z', '2026-01-25T15:00:00Z'),
('ik_enicarthage_rp_2026_s2', 'enicarthage', 'rp_2026_s2', 75.6, 20.7, 67.1, 5.2, '2026-02-08T09:00:00Z', '2026-04-25T10:00:00Z'),
('ik_essai_rp_2024_s2', 'essai', 'rp_2024_s2', 65.0, 16.2, 87.1, 5.2, '2024-09-12T09:00:00Z', '2025-01-20T15:00:00Z'),
('ik_essai_rp_2025_s1', 'essai', 'rp_2025_s1', 63.4, 17.0, 86.9, 4.8, '2025-02-14T09:00:00Z', '2025-06-22T15:00:00Z'),
('ik_essai_rp_2025_s2', 'essai', 'rp_2025_s2', 65.9, 15.9, 87.0, 4.6, '2025-09-10T09:00:00Z', '2026-01-25T15:00:00Z'),
('ik_essai_rp_2026_s2', 'essai', 'rp_2026_s2', 67.6, 15.7, 88.9, 4.2, '2026-02-08T09:00:00Z', '2026-04-25T10:00:00Z'),
('ik_esac_rp_2024_s2', 'esac', 'rp_2024_s2', 67.5, 28.0, 77.3, 5.2, '2024-09-12T09:00:00Z', '2025-01-20T15:00:00Z'),
('ik_esac_rp_2025_s1', 'esac', 'rp_2025_s1', 67.6, 30.2, 76.3, 5.7, '2025-02-14T09:00:00Z', '2025-06-22T15:00:00Z'),
('ik_esac_rp_2025_s2', 'esac', 'rp_2025_s2', 68.3, 32.2, 77.2, 6.2, '2025-09-10T09:00:00Z', '2026-01-25T15:00:00Z'),
('ik_esac_rp_2026_s2', 'esac', 'rp_2026_s2', 66.3, 32.4, 78.9, 6.6, '2026-02-08T09:00:00Z', '2026-04-25T10:00:00Z'),
('ik_ipeib_rp_2024_s2', 'ipeib', 'rp_2024_s2', 68.3, 30.5, 75.3, 2.8, '2024-09-12T09:00:00Z', '2025-01-20T15:00:00Z'),
('ik_ipeib_rp_2025_s1', 'ipeib', 'rp_2025_s1', 70.8, 29.9, 74.0, 2.5, '2025-02-14T09:00:00Z', '2025-06-22T15:00:00Z'),
('ik_ipeib_rp_2025_s2', 'ipeib', 'rp_2025_s2', 70.6, 32.1, 74.0, 2.4, '2025-09-10T09:00:00Z', '2026-01-25T15:00:00Z'),
('ik_ipeib_rp_2026_s2', 'ipeib', 'rp_2026_s2', 72.5, 31.5, 72.5, 2.1, '2026-02-08T09:00:00Z', '2026-04-25T10:00:00Z'),
('ik_ihec_rp_2024_s2', 'ihec', 'rp_2024_s2', 39.5, 29.3, 63.1, 3.2, '2024-09-12T09:00:00Z', '2025-01-20T15:00:00Z'),
('ik_ihec_rp_2025_s1', 'ihec', 'rp_2025_s1', 41.7, 30.1, 63.6, 3.3, '2025-02-14T09:00:00Z', '2025-06-22T15:00:00Z'),
('ik_ihec_rp_2025_s2', 'ihec', 'rp_2025_s2', 42.2, 28.9, 67.8, 3.5, '2025-09-10T09:00:00Z', '2026-01-25T15:00:00Z'),
('ik_ihec_rp_2026_s2', 'ihec', 'rp_2026_s2', 45.8, 28.6, 69.7, 3.7, '2026-02-08T09:00:00Z', '2026-04-25T10:00:00Z'),
('ik_insat_rp_2024_s2', 'insat', 'rp_2024_s2', 63.1, 13.4, 71.7, 5.9, '2024-09-12T09:00:00Z', '2025-01-20T15:00:00Z'),
('ik_insat_rp_2025_s1', 'insat', 'rp_2025_s1', 62.9, 12.4, 69.6, 5.7, '2025-02-14T09:00:00Z', '2025-06-22T15:00:00Z'),
('ik_insat_rp_2025_s2', 'insat', 'rp_2025_s2', 64.1, 12.2, 68.7, 5.5, '2025-09-10T09:00:00Z', '2026-01-25T15:00:00Z'),
('ik_insat_rp_2026_s2', 'insat', 'rp_2026_s2', 64.4, 12.3, 67.6, 5.1, '2026-02-08T09:00:00Z', '2026-04-25T10:00:00Z'),
('ik_issatm_rp_2024_s2', 'issatm', 'rp_2024_s2', 51.5, 21.3, 86.2, 5.9, '2024-09-12T09:00:00Z', '2025-01-20T15:00:00Z'),
('ik_issatm_rp_2025_s1', 'issatm', 'rp_2025_s1', 50.7, 22.6, 85.9, 5.8, '2025-02-14T09:00:00Z', '2025-06-22T15:00:00Z'),
('ik_issatm_rp_2025_s2', 'issatm', 'rp_2025_s2', 48.9, 24.6, 83.9, 5.8, '2025-09-10T09:00:00Z', '2026-01-25T15:00:00Z'),
('ik_issatm_rp_2026_s2', 'issatm', 'rp_2026_s2', 50.3, 24.5, 83.4, 5.4, '2026-02-08T09:00:00Z', '2026-04-25T10:00:00Z'),
('ik_ipein_rp_2024_s2', 'ipein', 'rp_2024_s2', 58.3, 28.5, 69.9, 3.9, '2024-09-12T09:00:00Z', '2025-01-20T15:00:00Z'),
('ik_ipein_rp_2025_s1', 'ipein', 'rp_2025_s1', 61.6, 28.5, 71.4, 3.6, '2025-02-14T09:00:00Z', '2025-06-22T15:00:00Z'),
('ik_ipein_rp_2025_s2', 'ipein', 'rp_2025_s2', 63.1, 28.3, 73.8, 3.3, '2025-09-10T09:00:00Z', '2026-01-25T15:00:00Z'),
('ik_ipein_rp_2026_s2', 'ipein', 'rp_2026_s2', 63.2, 28.3, 76.2, 3.2, '2026-02-08T09:00:00Z', '2026-04-25T10:00:00Z'),
('ik_ipest_rp_2024_s2', 'ipest', 'rp_2024_s2', 43.9, 26.9, 65.1, 3.0, '2024-09-12T09:00:00Z', '2025-01-20T15:00:00Z'),
('ik_ipest_rp_2025_s1', 'ipest', 'rp_2025_s1', 46.0, 26.9, 64.9, 3.1, '2025-02-14T09:00:00Z', '2025-06-22T15:00:00Z'),
('ik_ipest_rp_2025_s2', 'ipest', 'rp_2025_s2', 48.3, 27.2, 66.8, 3.1, '2025-09-10T09:00:00Z', '2026-01-25T15:00:00Z'),
('ik_ipest_rp_2026_s2', 'ipest', 'rp_2026_s2', 49.8, 26.6, 66.7, 3.1, '2026-02-08T09:00:00Z', '2026-04-25T10:00:00Z'),
('ik_isban_rp_2024_s2', 'isban', 'rp_2024_s2', 44.7, 30.4, 77.0, 3.0, '2024-09-12T09:00:00Z', '2025-01-20T15:00:00Z'),
('ik_isban_rp_2025_s1', 'isban', 'rp_2025_s1', 45.9, 30.7, 78.3, 3.1, '2025-02-14T09:00:00Z', '2025-06-22T15:00:00Z'),
('ik_isban_rp_2025_s2', 'isban', 'rp_2025_s2', 49.0, 30.9, 79.3, 3.4, '2025-09-10T09:00:00Z', '2026-01-25T15:00:00Z'),
('ik_isban_rp_2026_s2', 'isban', 'rp_2026_s2', 49.7, 32.0, 79.0, 3.8, '2026-02-08T09:00:00Z', '2026-04-25T10:00:00Z'),
('ik_isteub_rp_2024_s2', 'isteub', 'rp_2024_s2', 53.3, 15.5, 79.3, 6.1, '2024-09-12T09:00:00Z', '2025-01-20T15:00:00Z'),
('ik_isteub_rp_2025_s1', 'isteub', 'rp_2025_s1', 54.3, 17.3, 78.7, 5.9, '2025-02-14T09:00:00Z', '2025-06-22T15:00:00Z'),
('ik_isteub_rp_2025_s2', 'isteub', 'rp_2025_s2', 52.1, 18.9, 78.6, 5.9, '2025-09-10T09:00:00Z', '2026-01-25T15:00:00Z'),
('ik_isteub_rp_2026_s2', 'isteub', 'rp_2026_s2', 53.0, 20.7, 78.2, 5.8, '2026-02-08T09:00:00Z', '2026-04-25T10:00:00Z'),
('ik_islt_rp_2024_s2', 'islt', 'rp_2024_s2', 55.1, 28.7, 80.7, 3.9, '2024-09-12T09:00:00Z', '2025-01-20T15:00:00Z'),
('ik_islt_rp_2025_s1', 'islt', 'rp_2025_s1', 54.1, 29.1, 81.7, 4.5, '2025-02-14T09:00:00Z', '2025-06-22T15:00:00Z'),
('ik_islt_rp_2025_s2', 'islt', 'rp_2025_s2', 51.1, 29.2, 84.2, 4.7, '2025-09-10T09:00:00Z', '2026-01-25T15:00:00Z'),
('ik_islt_rp_2026_s2', 'islt', 'rp_2026_s2', 50.1, 27.7, 85.3, 5.1, '2026-02-08T09:00:00Z', '2026-04-25T10:00:00Z'),
('ik_islain_rp_2024_s2', 'islain', 'rp_2024_s2', 44.5, 28.2, 74.5, 4.0, '2024-09-12T09:00:00Z', '2025-01-20T15:00:00Z'),
('ik_islain_rp_2025_s1', 'islain', 'rp_2025_s1', 45.0, 29.1, 74.4, 4.2, '2025-02-14T09:00:00Z', '2025-06-22T15:00:00Z'),
('ik_islain_rp_2025_s2', 'islain', 'rp_2025_s2', 46.5, 28.7, 73.9, 4.6, '2025-09-10T09:00:00Z', '2026-01-25T15:00:00Z'),
('ik_islain_rp_2026_s2', 'islain', 'rp_2026_s2', 48.8, 28.1, 73.8, 5.0, '2026-02-08T09:00:00Z', '2026-04-25T10:00:00Z'),
('ik_isste_rp_2024_s2', 'isste', 'rp_2024_s2', 64.2, 35.6, 69.8, 4.3, '2024-09-12T09:00:00Z', '2025-01-20T15:00:00Z'),
('ik_isste_rp_2025_s1', 'isste', 'rp_2025_s1', 64.4, 36.3, 72.2, 4.2, '2025-02-14T09:00:00Z', '2025-06-22T15:00:00Z'),
('ik_isste_rp_2025_s2', 'isste', 'rp_2025_s2', 62.7, 37.2, 72.9, 3.9, '2025-09-10T09:00:00Z', '2026-01-25T15:00:00Z'),
('ik_isste_rp_2026_s2', 'isste', 'rp_2026_s2', 64.7, 38.0, 71.1, 4.1, '2026-02-08T09:00:00Z', '2026-04-25T10:00:00Z'),
('ik_isccb_rp_2024_s2', 'isccb', 'rp_2024_s2', 45.9, 16.0, 66.3, 4.3, '2024-09-12T09:00:00Z', '2025-01-20T15:00:00Z'),
('ik_isccb_rp_2025_s1', 'isccb', 'rp_2025_s1', 46.6, 17.0, 66.1, 4.5, '2025-02-14T09:00:00Z', '2025-06-22T15:00:00Z'),
('ik_isccb_rp_2025_s2', 'isccb', 'rp_2025_s2', 44.8, 16.9, 67.7, 5.0, '2025-09-10T09:00:00Z', '2026-01-25T15:00:00Z'),
('ik_isccb_rp_2026_s2', 'isccb', 'rp_2026_s2', 42.6, 17.3, 66.6, 5.3, '2026-02-08T09:00:00Z', '2026-04-25T10:00:00Z'),
('ik_isepbg_rp_2024_s2', 'isepbg', 'rp_2024_s2', 67.3, 29.4, 82.0, 2.9, '2024-09-12T09:00:00Z', '2025-01-20T15:00:00Z'),
('ik_isepbg_rp_2025_s1', 'isepbg', 'rp_2025_s1', 70.3, 29.9, 85.0, 3.1, '2025-02-14T09:00:00Z', '2025-06-22T15:00:00Z'),
('ik_isepbg_rp_2025_s2', 'isepbg', 'rp_2025_s2', 72.4, 32.4, 85.8, 2.9, '2025-09-10T09:00:00Z', '2026-01-25T15:00:00Z'),
('ik_isepbg_rp_2026_s2', 'isepbg', 'rp_2026_s2', 72.6, 35.3, 87.6, 2.6, '2026-02-08T09:00:00Z', '2026-04-25T10:00:00Z'),
('ik_supcom_rp_2024_s2', 'supcom', 'rp_2024_s2', 59.0, 16.9, 64.5, 4.6, '2024-09-12T09:00:00Z', '2025-01-20T15:00:00Z'),
('ik_supcom_rp_2025_s1', 'supcom', 'rp_2025_s1', 59.8, 17.2, 64.4, 4.3, '2025-02-14T09:00:00Z', '2025-06-22T15:00:00Z'),
('ik_supcom_rp_2025_s2', 'supcom', 'rp_2025_s2', 59.7, 18.2, 67.9, 4.0, '2025-09-10T09:00:00Z', '2026-01-25T15:00:00Z'),
('ik_supcom_rp_2026_s2', 'supcom', 'rp_2026_s2', 57.0, 20.4, 67.7, 3.7, '2026-02-08T09:00:00Z', '2026-04-25T10:00:00Z'),
('ik_esamograne_rp_2024_s2', 'esamograne', 'rp_2024_s2', 50.3, 17.0, 86.7, 4.1, '2024-09-12T09:00:00Z', '2025-01-20T15:00:00Z'),
('ik_esamograne_rp_2025_s1', 'esamograne', 'rp_2025_s1', 49.9, 19.8, 87.5, 4.1, '2025-02-14T09:00:00Z', '2025-06-22T15:00:00Z'),
('ik_esamograne_rp_2025_s2', 'esamograne', 'rp_2025_s2', 54.1, 21.9, 84.5, 4.3, '2025-09-10T09:00:00Z', '2026-01-25T15:00:00Z'),
('ik_esamograne_rp_2026_s2', 'esamograne', 'rp_2026_s2', 55.3, 22.2, 84.2, 4.2, '2026-02-08T09:00:00Z', '2026-04-25T10:00:00Z'),
('ik_esamateur_rp_2024_s2', 'esamateur', 'rp_2024_s2', 67.4, 37.9, 83.2, 4.2, '2024-09-12T09:00:00Z', '2025-01-20T15:00:00Z'),
('ik_esamateur_rp_2025_s1', 'esamateur', 'rp_2025_s1', 67.8, 38.6, 84.6, 4.2, '2025-02-14T09:00:00Z', '2025-06-22T15:00:00Z'),
('ik_esamateur_rp_2025_s2', 'esamateur', 'rp_2025_s2', 71.4, 40.5, 88.1, 4.2, '2025-09-10T09:00:00Z', '2026-01-25T15:00:00Z'),
('ik_esamateur_rp_2026_s2', 'esamateur', 'rp_2026_s2', 75.6, 40.5, 88.2, 4.6, '2026-02-08T09:00:00Z', '2026-04-25T10:00:00Z'),
('ik_esiat_rp_2024_s2', 'esiat', 'rp_2024_s2', 41.2, 29.8, 83.2, 5.3, '2024-09-12T09:00:00Z', '2025-01-20T15:00:00Z'),
('ik_esiat_rp_2025_s1', 'esiat', 'rp_2025_s1', 40.6, 29.0, 84.0, 5.2, '2025-02-14T09:00:00Z', '2025-06-22T15:00:00Z'),
('ik_esiat_rp_2025_s2', 'esiat', 'rp_2025_s2', 41.7, 28.9, 85.6, 5.5, '2025-09-10T09:00:00Z', '2026-01-25T15:00:00Z'),
('ik_esiat_rp_2026_s2', 'esiat', 'rp_2026_s2', 40.0, 30.1, 85.5, 5.5, '2026-02-08T09:00:00Z', '2026-04-25T10:00:00Z'),
('ik_ispab_rp_2024_s2', 'ispab', 'rp_2024_s2', 57.9, 23.4, 62.4, 4.7, '2024-09-12T09:00:00Z', '2025-01-20T15:00:00Z'),
('ik_ispab_rp_2025_s1', 'ispab', 'rp_2025_s1', 58.5, 23.5, 64.9, 4.8, '2025-02-14T09:00:00Z', '2025-06-22T15:00:00Z'),
('ik_ispab_rp_2025_s2', 'ispab', 'rp_2025_s2', 59.7, 23.0, 65.6, 5.4, '2025-09-10T09:00:00Z', '2026-01-25T15:00:00Z'),
('ik_ispab_rp_2026_s2', 'ispab', 'rp_2026_s2', 61.4, 21.3, 68.6, 5.6, '2026-02-08T09:00:00Z', '2026-04-25T10:00:00Z'),
('ik_intes_rp_2024_s2', 'intes', 'rp_2024_s2', 43.3, 21.0, 85.4, 5.3, '2024-09-12T09:00:00Z', '2025-01-20T15:00:00Z'),
('ik_intes_rp_2025_s1', 'intes', 'rp_2025_s1', 41.7, 23.0, 85.6, 5.6, '2025-02-14T09:00:00Z', '2025-06-22T15:00:00Z'),
('ik_intes_rp_2025_s2', 'intes', 'rp_2025_s2', 43.2, 25.1, 83.0, 6.1, '2025-09-10T09:00:00Z', '2026-01-25T15:00:00Z'),
('ik_intes_rp_2026_s2', 'intes', 'rp_2026_s2', 44.5, 25.6, 83.7, 6.2, '2026-02-08T09:00:00Z', '2026-04-25T10:00:00Z'),
('ik_isce_rp_2024_s2', 'isce', 'rp_2024_s2', 52.7, 12.0, 85.9, 5.7, '2024-09-12T09:00:00Z', '2025-01-20T15:00:00Z'),
('ik_isce_rp_2025_s1', 'isce', 'rp_2025_s1', 55.0, 13.3, 87.7, 6.4, '2025-02-14T09:00:00Z', '2025-06-22T15:00:00Z'),
('ik_isce_rp_2025_s2', 'isce', 'rp_2025_s2', 55.7, 12.6, 90.3, 6.6, '2025-09-10T09:00:00Z', '2026-01-25T15:00:00Z'),
('ik_isce_rp_2026_s2', 'isce', 'rp_2026_s2', 58.2, 13.1, 93.2, 6.8, '2026-02-08T09:00:00Z', '2026-04-25T10:00:00Z'),
('ik_inat_rp_2024_s2', 'inat', 'rp_2024_s2', 39.7, 24.4, 80.9, 6.6, '2024-09-12T09:00:00Z', '2025-01-20T15:00:00Z'),
('ik_inat_rp_2025_s1', 'inat', 'rp_2025_s1', 42.2, 23.0, 80.0, 6.7, '2025-02-14T09:00:00Z', '2025-06-22T15:00:00Z'),
('ik_inat_rp_2025_s2', 'inat', 'rp_2025_s2', 41.9, 22.8, 79.5, 6.6, '2025-09-10T09:00:00Z', '2026-01-25T15:00:00Z'),
('ik_inat_rp_2026_s2', 'inat', 'rp_2026_s2', 42.7, 21.2, 77.0, 6.6, '2026-02-08T09:00:00Z', '2026-04-25T10:00:00Z'),
('ik_ihet_rp_2024_s2', 'ihet', 'rp_2024_s2', 40.2, 24.7, 64.1, 5.9, '2024-09-12T09:00:00Z', '2025-01-20T15:00:00Z'),
('ik_ihet_rp_2025_s1', 'ihet', 'rp_2025_s1', 39.5, 23.6, 64.4, 6.1, '2025-02-14T09:00:00Z', '2025-06-22T15:00:00Z'),
('ik_ihet_rp_2025_s2', 'ihet', 'rp_2025_s2', 38.8, 24.0, 63.3, 6.5, '2025-09-10T09:00:00Z', '2026-01-25T15:00:00Z'),
('ik_ihet_rp_2026_s2', 'ihet', 'rp_2026_s2', 38.8, 23.0, 62.8, 6.4, '2026-02-08T09:00:00Z', '2026-04-25T10:00:00Z'),
('ik_inrgref_rp_2024_s2', 'inrgref', 'rp_2024_s2', 40.3, 21.3, 75.2, 4.3, '2024-09-12T09:00:00Z', '2025-01-20T15:00:00Z'),
('ik_inrgref_rp_2025_s1', 'inrgref', 'rp_2025_s1', 41.7, 21.8, 75.8, 4.0, '2025-02-14T09:00:00Z', '2025-06-22T15:00:00Z'),
('ik_inrgref_rp_2025_s2', 'inrgref', 'rp_2025_s2', 45.4, 19.8, 74.0, 3.8, '2025-09-10T09:00:00Z', '2026-01-25T15:00:00Z'),
('ik_inrgref_rp_2026_s2', 'inrgref', 'rp_2026_s2', 46.5, 19.4, 72.2, 3.4, '2026-02-08T09:00:00Z', '2026-04-25T10:00:00Z'),
('ik_inrat_rp_2024_s2', 'inrat', 'rp_2024_s2', 66.1, 34.4, 83.5, 5.9, '2024-09-12T09:00:00Z', '2025-01-20T15:00:00Z'),
('ik_inrat_rp_2025_s1', 'inrat', 'rp_2025_s1', 66.8, 32.7, 82.3, 5.8, '2025-02-14T09:00:00Z', '2025-06-22T15:00:00Z'),
('ik_inrat_rp_2025_s2', 'inrat', 'rp_2025_s2', 65.9, 31.4, 82.0, 5.6, '2025-09-10T09:00:00Z', '2026-01-25T15:00:00Z'),
('ik_inrat_rp_2026_s2', 'inrat', 'rp_2026_s2', 63.6, 31.1, 81.8, 5.7, '2026-02-08T09:00:00Z', '2026-04-25T10:00:00Z'),
('ik_enib_rp_2024_s2', 'enib', 'rp_2024_s2', 70.1, 15.6, 84.7, 6.3, '2024-09-12T09:00:00Z', '2025-01-20T15:00:00Z'),
('ik_enib_rp_2025_s1', 'enib', 'rp_2025_s1', 70.3, 17.5, 84.3, 6.5, '2025-02-14T09:00:00Z', '2025-06-22T15:00:00Z'),
('ik_enib_rp_2025_s2', 'enib', 'rp_2025_s2', 68.9, 18.6, 83.0, 6.8, '2025-09-10T09:00:00Z', '2026-01-25T15:00:00Z'),
('ik_enib_rp_2026_s2', 'enib', 'rp_2026_s2', 70.9, 17.8, 81.1, 7.1, '2026-02-08T09:00:00Z', '2026-04-25T10:00:00Z'),
('ik_cbbc_rp_2024_s2', 'cbbc', 'rp_2024_s2', 43.8, 20.7, 69.1, 4.4, '2024-09-12T09:00:00Z', '2025-01-20T15:00:00Z'),
('ik_cbbc_rp_2025_s1', 'cbbc', 'rp_2025_s1', 42.3, 20.1, 69.4, 4.6, '2025-02-14T09:00:00Z', '2025-06-22T15:00:00Z'),
('ik_cbbc_rp_2025_s2', 'cbbc', 'rp_2025_s2', 39.9, 19.9, 69.5, 4.4, '2025-09-10T09:00:00Z', '2026-01-25T15:00:00Z'),
('ik_cbbc_rp_2026_s2', 'cbbc', 'rp_2026_s2', 39.3, 19.6, 69.8, 4.6, '2026-02-08T09:00:00Z', '2026-04-25T10:00:00Z');

INSERT INTO finance_kpis (id, institution_id, reporting_period_id, budget_allocated, budget_consumed, cost_per_student, created_at, updated_at) VALUES
('fk_fsjpst_rp_2024_s2', 'fsjpst', 'rp_2024_s2', 14145353, 8627813, 7121, '2024-09-12T09:00:00Z', '2025-01-20T15:00:00Z'),
('fk_fsjpst_rp_2025_s1', 'fsjpst', 'rp_2025_s1', 14756443, 9362087, 7402, '2025-02-14T09:00:00Z', '2025-06-22T15:00:00Z'),
('fk_fsjpst_rp_2025_s2', 'fsjpst', 'rp_2025_s2', 14988084, 10000723, 7671, '2025-09-10T09:00:00Z', '2026-01-25T15:00:00Z'),
('fk_fsjpst_rp_2026_s2', 'fsjpst', 'rp_2026_s2', 15391822, 10124768, 7769, '2026-02-08T09:00:00Z', '2026-04-25T10:00:00Z'),
('fk_fsb_rp_2024_s2', 'fsb', 'rp_2024_s2', 6181318, 4011457, 8096, '2024-09-12T09:00:00Z', '2025-01-20T15:00:00Z'),
('fk_fsb_rp_2025_s1', 'fsb', 'rp_2025_s1', 6241617, 4921629, 8258, '2025-02-14T09:00:00Z', '2025-06-22T15:00:00Z'),
('fk_fsb_rp_2025_s2', 'fsb', 'rp_2025_s2', 6816103, 4432932, 8791, '2025-09-10T09:00:00Z', '2026-01-25T15:00:00Z'),
('fk_fsb_rp_2026_s2', 'fsb', 'rp_2026_s2', 6844902, 4891451, 8819, '2026-02-08T09:00:00Z', '2026-04-25T10:00:00Z'),
('fk_fsegn_rp_2024_s2', 'fsegn', 'rp_2024_s2', 11194245, 9730467, 3835, '2024-09-12T09:00:00Z', '2025-01-20T15:00:00Z'),
('fk_fsegn_rp_2025_s1', 'fsegn', 'rp_2025_s1', 11076216, 7580240, 4113, '2025-02-14T09:00:00Z', '2025-06-22T15:00:00Z'),
('fk_fsegn_rp_2025_s2', 'fsegn', 'rp_2025_s2', 10872092, 8340637, 4455, '2025-09-10T09:00:00Z', '2026-01-25T15:00:00Z'),
('fk_fsegn_rp_2026_s2', 'fsegn', 'rp_2026_s2', 10843571, 9837771, 4535, '2026-02-08T09:00:00Z', '2026-04-25T10:00:00Z'),
('fk_enau_rp_2024_s2', 'enau', 'rp_2024_s2', 6637111, 4667056, 8144, '2024-09-12T09:00:00Z', '2025-01-20T15:00:00Z'),
('fk_enau_rp_2025_s1', 'enau', 'rp_2025_s1', 6878947, 4251449, 8296, '2025-02-14T09:00:00Z', '2025-06-22T15:00:00Z'),
('fk_enau_rp_2025_s2', 'enau', 'rp_2025_s2', 7286597, 4069909, 8288, '2025-09-10T09:00:00Z', '2026-01-25T15:00:00Z'),
('fk_enau_rp_2026_s2', 'enau', 'rp_2026_s2', 7361462, 6031067, 8190, '2026-02-08T09:00:00Z', '2026-04-25T10:00:00Z'),
('fk_ept_rp_2024_s2', 'ept', 'rp_2024_s2', 5056635, 4019763, 4561, '2024-09-12T09:00:00Z', '2025-01-20T15:00:00Z'),
('fk_ept_rp_2025_s1', 'ept', 'rp_2025_s1', 5260100, 4723368, 4571, '2025-02-14T09:00:00Z', '2025-06-22T15:00:00Z'),
('fk_ept_rp_2025_s2', 'ept', 'rp_2025_s2', 5622584, 4550120, 4805, '2025-09-10T09:00:00Z', '2026-01-25T15:00:00Z'),
('fk_ept_rp_2026_s2', 'ept', 'rp_2026_s2', 6283732, 3642201, 4571, '2026-02-08T09:00:00Z', '2026-04-25T10:00:00Z'),
('fk_enicarthage_rp_2024_s2', 'enicarthage', 'rp_2024_s2', 10719361, 6557642, 8320, '2024-09-12T09:00:00Z', '2025-01-20T15:00:00Z'),
('fk_enicarthage_rp_2025_s1', 'enicarthage', 'rp_2025_s1', 10686000, 6284580, 8251, '2025-02-14T09:00:00Z', '2025-06-22T15:00:00Z'),
('fk_enicarthage_rp_2025_s2', 'enicarthage', 'rp_2025_s2', 10315198, 5916830, 7947, '2025-09-10T09:00:00Z', '2026-01-25T15:00:00Z'),
('fk_enicarthage_rp_2026_s2', 'enicarthage', 'rp_2026_s2', 10344740, 9052843, 8153, '2026-02-08T09:00:00Z', '2026-04-25T10:00:00Z'),
('fk_essai_rp_2024_s2', 'essai', 'rp_2024_s2', 7278872, 5480411, 5801, '2024-09-12T09:00:00Z', '2025-01-20T15:00:00Z'),
('fk_essai_rp_2025_s1', 'essai', 'rp_2025_s1', 7297001, 4084532, 6046, '2025-02-14T09:00:00Z', '2025-06-22T15:00:00Z'),
('fk_essai_rp_2025_s2', 'essai', 'rp_2025_s2', 7247144, 5050495, 6236, '2025-09-10T09:00:00Z', '2026-01-25T15:00:00Z'),
('fk_essai_rp_2026_s2', 'essai', 'rp_2026_s2', 7653005, 6375325, 6367, '2026-02-08T09:00:00Z', '2026-04-25T10:00:00Z'),
('fk_esac_rp_2024_s2', 'esac', 'rp_2024_s2', 9307240, 5405672, 6426, '2024-09-12T09:00:00Z', '2025-01-20T15:00:00Z'),
('fk_esac_rp_2025_s1', 'esac', 'rp_2025_s1', 9249777, 5985598, 6624, '2025-02-14T09:00:00Z', '2025-06-22T15:00:00Z'),
('fk_esac_rp_2025_s2', 'esac', 'rp_2025_s2', 9258530, 5624108, 6811, '2025-09-10T09:00:00Z', '2026-01-25T15:00:00Z'),
('fk_esac_rp_2026_s2', 'esac', 'rp_2026_s2', 9180891, 7273910, 7174, '2026-02-08T09:00:00Z', '2026-04-25T10:00:00Z'),
('fk_ipeib_rp_2024_s2', 'ipeib', 'rp_2024_s2', 8998680, 7897461, 6095, '2024-09-12T09:00:00Z', '2025-01-20T15:00:00Z'),
('fk_ipeib_rp_2025_s1', 'ipeib', 'rp_2025_s1', 9099174, 6046102, 5978, '2025-02-14T09:00:00Z', '2025-06-22T15:00:00Z'),
('fk_ipeib_rp_2025_s2', 'ipeib', 'rp_2025_s2', 9606783, 6163103, 6050, '2025-09-10T09:00:00Z', '2026-01-25T15:00:00Z'),
('fk_ipeib_rp_2026_s2', 'ipeib', 'rp_2026_s2', 9855858, 6457014, 6130, '2026-02-08T09:00:00Z', '2026-04-25T10:00:00Z'),
('fk_ihec_rp_2024_s2', 'ihec', 'rp_2024_s2', 10670990, 8342557, 6611, '2024-09-12T09:00:00Z', '2025-01-20T15:00:00Z'),
('fk_ihec_rp_2025_s1', 'ihec', 'rp_2025_s1', 11050323, 6614419, 6592, '2025-02-14T09:00:00Z', '2025-06-22T15:00:00Z'),
('fk_ihec_rp_2025_s2', 'ihec', 'rp_2025_s2', 11447567, 9847787, 6905, '2025-09-10T09:00:00Z', '2026-01-25T15:00:00Z'),
('fk_ihec_rp_2026_s2', 'ihec', 'rp_2026_s2', 11643697, 6527123, 6829, '2026-02-08T09:00:00Z', '2026-04-25T10:00:00Z'),
('fk_insat_rp_2024_s2', 'insat', 'rp_2024_s2', 8269584, 6578563, 6441, '2024-09-12T09:00:00Z', '2025-01-20T15:00:00Z'),
('fk_insat_rp_2025_s1', 'insat', 'rp_2025_s1', 8869481, 7701693, 6558, '2025-02-14T09:00:00Z', '2025-06-22T15:00:00Z'),
('fk_insat_rp_2025_s2', 'insat', 'rp_2025_s2', 8655901, 5802262, 6653, '2025-09-10T09:00:00Z', '2026-01-25T15:00:00Z'),
('fk_insat_rp_2026_s2', 'insat', 'rp_2026_s2', 9275384, 6735572, 6369, '2026-02-08T09:00:00Z', '2026-04-25T10:00:00Z'),
('fk_issatm_rp_2024_s2', 'issatm', 'rp_2024_s2', 12265703, 11170905, 5743, '2024-09-12T09:00:00Z', '2025-01-20T15:00:00Z'),
('fk_issatm_rp_2025_s1', 'issatm', 'rp_2025_s1', 13097798, 9823559, 5876, '2025-02-14T09:00:00Z', '2025-06-22T15:00:00Z'),
('fk_issatm_rp_2025_s2', 'issatm', 'rp_2025_s2', 13392738, 8715904, 5773, '2025-09-10T09:00:00Z', '2026-01-25T15:00:00Z'),
('fk_issatm_rp_2026_s2', 'issatm', 'rp_2026_s2', 13552782, 9684718, 5817, '2026-02-08T09:00:00Z', '2026-04-25T10:00:00Z'),
('fk_ipein_rp_2024_s2', 'ipein', 'rp_2024_s2', 15256560, 13864103, 6370, '2024-09-12T09:00:00Z', '2025-01-20T15:00:00Z'),
('fk_ipein_rp_2025_s1', 'ipein', 'rp_2025_s1', 15583438, 12593295, 6616, '2025-02-14T09:00:00Z', '2025-06-22T15:00:00Z'),
('fk_ipein_rp_2025_s2', 'ipein', 'rp_2025_s2', 16314244, 10041475, 6996, '2025-09-10T09:00:00Z', '2026-01-25T15:00:00Z'),
('fk_ipein_rp_2026_s2', 'ipein', 'rp_2026_s2', 16289590, 12561003, 7099, '2026-02-08T09:00:00Z', '2026-04-25T10:00:00Z'),
('fk_ipest_rp_2024_s2', 'ipest', 'rp_2024_s2', 8234942, 6451974, 7024, '2024-09-12T09:00:00Z', '2025-01-20T15:00:00Z'),
('fk_ipest_rp_2025_s1', 'ipest', 'rp_2025_s1', 7929178, 6226505, 7247, '2025-02-14T09:00:00Z', '2025-06-22T15:00:00Z'),
('fk_ipest_rp_2025_s2', 'ipest', 'rp_2025_s2', 8267218, 6272125, 7429, '2025-09-10T09:00:00Z', '2026-01-25T15:00:00Z'),
('fk_ipest_rp_2026_s2', 'ipest', 'rp_2026_s2', 8328898, 6194035, 7341, '2026-02-08T09:00:00Z', '2026-04-25T10:00:00Z'),
('fk_isban_rp_2024_s2', 'isban', 'rp_2024_s2', 10248199, 8061494, 6268, '2024-09-12T09:00:00Z', '2025-01-20T15:00:00Z'),
('fk_isban_rp_2025_s1', 'isban', 'rp_2025_s1', 10463563, 6953819, 6123, '2025-02-14T09:00:00Z', '2025-06-22T15:00:00Z'),
('fk_isban_rp_2025_s2', 'isban', 'rp_2025_s2', 10696480, 7257051, 6485, '2025-09-10T09:00:00Z', '2026-01-25T15:00:00Z'),
('fk_isban_rp_2026_s2', 'isban', 'rp_2026_s2', 10819342, 8111014, 6659, '2026-02-08T09:00:00Z', '2026-04-25T10:00:00Z'),
('fk_isteub_rp_2024_s2', 'isteub', 'rp_2024_s2', 4457864, 3779117, 7419, '2024-09-12T09:00:00Z', '2025-01-20T15:00:00Z'),
('fk_isteub_rp_2025_s1', 'isteub', 'rp_2025_s1', 4783323, 3412845, 7431, '2025-02-14T09:00:00Z', '2025-06-22T15:00:00Z'),
('fk_isteub_rp_2025_s2', 'isteub', 'rp_2025_s2', 5413419, 3710031, 7114, '2025-09-10T09:00:00Z', '2026-01-25T15:00:00Z'),
('fk_isteub_rp_2026_s2', 'isteub', 'rp_2026_s2', 5713393, 3691586, 7085, '2026-02-08T09:00:00Z', '2026-04-25T10:00:00Z'),
('fk_islt_rp_2024_s2', 'islt', 'rp_2024_s2', 10550534, 6987850, 8113, '2024-09-12T09:00:00Z', '2025-01-20T15:00:00Z'),
('fk_islt_rp_2025_s1', 'islt', 'rp_2025_s1', 10727718, 5900611, 8473, '2025-02-14T09:00:00Z', '2025-06-22T15:00:00Z'),
('fk_islt_rp_2025_s2', 'islt', 'rp_2025_s2', 11337567, 9656098, 8890, '2025-09-10T09:00:00Z', '2026-01-25T15:00:00Z'),
('fk_islt_rp_2026_s2', 'islt', 'rp_2026_s2', 11201908, 9675538, 9281, '2026-02-08T09:00:00Z', '2026-04-25T10:00:00Z'),
('fk_islain_rp_2024_s2', 'islain', 'rp_2024_s2', 11958723, 8098894, 5489, '2024-09-12T09:00:00Z', '2025-01-20T15:00:00Z'),
('fk_islain_rp_2025_s1', 'islain', 'rp_2025_s1', 11502078, 8322940, 5684, '2025-02-14T09:00:00Z', '2025-06-22T15:00:00Z'),
('fk_islain_rp_2025_s2', 'islain', 'rp_2025_s2', 11186191, 6186828, 5940, '2025-09-10T09:00:00Z', '2026-01-25T15:00:00Z'),
('fk_islain_rp_2026_s2', 'islain', 'rp_2026_s2', 11322395, 10090209, 6409, '2026-02-08T09:00:00Z', '2026-04-25T10:00:00Z'),
('fk_isste_rp_2024_s2', 'isste', 'rp_2024_s2', 10217606, 9199669, 5883, '2024-09-12T09:00:00Z', '2025-01-20T15:00:00Z'),
('fk_isste_rp_2025_s1', 'isste', 'rp_2025_s1', 10250613, 7447222, 5795, '2025-02-14T09:00:00Z', '2025-06-22T15:00:00Z'),
('fk_isste_rp_2025_s2', 'isste', 'rp_2025_s2', 10418122, 5765170, 6273, '2025-09-10T09:00:00Z', '2026-01-25T15:00:00Z'),
('fk_isste_rp_2026_s2', 'isste', 'rp_2026_s2', 10037305, 7119069, 6278, '2026-02-08T09:00:00Z', '2026-04-25T10:00:00Z'),
('fk_isccb_rp_2024_s2', 'isccb', 'rp_2024_s2', 15584995, 10260870, 4738, '2024-09-12T09:00:00Z', '2025-01-20T15:00:00Z'),
('fk_isccb_rp_2025_s1', 'isccb', 'rp_2025_s1', 15733183, 9999219, 4952, '2025-02-14T09:00:00Z', '2025-06-22T15:00:00Z'),
('fk_isccb_rp_2025_s2', 'isccb', 'rp_2025_s2', 15363146, 8490759, 5496, '2025-09-10T09:00:00Z', '2026-01-25T15:00:00Z'),
('fk_isccb_rp_2026_s2', 'isccb', 'rp_2026_s2', 15356662, 10569195, 5819, '2026-02-08T09:00:00Z', '2026-04-25T10:00:00Z'),
('fk_isepbg_rp_2024_s2', 'isepbg', 'rp_2024_s2', 11289006, 7928746, 6022, '2024-09-12T09:00:00Z', '2025-01-20T15:00:00Z'),
('fk_isepbg_rp_2025_s1', 'isepbg', 'rp_2025_s1', 11803956, 8940376, 5951, '2025-02-14T09:00:00Z', '2025-06-22T15:00:00Z'),
('fk_isepbg_rp_2025_s2', 'isepbg', 'rp_2025_s2', 11957668, 8323233, 5824, '2025-09-10T09:00:00Z', '2026-01-25T15:00:00Z'),
('fk_isepbg_rp_2026_s2', 'isepbg', 'rp_2026_s2', 12660682, 7728203, 5719, '2026-02-08T09:00:00Z', '2026-04-25T10:00:00Z'),
('fk_supcom_rp_2024_s2', 'supcom', 'rp_2024_s2', 10950387, 9009251, 5052, '2024-09-12T09:00:00Z', '2025-01-20T15:00:00Z'),
('fk_supcom_rp_2025_s1', 'supcom', 'rp_2025_s1', 11214053, 7784768, 5423, '2025-02-14T09:00:00Z', '2025-06-22T15:00:00Z'),
('fk_supcom_rp_2025_s2', 'supcom', 'rp_2025_s2', 10970320, 7569438, 5567, '2025-09-10T09:00:00Z', '2026-01-25T15:00:00Z'),
('fk_supcom_rp_2026_s2', 'supcom', 'rp_2026_s2', 11237134, 7273827, 5873, '2026-02-08T09:00:00Z', '2026-04-25T10:00:00Z'),
('fk_esamograne_rp_2024_s2', 'esamograne', 'rp_2024_s2', 9144534, 6458131, 7627, '2024-09-12T09:00:00Z', '2025-01-20T15:00:00Z'),
('fk_esamograne_rp_2025_s1', 'esamograne', 'rp_2025_s1', 9140864, 5837701, 8114, '2025-02-14T09:00:00Z', '2025-06-22T15:00:00Z'),
('fk_esamograne_rp_2025_s2', 'esamograne', 'rp_2025_s2', 9532272, 7939230, 8196, '2025-09-10T09:00:00Z', '2026-01-25T15:00:00Z'),
('fk_esamograne_rp_2026_s2', 'esamograne', 'rp_2026_s2', 10147740, 8997829, 8730, '2026-02-08T09:00:00Z', '2026-04-25T10:00:00Z'),
('fk_esamateur_rp_2024_s2', 'esamateur', 'rp_2024_s2', 13880201, 11781552, 7653, '2024-09-12T09:00:00Z', '2025-01-20T15:00:00Z'),
('fk_esamateur_rp_2025_s1', 'esamateur', 'rp_2025_s1', 14339562, 11519212, 7364, '2025-02-14T09:00:00Z', '2025-06-22T15:00:00Z'),
('fk_esamateur_rp_2025_s2', 'esamateur', 'rp_2025_s2', 14729613, 9652763, 7242, '2025-09-10T09:00:00Z', '2026-01-25T15:00:00Z'),
('fk_esamateur_rp_2026_s2', 'esamateur', 'rp_2026_s2', 15177465, 12519632, 7277, '2026-02-08T09:00:00Z', '2026-04-25T10:00:00Z'),
('fk_esiat_rp_2024_s2', 'esiat', 'rp_2024_s2', 6913041, 5870963, 7070, '2024-09-12T09:00:00Z', '2025-01-20T15:00:00Z'),
('fk_esiat_rp_2025_s1', 'esiat', 'rp_2025_s1', 6839150, 4806379, 7517, '2025-02-14T09:00:00Z', '2025-06-22T15:00:00Z'),
('fk_esiat_rp_2025_s2', 'esiat', 'rp_2025_s2', 7032062, 6088277, 7535, '2025-09-10T09:00:00Z', '2026-01-25T15:00:00Z'),
('fk_esiat_rp_2026_s2', 'esiat', 'rp_2026_s2', 6979489, 4309769, 7821, '2026-02-08T09:00:00Z', '2026-04-25T10:00:00Z'),
('fk_ispab_rp_2024_s2', 'ispab', 'rp_2024_s2', 15393433, 10115798, 4165, '2024-09-12T09:00:00Z', '2025-01-20T15:00:00Z'),
('fk_ispab_rp_2025_s1', 'ispab', 'rp_2025_s1', 15756591, 12379170, 4154, '2025-02-14T09:00:00Z', '2025-06-22T15:00:00Z'),
('fk_ispab_rp_2025_s2', 'ispab', 'rp_2025_s2', 16261383, 12660460, 4005, '2025-09-10T09:00:00Z', '2026-01-25T15:00:00Z'),
('fk_ispab_rp_2026_s2', 'ispab', 'rp_2026_s2', 16560341, 10775642, 4218, '2026-02-08T09:00:00Z', '2026-04-25T10:00:00Z'),
('fk_intes_rp_2024_s2', 'intes', 'rp_2024_s2', 7938239, 6195151, 4094, '2024-09-12T09:00:00Z', '2025-01-20T15:00:00Z'),
('fk_intes_rp_2025_s1', 'intes', 'rp_2025_s1', 8065335, 4996330, 3950, '2025-02-14T09:00:00Z', '2025-06-22T15:00:00Z'),
('fk_intes_rp_2025_s2', 'intes', 'rp_2025_s2', 8334762, 4643931, 4063, '2025-09-10T09:00:00Z', '2026-01-25T15:00:00Z'),
('fk_intes_rp_2026_s2', 'intes', 'rp_2026_s2', 8521280, 4843187, 3945, '2026-02-08T09:00:00Z', '2026-04-25T10:00:00Z'),
('fk_isce_rp_2024_s2', 'isce', 'rp_2024_s2', 5477265, 4096661, 5390, '2024-09-12T09:00:00Z', '2025-01-20T15:00:00Z'),
('fk_isce_rp_2025_s1', 'isce', 'rp_2025_s1', 5806487, 3593036, 5707, '2025-02-14T09:00:00Z', '2025-06-22T15:00:00Z'),
('fk_isce_rp_2025_s2', 'isce', 'rp_2025_s2', 6346049, 3730469, 6232, '2025-09-10T09:00:00Z', '2026-01-25T15:00:00Z'),
('fk_isce_rp_2026_s2', 'isce', 'rp_2026_s2', 6393836, 4153449, 6319, '2026-02-08T09:00:00Z', '2026-04-25T10:00:00Z'),
('fk_inat_rp_2024_s2', 'inat', 'rp_2024_s2', 4275778, 3483144, 6656, '2024-09-12T09:00:00Z', '2025-01-20T15:00:00Z'),
('fk_inat_rp_2025_s1', 'inat', 'rp_2025_s1', 4157183, 3404855, 6812, '2025-02-14T09:00:00Z', '2025-06-22T15:00:00Z'),
('fk_inat_rp_2025_s2', 'inat', 'rp_2025_s2', 4578359, 2912476, 7107, '2025-09-10T09:00:00Z', '2026-01-25T15:00:00Z'),
('fk_inat_rp_2026_s2', 'inat', 'rp_2026_s2', 4451239, 2696351, 7242, '2026-02-08T09:00:00Z', '2026-04-25T10:00:00Z'),
('fk_ihet_rp_2024_s2', 'ihet', 'rp_2024_s2', 8461784, 6199309, 7564, '2024-09-12T09:00:00Z', '2025-01-20T15:00:00Z'),
('fk_ihet_rp_2025_s1', 'ihet', 'rp_2025_s1', 8650702, 5852266, 7372, '2025-02-14T09:00:00Z', '2025-06-22T15:00:00Z'),
('fk_ihet_rp_2025_s2', 'ihet', 'rp_2025_s2', 9180847, 6107864, 7439, '2025-09-10T09:00:00Z', '2026-01-25T15:00:00Z'),
('fk_ihet_rp_2026_s2', 'ihet', 'rp_2026_s2', 9361747, 7918175, 7112, '2026-02-08T09:00:00Z', '2026-04-25T10:00:00Z'),
('fk_inrgref_rp_2024_s2', 'inrgref', 'rp_2024_s2', 7091458, 6518797, 6751, '2024-09-12T09:00:00Z', '2025-01-20T15:00:00Z'),
('fk_inrgref_rp_2025_s1', 'inrgref', 'rp_2025_s1', 6898521, 4977719, 7074, '2025-02-14T09:00:00Z', '2025-06-22T15:00:00Z'),
('fk_inrgref_rp_2025_s2', 'inrgref', 'rp_2025_s2', 6689996, 5638510, 7342, '2025-09-10T09:00:00Z', '2026-01-25T15:00:00Z'),
('fk_inrgref_rp_2026_s2', 'inrgref', 'rp_2026_s2', 6542165, 4397590, 7621, '2026-02-08T09:00:00Z', '2026-04-25T10:00:00Z'),
('fk_inrat_rp_2024_s2', 'inrat', 'rp_2024_s2', 13607692, 11731356, 8092, '2024-09-12T09:00:00Z', '2025-01-20T15:00:00Z'),
('fk_inrat_rp_2025_s1', 'inrat', 'rp_2025_s1', 13342257, 12036160, 8557, '2025-02-14T09:00:00Z', '2025-06-22T15:00:00Z'),
('fk_inrat_rp_2025_s2', 'inrat', 'rp_2025_s2', 13676400, 7805589, 8845, '2025-09-10T09:00:00Z', '2026-01-25T15:00:00Z'),
('fk_inrat_rp_2026_s2', 'inrat', 'rp_2026_s2', 13560614, 11350119, 8879, '2026-02-08T09:00:00Z', '2026-04-25T10:00:00Z'),
('fk_enib_rp_2024_s2', 'enib', 'rp_2024_s2', 9741988, 5615402, 7192, '2024-09-12T09:00:00Z', '2025-01-20T15:00:00Z'),
('fk_enib_rp_2025_s1', 'enib', 'rp_2025_s1', 9589522, 6942375, 7476, '2025-02-14T09:00:00Z', '2025-06-22T15:00:00Z'),
('fk_enib_rp_2025_s2', 'enib', 'rp_2025_s2', 9335623, 5798459, 7664, '2025-09-10T09:00:00Z', '2026-01-25T15:00:00Z'),
('fk_enib_rp_2026_s2', 'enib', 'rp_2026_s2', 9235650, 7955307, 8054, '2026-02-08T09:00:00Z', '2026-04-25T10:00:00Z'),
('fk_cbbc_rp_2024_s2', 'cbbc', 'rp_2024_s2', 10418796, 8880802, 7607, '2024-09-12T09:00:00Z', '2025-01-20T15:00:00Z'),
('fk_cbbc_rp_2025_s1', 'cbbc', 'rp_2025_s1', 10208460, 8743068, 7849, '2025-02-14T09:00:00Z', '2025-06-22T15:00:00Z'),
('fk_cbbc_rp_2025_s2', 'cbbc', 'rp_2025_s2', 10400102, 6189368, 7846, '2025-09-10T09:00:00Z', '2026-01-25T15:00:00Z'),
('fk_cbbc_rp_2026_s2', 'cbbc', 'rp_2026_s2', 10601501, 8843919, 7978, '2026-02-08T09:00:00Z', '2026-04-25T10:00:00Z');

INSERT INTO esg_kpis (id, institution_id, reporting_period_id, energy_consumption_index, carbon_footprint_index, recycling_rate, mobility_index, created_at, updated_at) VALUES
('ek_fsjpst_rp_2024_s2', 'fsjpst', 'rp_2024_s2', 69.0, 58.4, 37.8, 38.1, '2024-09-12T09:00:00Z', '2025-01-20T15:00:00Z'),
('ek_fsjpst_rp_2025_s1', 'fsjpst', 'rp_2025_s1', 69.6, 58.6, 38.7, 38.3, '2025-02-14T09:00:00Z', '2025-06-22T15:00:00Z'),
('ek_fsjpst_rp_2025_s2', 'fsjpst', 'rp_2025_s2', 69.2, 60.1, 39.9, 38.8, '2025-09-10T09:00:00Z', '2026-01-25T15:00:00Z'),
('ek_fsjpst_rp_2026_s2', 'fsjpst', 'rp_2026_s2', 70.0, 59.9, 41.0, 38.9, '2026-02-08T09:00:00Z', '2026-04-25T10:00:00Z'),
('ek_fsb_rp_2024_s2', 'fsb', 'rp_2024_s2', 64.9, 58.9, 47.9, 42.9, '2024-09-12T09:00:00Z', '2025-01-20T15:00:00Z'),
('ek_fsb_rp_2025_s1', 'fsb', 'rp_2025_s1', 65.7, 57.7, 47.9, 43.8, '2025-02-14T09:00:00Z', '2025-06-22T15:00:00Z'),
('ek_fsb_rp_2025_s2', 'fsb', 'rp_2025_s2', 64.9, 57.9, 48.8, 43.5, '2025-09-10T09:00:00Z', '2026-01-25T15:00:00Z'),
('ek_fsb_rp_2026_s2', 'fsb', 'rp_2026_s2', 65.6, 57.0, 49.0, 44.6, '2026-02-08T09:00:00Z', '2026-04-25T10:00:00Z'),
('ek_fsegn_rp_2024_s2', 'fsegn', 'rp_2024_s2', 65.8, 50.3, 45.9, 56.2, '2024-09-12T09:00:00Z', '2025-01-20T15:00:00Z'),
('ek_fsegn_rp_2025_s1', 'fsegn', 'rp_2025_s1', 66.0, 50.4, 47.0, 57.8, '2025-02-14T09:00:00Z', '2025-06-22T15:00:00Z'),
('ek_fsegn_rp_2025_s2', 'fsegn', 'rp_2025_s2', 66.3, 50.9, 48.4, 58.5, '2025-09-10T09:00:00Z', '2026-01-25T15:00:00Z'),
('ek_fsegn_rp_2026_s2', 'fsegn', 'rp_2026_s2', 66.7, 50.7, 49.9, 58.7, '2026-02-08T09:00:00Z', '2026-04-25T10:00:00Z'),
('ek_enau_rp_2024_s2', 'enau', 'rp_2024_s2', 72.6, 58.6, 30.2, 38.2, '2024-09-12T09:00:00Z', '2025-01-20T15:00:00Z'),
('ek_enau_rp_2025_s1', 'enau', 'rp_2025_s1', 72.7, 59.3, 31.3, 38.6, '2025-02-14T09:00:00Z', '2025-06-22T15:00:00Z'),
('ek_enau_rp_2025_s2', 'enau', 'rp_2025_s2', 74.1, 60.6, 32.3, 39.5, '2025-09-10T09:00:00Z', '2026-01-25T15:00:00Z'),
('ek_enau_rp_2026_s2', 'enau', 'rp_2026_s2', 75.6, 61.0, 32.7, 41.0, '2026-02-08T09:00:00Z', '2026-04-25T10:00:00Z'),
('ek_ept_rp_2024_s2', 'ept', 'rp_2024_s2', 74.3, 63.6, 27.7, 44.5, '2024-09-12T09:00:00Z', '2025-01-20T15:00:00Z'),
('ek_ept_rp_2025_s1', 'ept', 'rp_2025_s1', 74.1, 62.1, 28.5, 44.4, '2025-02-14T09:00:00Z', '2025-06-22T15:00:00Z'),
('ek_ept_rp_2025_s2', 'ept', 'rp_2025_s2', 74.5, 62.2, 29.6, 44.8, '2025-09-10T09:00:00Z', '2026-01-25T15:00:00Z'),
('ek_ept_rp_2026_s2', 'ept', 'rp_2026_s2', 74.7, 61.6, 30.3, 44.8, '2026-02-08T09:00:00Z', '2026-04-25T10:00:00Z'),
('ek_enicarthage_rp_2024_s2', 'enicarthage', 'rp_2024_s2', 65.7, 57.9, 47.4, 43.6, '2024-09-12T09:00:00Z', '2025-01-20T15:00:00Z'),
('ek_enicarthage_rp_2025_s1', 'enicarthage', 'rp_2025_s1', 66.9, 57.4, 48.1, 44.4, '2025-02-14T09:00:00Z', '2025-06-22T15:00:00Z'),
('ek_enicarthage_rp_2025_s2', 'enicarthage', 'rp_2025_s2', 67.1, 57.7, 49.3, 44.8, '2025-09-10T09:00:00Z', '2026-01-25T15:00:00Z'),
('ek_enicarthage_rp_2026_s2', 'enicarthage', 'rp_2026_s2', 67.4, 56.3, 49.8, 45.4, '2026-02-08T09:00:00Z', '2026-04-25T10:00:00Z'),
('ek_essai_rp_2024_s2', 'essai', 'rp_2024_s2', 68.0, 65.7, 28.0, 40.9, '2024-09-12T09:00:00Z', '2025-01-20T15:00:00Z'),
('ek_essai_rp_2025_s1', 'essai', 'rp_2025_s1', 69.2, 65.0, 29.3, 41.6, '2025-02-14T09:00:00Z', '2025-06-22T15:00:00Z'),
('ek_essai_rp_2025_s2', 'essai', 'rp_2025_s2', 69.7, 64.5, 30.9, 42.6, '2025-09-10T09:00:00Z', '2026-01-25T15:00:00Z'),
('ek_essai_rp_2026_s2', 'essai', 'rp_2026_s2', 70.3, 63.2, 32.1, 43.5, '2026-02-08T09:00:00Z', '2026-04-25T10:00:00Z'),
('ek_esac_rp_2024_s2', 'esac', 'rp_2024_s2', 72.3, 55.9, 48.5, 41.2, '2024-09-12T09:00:00Z', '2025-01-20T15:00:00Z'),
('ek_esac_rp_2025_s1', 'esac', 'rp_2025_s1', 72.3, 56.1, 49.6, 41.2, '2025-02-14T09:00:00Z', '2025-06-22T15:00:00Z'),
('ek_esac_rp_2025_s2', 'esac', 'rp_2025_s2', 72.0, 57.0, 50.1, 42.2, '2025-09-10T09:00:00Z', '2026-01-25T15:00:00Z'),
('ek_esac_rp_2026_s2', 'esac', 'rp_2026_s2', 71.4, 57.5, 52.1, 41.8, '2026-02-08T09:00:00Z', '2026-04-25T10:00:00Z'),
('ek_ipeib_rp_2024_s2', 'ipeib', 'rp_2024_s2', 70.4, 51.6, 36.6, 60.4, '2024-09-12T09:00:00Z', '2025-01-20T15:00:00Z'),
('ek_ipeib_rp_2025_s1', 'ipeib', 'rp_2025_s1', 69.7, 51.8, 37.0, 61.8, '2025-02-14T09:00:00Z', '2025-06-22T15:00:00Z'),
('ek_ipeib_rp_2025_s2', 'ipeib', 'rp_2025_s2', 68.6, 52.6, 37.5, 63.0, '2025-09-10T09:00:00Z', '2026-01-25T15:00:00Z'),
('ek_ipeib_rp_2026_s2', 'ipeib', 'rp_2026_s2', 68.5, 53.4, 37.1, 63.6, '2026-02-08T09:00:00Z', '2026-04-25T10:00:00Z'),
('ek_ihec_rp_2024_s2', 'ihec', 'rp_2024_s2', 51.0, 62.0, 37.6, 60.0, '2024-09-12T09:00:00Z', '2025-01-20T15:00:00Z'),
('ek_ihec_rp_2025_s1', 'ihec', 'rp_2025_s1', 50.0, 62.0, 38.3, 59.5, '2025-02-14T09:00:00Z', '2025-06-22T15:00:00Z'),
('ek_ihec_rp_2025_s2', 'ihec', 'rp_2025_s2', 50.1, 62.1, 39.4, 59.6, '2025-09-10T09:00:00Z', '2026-01-25T15:00:00Z'),
('ek_ihec_rp_2026_s2', 'ihec', 'rp_2026_s2', 48.9, 63.3, 39.5, 60.4, '2026-02-08T09:00:00Z', '2026-04-25T10:00:00Z'),
('ek_insat_rp_2024_s2', 'insat', 'rp_2024_s2', 63.5, 60.9, 50.3, 52.2, '2024-09-12T09:00:00Z', '2025-01-20T15:00:00Z'),
('ek_insat_rp_2025_s1', 'insat', 'rp_2025_s1', 64.3, 61.2, 51.0, 52.0, '2025-02-14T09:00:00Z', '2025-06-22T15:00:00Z'),
('ek_insat_rp_2025_s2', 'insat', 'rp_2025_s2', 65.4, 61.1, 52.0, 53.4, '2025-09-10T09:00:00Z', '2026-01-25T15:00:00Z'),
('ek_insat_rp_2026_s2', 'insat', 'rp_2026_s2', 66.7, 61.8, 52.2, 53.4, '2026-02-08T09:00:00Z', '2026-04-25T10:00:00Z'),
('ek_issatm_rp_2024_s2', 'issatm', 'rp_2024_s2', 45.6, 71.4, 43.5, 60.4, '2024-09-12T09:00:00Z', '2025-01-20T15:00:00Z'),
('ek_issatm_rp_2025_s1', 'issatm', 'rp_2025_s1', 45.8, 71.4, 44.7, 60.4, '2025-02-14T09:00:00Z', '2025-06-22T15:00:00Z'),
('ek_issatm_rp_2025_s2', 'issatm', 'rp_2025_s2', 45.2, 71.6, 45.3, 60.5, '2025-09-10T09:00:00Z', '2026-01-25T15:00:00Z'),
('ek_issatm_rp_2026_s2', 'issatm', 'rp_2026_s2', 45.4, 71.1, 47.0, 60.8, '2026-02-08T09:00:00Z', '2026-04-25T10:00:00Z'),
('ek_ipein_rp_2024_s2', 'ipein', 'rp_2024_s2', 73.3, 59.2, 32.8, 46.1, '2024-09-12T09:00:00Z', '2025-01-20T15:00:00Z'),
('ek_ipein_rp_2025_s1', 'ipein', 'rp_2025_s1', 72.9, 58.1, 33.4, 47.1, '2025-02-14T09:00:00Z', '2025-06-22T15:00:00Z'),
('ek_ipein_rp_2025_s2', 'ipein', 'rp_2025_s2', 71.8, 58.4, 33.7, 48.2, '2025-09-10T09:00:00Z', '2026-01-25T15:00:00Z'),
('ek_ipein_rp_2026_s2', 'ipein', 'rp_2026_s2', 72.1, 57.3, 34.3, 49.7, '2026-02-08T09:00:00Z', '2026-04-25T10:00:00Z'),
('ek_ipest_rp_2024_s2', 'ipest', 'rp_2024_s2', 65.1, 48.3, 49.1, 52.7, '2024-09-12T09:00:00Z', '2025-01-20T15:00:00Z'),
('ek_ipest_rp_2025_s1', 'ipest', 'rp_2025_s1', 65.0, 48.3, 49.2, 54.7, '2025-02-14T09:00:00Z', '2025-06-22T15:00:00Z'),
('ek_ipest_rp_2025_s2', 'ipest', 'rp_2025_s2', 65.2, 48.2, 49.9, 54.9, '2025-09-10T09:00:00Z', '2026-01-25T15:00:00Z'),
('ek_ipest_rp_2026_s2', 'ipest', 'rp_2026_s2', 65.4, 48.0, 50.4, 56.6, '2026-02-08T09:00:00Z', '2026-04-25T10:00:00Z'),
('ek_isban_rp_2024_s2', 'isban', 'rp_2024_s2', 58.4, 54.6, 41.8, 52.7, '2024-09-12T09:00:00Z', '2025-01-20T15:00:00Z'),
('ek_isban_rp_2025_s1', 'isban', 'rp_2025_s1', 57.2, 56.0, 43.4, 53.8, '2025-02-14T09:00:00Z', '2025-06-22T15:00:00Z'),
('ek_isban_rp_2025_s2', 'isban', 'rp_2025_s2', 56.7, 57.3, 44.0, 55.0, '2025-09-10T09:00:00Z', '2026-01-25T15:00:00Z'),
('ek_isban_rp_2026_s2', 'isban', 'rp_2026_s2', 56.0, 57.4, 45.9, 56.2, '2026-02-08T09:00:00Z', '2026-04-25T10:00:00Z'),
('ek_isteub_rp_2024_s2', 'isteub', 'rp_2024_s2', 73.2, 62.8, 39.3, 51.2, '2024-09-12T09:00:00Z', '2025-01-20T15:00:00Z'),
('ek_isteub_rp_2025_s1', 'isteub', 'rp_2025_s1', 72.5, 64.1, 39.8, 52.2, '2025-02-14T09:00:00Z', '2025-06-22T15:00:00Z'),
('ek_isteub_rp_2025_s2', 'isteub', 'rp_2025_s2', 72.6, 63.8, 39.4, 54.1, '2025-09-10T09:00:00Z', '2026-01-25T15:00:00Z'),
('ek_isteub_rp_2026_s2', 'isteub', 'rp_2026_s2', 72.5, 64.7, 40.2, 54.7, '2026-02-08T09:00:00Z', '2026-04-25T10:00:00Z'),
('ek_islt_rp_2024_s2', 'islt', 'rp_2024_s2', 73.9, 58.4, 49.6, 60.0, '2024-09-12T09:00:00Z', '2025-01-20T15:00:00Z'),
('ek_islt_rp_2025_s1', 'islt', 'rp_2025_s1', 74.0, 58.5, 51.5, 61.3, '2025-02-14T09:00:00Z', '2025-06-22T15:00:00Z'),
('ek_islt_rp_2025_s2', 'islt', 'rp_2025_s2', 73.7, 58.3, 52.6, 62.2, '2025-09-10T09:00:00Z', '2026-01-25T15:00:00Z'),
('ek_islt_rp_2026_s2', 'islt', 'rp_2026_s2', 73.2, 57.9, 53.7, 63.6, '2026-02-08T09:00:00Z', '2026-04-25T10:00:00Z'),
('ek_islain_rp_2024_s2', 'islain', 'rp_2024_s2', 71.1, 54.8, 48.4, 39.8, '2024-09-12T09:00:00Z', '2025-01-20T15:00:00Z'),
('ek_islain_rp_2025_s1', 'islain', 'rp_2025_s1', 69.9, 54.2, 49.1, 39.9, '2025-02-14T09:00:00Z', '2025-06-22T15:00:00Z'),
('ek_islain_rp_2025_s2', 'islain', 'rp_2025_s2', 69.5, 54.4, 50.3, 40.1, '2025-09-10T09:00:00Z', '2026-01-25T15:00:00Z'),
('ek_islain_rp_2026_s2', 'islain', 'rp_2026_s2', 69.5, 54.6, 51.0, 40.1, '2026-02-08T09:00:00Z', '2026-04-25T10:00:00Z'),
('ek_isste_rp_2024_s2', 'isste', 'rp_2024_s2', 50.3, 48.5, 36.7, 46.1, '2024-09-12T09:00:00Z', '2025-01-20T15:00:00Z'),
('ek_isste_rp_2025_s1', 'isste', 'rp_2025_s1', 49.6, 47.5, 38.6, 46.5, '2025-02-14T09:00:00Z', '2025-06-22T15:00:00Z'),
('ek_isste_rp_2025_s2', 'isste', 'rp_2025_s2', 49.0, 47.1, 39.7, 47.5, '2025-09-10T09:00:00Z', '2026-01-25T15:00:00Z'),
('ek_isste_rp_2026_s2', 'isste', 'rp_2026_s2', 48.8, 46.8, 41.3, 48.5, '2026-02-08T09:00:00Z', '2026-04-25T10:00:00Z'),
('ek_isccb_rp_2024_s2', 'isccb', 'rp_2024_s2', 77.5, 51.3, 37.6, 46.1, '2024-09-12T09:00:00Z', '2025-01-20T15:00:00Z'),
('ek_isccb_rp_2025_s1', 'isccb', 'rp_2025_s1', 76.5, 52.0, 37.8, 47.2, '2025-02-14T09:00:00Z', '2025-06-22T15:00:00Z'),
('ek_isccb_rp_2025_s2', 'isccb', 'rp_2025_s2', 76.2, 53.0, 38.0, 48.9, '2025-09-10T09:00:00Z', '2026-01-25T15:00:00Z'),
('ek_isccb_rp_2026_s2', 'isccb', 'rp_2026_s2', 75.1, 53.9, 37.7, 50.1, '2026-02-08T09:00:00Z', '2026-04-25T10:00:00Z'),
('ek_isepbg_rp_2024_s2', 'isepbg', 'rp_2024_s2', 63.6, 50.4, 33.9, 41.9, '2024-09-12T09:00:00Z', '2025-01-20T15:00:00Z'),
('ek_isepbg_rp_2025_s1', 'isepbg', 'rp_2025_s1', 64.4, 50.8, 34.8, 41.8, '2025-02-14T09:00:00Z', '2025-06-22T15:00:00Z'),
('ek_isepbg_rp_2025_s2', 'isepbg', 'rp_2025_s2', 64.4, 51.4, 36.0, 42.7, '2025-09-10T09:00:00Z', '2026-01-25T15:00:00Z'),
('ek_isepbg_rp_2026_s2', 'isepbg', 'rp_2026_s2', 64.7, 53.0, 37.0, 42.3, '2026-02-08T09:00:00Z', '2026-04-25T10:00:00Z'),
('ek_supcom_rp_2024_s2', 'supcom', 'rp_2024_s2', 47.3, 57.6, 25.0, 41.3, '2024-09-12T09:00:00Z', '2025-01-20T15:00:00Z'),
('ek_supcom_rp_2025_s1', 'supcom', 'rp_2025_s1', 46.0, 57.5, 24.6, 42.4, '2025-02-14T09:00:00Z', '2025-06-22T15:00:00Z'),
('ek_supcom_rp_2025_s2', 'supcom', 'rp_2025_s2', 45.9, 57.2, 24.5, 43.1, '2025-09-10T09:00:00Z', '2026-01-25T15:00:00Z'),
('ek_supcom_rp_2026_s2', 'supcom', 'rp_2026_s2', 45.3, 58.3, 24.4, 44.0, '2026-02-08T09:00:00Z', '2026-04-25T10:00:00Z'),
('ek_esamograne_rp_2024_s2', 'esamograne', 'rp_2024_s2', 73.0, 61.0, 30.6, 52.8, '2024-09-12T09:00:00Z', '2025-01-20T15:00:00Z'),
('ek_esamograne_rp_2025_s1', 'esamograne', 'rp_2025_s1', 72.3, 60.2, 31.5, 54.0, '2025-02-14T09:00:00Z', '2025-06-22T15:00:00Z'),
('ek_esamograne_rp_2025_s2', 'esamograne', 'rp_2025_s2', 72.7, 58.9, 33.1, 54.0, '2025-09-10T09:00:00Z', '2026-01-25T15:00:00Z'),
('ek_esamograne_rp_2026_s2', 'esamograne', 'rp_2026_s2', 72.3, 57.9, 34.0, 54.3, '2026-02-08T09:00:00Z', '2026-04-25T10:00:00Z'),
('ek_esamateur_rp_2024_s2', 'esamateur', 'rp_2024_s2', 59.3, 54.1, 44.9, 59.2, '2024-09-12T09:00:00Z', '2025-01-20T15:00:00Z'),
('ek_esamateur_rp_2025_s1', 'esamateur', 'rp_2025_s1', 60.2, 53.3, 46.8, 60.0, '2025-02-14T09:00:00Z', '2025-06-22T15:00:00Z'),
('ek_esamateur_rp_2025_s2', 'esamateur', 'rp_2025_s2', 60.9, 53.7, 47.1, 61.3, '2025-09-10T09:00:00Z', '2026-01-25T15:00:00Z'),
('ek_esamateur_rp_2026_s2', 'esamateur', 'rp_2026_s2', 61.3, 53.2, 48.1, 61.9, '2026-02-08T09:00:00Z', '2026-04-25T10:00:00Z'),
('ek_esiat_rp_2024_s2', 'esiat', 'rp_2024_s2', 48.4, 65.4, 47.6, 44.2, '2024-09-12T09:00:00Z', '2025-01-20T15:00:00Z'),
('ek_esiat_rp_2025_s1', 'esiat', 'rp_2025_s1', 49.1, 65.5, 48.2, 45.2, '2025-02-14T09:00:00Z', '2025-06-22T15:00:00Z'),
('ek_esiat_rp_2025_s2', 'esiat', 'rp_2025_s2', 50.0, 65.0, 49.2, 46.6, '2025-09-10T09:00:00Z', '2026-01-25T15:00:00Z'),
('ek_esiat_rp_2026_s2', 'esiat', 'rp_2026_s2', 51.5, 64.7, 49.6, 47.8, '2026-02-08T09:00:00Z', '2026-04-25T10:00:00Z'),
('ek_ispab_rp_2024_s2', 'ispab', 'rp_2024_s2', 68.3, 66.4, 42.8, 58.6, '2024-09-12T09:00:00Z', '2025-01-20T15:00:00Z'),
('ek_ispab_rp_2025_s1', 'ispab', 'rp_2025_s1', 69.6, 67.3, 43.5, 58.9, '2025-02-14T09:00:00Z', '2025-06-22T15:00:00Z'),
('ek_ispab_rp_2025_s2', 'ispab', 'rp_2025_s2', 70.4, 67.1, 44.4, 58.8, '2025-09-10T09:00:00Z', '2026-01-25T15:00:00Z'),
('ek_ispab_rp_2026_s2', 'ispab', 'rp_2026_s2', 71.2, 67.2, 45.1, 59.2, '2026-02-08T09:00:00Z', '2026-04-25T10:00:00Z'),
('ek_intes_rp_2024_s2', 'intes', 'rp_2024_s2', 69.8, 55.0, 31.0, 53.6, '2024-09-12T09:00:00Z', '2025-01-20T15:00:00Z'),
('ek_intes_rp_2025_s1', 'intes', 'rp_2025_s1', 69.4, 55.1, 32.8, 53.8, '2025-02-14T09:00:00Z', '2025-06-22T15:00:00Z'),
('ek_intes_rp_2025_s2', 'intes', 'rp_2025_s2', 68.9, 56.1, 33.8, 54.1, '2025-09-10T09:00:00Z', '2026-01-25T15:00:00Z'),
('ek_intes_rp_2026_s2', 'intes', 'rp_2026_s2', 68.4, 56.7, 34.7, 54.9, '2026-02-08T09:00:00Z', '2026-04-25T10:00:00Z'),
('ek_isce_rp_2024_s2', 'isce', 'rp_2024_s2', 69.2, 45.2, 24.4, 59.1, '2024-09-12T09:00:00Z', '2025-01-20T15:00:00Z'),
('ek_isce_rp_2025_s1', 'isce', 'rp_2025_s1', 68.7, 45.2, 25.0, 60.5, '2025-02-14T09:00:00Z', '2025-06-22T15:00:00Z'),
('ek_isce_rp_2025_s2', 'isce', 'rp_2025_s2', 69.0, 44.5, 25.8, 62.2, '2025-09-10T09:00:00Z', '2026-01-25T15:00:00Z'),
('ek_isce_rp_2026_s2', 'isce', 'rp_2026_s2', 68.7, 44.5, 26.2, 63.2, '2026-02-08T09:00:00Z', '2026-04-25T10:00:00Z'),
('ek_inat_rp_2024_s2', 'inat', 'rp_2024_s2', 61.3, 70.1, 46.9, 50.1, '2024-09-12T09:00:00Z', '2025-01-20T15:00:00Z'),
('ek_inat_rp_2025_s1', 'inat', 'rp_2025_s1', 59.9, 69.9, 47.7, 50.8, '2025-02-14T09:00:00Z', '2025-06-22T15:00:00Z'),
('ek_inat_rp_2025_s2', 'inat', 'rp_2025_s2', 59.7, 68.6, 48.7, 50.9, '2025-09-10T09:00:00Z', '2026-01-25T15:00:00Z'),
('ek_inat_rp_2026_s2', 'inat', 'rp_2026_s2', 58.3, 68.1, 49.3, 51.2, '2026-02-08T09:00:00Z', '2026-04-25T10:00:00Z'),
('ek_ihet_rp_2024_s2', 'ihet', 'rp_2024_s2', 52.8, 54.2, 32.7, 45.9, '2024-09-12T09:00:00Z', '2025-01-20T15:00:00Z'),
('ek_ihet_rp_2025_s1', 'ihet', 'rp_2025_s1', 52.3, 55.2, 32.7, 46.0, '2025-02-14T09:00:00Z', '2025-06-22T15:00:00Z'),
('ek_ihet_rp_2025_s2', 'ihet', 'rp_2025_s2', 52.9, 56.3, 32.8, 46.1, '2025-09-10T09:00:00Z', '2026-01-25T15:00:00Z'),
('ek_ihet_rp_2026_s2', 'ihet', 'rp_2026_s2', 53.3, 56.8, 32.6, 46.8, '2026-02-08T09:00:00Z', '2026-04-25T10:00:00Z'),
('ek_inrgref_rp_2024_s2', 'inrgref', 'rp_2024_s2', 46.2, 53.6, 44.8, 46.3, '2024-09-12T09:00:00Z', '2025-01-20T15:00:00Z'),
('ek_inrgref_rp_2025_s1', 'inrgref', 'rp_2025_s1', 46.7, 54.3, 45.1, 45.9, '2025-02-14T09:00:00Z', '2025-06-22T15:00:00Z'),
('ek_inrgref_rp_2025_s2', 'inrgref', 'rp_2025_s2', 47.7, 54.6, 45.8, 46.2, '2025-09-10T09:00:00Z', '2026-01-25T15:00:00Z'),
('ek_inrgref_rp_2026_s2', 'inrgref', 'rp_2026_s2', 48.6, 55.7, 46.4, 47.2, '2026-02-08T09:00:00Z', '2026-04-25T10:00:00Z'),
('ek_inrat_rp_2024_s2', 'inrat', 'rp_2024_s2', 73.6, 70.9, 27.1, 52.5, '2024-09-12T09:00:00Z', '2025-01-20T15:00:00Z'),
('ek_inrat_rp_2025_s1', 'inrat', 'rp_2025_s1', 74.5, 69.6, 28.2, 53.8, '2025-02-14T09:00:00Z', '2025-06-22T15:00:00Z'),
('ek_inrat_rp_2025_s2', 'inrat', 'rp_2025_s2', 74.7, 69.3, 30.3, 54.6, '2025-09-10T09:00:00Z', '2026-01-25T15:00:00Z'),
('ek_inrat_rp_2026_s2', 'inrat', 'rp_2026_s2', 75.9, 68.6, 31.9, 55.8, '2026-02-08T09:00:00Z', '2026-04-25T10:00:00Z'),
('ek_enib_rp_2024_s2', 'enib', 'rp_2024_s2', 50.6, 67.4, 26.7, 38.7, '2024-09-12T09:00:00Z', '2025-01-20T15:00:00Z'),
('ek_enib_rp_2025_s1', 'enib', 'rp_2025_s1', 50.6, 67.1, 28.2, 39.8, '2025-02-14T09:00:00Z', '2025-06-22T15:00:00Z'),
('ek_enib_rp_2025_s2', 'enib', 'rp_2025_s2', 52.0, 67.2, 29.9, 40.2, '2025-09-10T09:00:00Z', '2026-01-25T15:00:00Z'),
('ek_enib_rp_2026_s2', 'enib', 'rp_2026_s2', 52.6, 66.8, 31.2, 41.8, '2026-02-08T09:00:00Z', '2026-04-25T10:00:00Z'),
('ek_cbbc_rp_2024_s2', 'cbbc', 'rp_2024_s2', 72.9, 62.3, 24.7, 54.4, '2024-09-12T09:00:00Z', '2025-01-20T15:00:00Z'),
('ek_cbbc_rp_2025_s1', 'cbbc', 'rp_2025_s1', 72.4, 63.7, 25.6, 55.7, '2025-02-14T09:00:00Z', '2025-06-22T15:00:00Z'),
('ek_cbbc_rp_2025_s2', 'cbbc', 'rp_2025_s2', 71.0, 65.0, 26.0, 56.7, '2025-09-10T09:00:00Z', '2026-01-25T15:00:00Z'),
('ek_cbbc_rp_2026_s2', 'cbbc', 'rp_2026_s2', 70.9, 65.6, 27.1, 57.8, '2026-02-08T09:00:00Z', '2026-04-25T10:00:00Z');

INSERT INTO process_kpis (id, institution_id, reporting_period_id, process_key, process_label, metric_label, metric_value, metric_unit, created_at, updated_at) VALUES
('pk1', 'insat', 'rp_2026_s2', 'scolarite', 'Scolarite', 'Attendance rate', 76, '%', '2026-02-08T09:00:00Z', '2026-04-25T10:00:00Z'),
('pk2', 'insat', 'rp_2026_s2', 'examens', 'Exams', 'Success rate', 73, '%', '2026-02-08T09:00:00Z', '2026-04-25T10:00:00Z'),
('pk3', 'insat', 'rp_2026_s2', 'finance', 'Finance', 'Budget consumed', 59, '%', '2026-02-08T09:00:00Z', '2026-04-25T10:00:00Z'),
('pk4', 'insat', 'rp_2026_s2', 'recherche', 'Research', 'Active projects', 18, 'count', '2026-02-08T09:00:00Z', '2026-04-25T10:00:00Z'),
('pk5', 'insat', 'rp_2026_s2', 'infrastructure', 'Infrastructure', 'Energy index', 72, 'index', '2026-02-08T09:00:00Z', '2026-04-25T10:00:00Z');

INSERT INTO students (id, institution_id, student_code, full_name, program_name, level_label, created_at, updated_at) VALUES
('student_insat_01', 'insat', 'INSAT-2026-001', 'Ahmed Gharbi', 'Computer Engineering', '2nd Year', '2026-02-08T09:00:00Z', '2026-04-25T10:00:00Z'),
('student_insat_02', 'insat', 'INSAT-2026-002', 'Sarra Louati', 'Industrial Systems', '3rd Year', '2026-02-08T09:00:00Z', '2026-04-25T10:00:00Z'),
('student_fsb_01', 'fsb', 'FSB-2026-003', 'Amira Ben Salem', 'Applied Mathematics', '1st Year', '2026-02-08T09:00:00Z', '2026-04-25T10:00:00Z');

INSERT INTO student_metrics (id, student_profile_id, reporting_period_id, average_grade, attendance_rate, risk_score, created_at, updated_at) VALUES
('sm_insat_01', 'student_insat_01', 'rp_2026_s2', 9.1, 58, 88, '2026-02-08T09:00:00Z', '2026-04-25T10:00:00Z'),
('sm_insat_02', 'student_insat_02', 'rp_2026_s2', 10.4, 62, 74, '2026-02-08T09:00:00Z', '2026-04-25T10:00:00Z'),
('sm_fsb_01', 'student_fsb_01', 'rp_2026_s2', 11.2, 71, 68, '2026-02-08T09:00:00Z', '2026-04-25T10:00:00Z');

INSERT INTO risk_alerts (id, scope_type, institution_id, student_profile_id, reporting_period_id, severity, title, explanation, predicted_impact, created_at) VALUES
('ra_student_ahmed', 'student', 'insat', 'student_insat_01', 'rp_2026_s2', 'high', 'Student at academic risk', 'Attendance dropped sharply and recent grades remain below cohort average.', 'Likely increased dropout risk without intervention', '2026-04-25T10:00:00Z');

INSERT INTO recommendations (id, student_profile_id, reporting_period_id, recommendation_text, display_order, created_at) VALUES
('rec1', 'student_insat_01', 'rp_2026_s2', 'Meet your academic advisor this week.', 1, '2026-04-25T10:00:00Z'),
('rec2', 'student_insat_01', 'rp_2026_s2', 'Prioritize the two modules with the steepest grade decline.', 2, '2026-04-25T10:00:00Z'),
('rec3', 'student_insat_01', 'rp_2026_s2', 'Follow the attendance recovery plan for the next 14 days.', 3, '2026-04-25T10:00:00Z');

INSERT INTO generated_reports (id, scope_type, institution_id, student_profile_id, reporting_period_id, title, generated_at, summary_text) VALUES
('gr_ucar_01', 'ucar', NULL, NULL, 'rp_2026_s2', 'UCAR Consolidated Performance Report', '2026-04-25T12:00:00Z', 'Cross-establishment monitoring shows multiple high-priority intervention sites this period.'),
('gr_inst_01', 'institution', 'insat', NULL, 'rp_2026_s2', 'INSAT Institutional Summary', '2026-04-25T12:00:00Z', 'Attendance, student risk, and budget execution require immediate follow-up.'),
('gr_student_01', 'student', 'insat', 'student_insat_01', 'rp_2026_s2', 'Student Risk Summary', '2026-04-25T12:00:00Z', 'The student requires coordinated academic and attendance intervention.');

INSERT INTO hr_kpis (id, institution_id, reporting_period_id, teaching_headcount, admin_headcount, absenteeism_rate, training_completed_pct, teaching_load_hours, team_stability_index, created_at, updated_at) VALUES
('hr_fsjpst_rp_2024_s2', 'fsjpst', 'rp_2024_s2', 69, 37, 5.4, 80.8, 18.4, 65.2, '2024-09-12T09:00:00Z', '2025-01-20T15:00:00Z'),
('hr_fsjpst_rp_2025_s1', 'fsjpst', 'rp_2025_s1', 60, 37, 5.7, 81.8, 18.1, 65.8, '2025-02-14T09:00:00Z', '2025-06-22T15:00:00Z'),
('hr_fsjpst_rp_2025_s2', 'fsjpst', 'rp_2025_s2', 60, 41, 5.6, 83.5, 18.0, 65.0, '2025-09-10T09:00:00Z', '2026-01-25T15:00:00Z'),
('hr_fsjpst_rp_2026_s2', 'fsjpst', 'rp_2026_s2', 60, 40, 5.6, 84.0, 17.7, 65.3, '2026-02-08T09:00:00Z', '2026-04-25T10:00:00Z'),
('hr_fsb_rp_2024_s2', 'fsb', 'rp_2024_s2', 134, 16, 7.2, 75.0, 16.1, 76.7, '2024-09-12T09:00:00Z', '2025-01-20T15:00:00Z'),
('hr_fsb_rp_2025_s1', 'fsb', 'rp_2025_s1', 128, 22, 7.1, 76.7, 16.6, 76.6, '2025-02-14T09:00:00Z', '2025-06-22T15:00:00Z'),
('hr_fsb_rp_2025_s2', 'fsb', 'rp_2025_s2', 124, 21, 7.4, 77.5, 16.7, 76.6, '2025-09-10T09:00:00Z', '2026-01-25T15:00:00Z'),
('hr_fsb_rp_2026_s2', 'fsb', 'rp_2026_s2', 127, 22, 8.0, 78.8, 17.2, 76.3, '2026-02-08T09:00:00Z', '2026-04-25T10:00:00Z'),
('hr_fsegn_rp_2024_s2', 'fsegn', 'rp_2024_s2', 99, 47, 2.7, 80.3, 17.7, 87.7, '2024-09-12T09:00:00Z', '2025-01-20T15:00:00Z'),
('hr_fsegn_rp_2025_s1', 'fsegn', 'rp_2025_s1', 100, 51, 2.7, 81.2, 17.6, 86.8, '2025-02-14T09:00:00Z', '2025-06-22T15:00:00Z'),
('hr_fsegn_rp_2025_s2', 'fsegn', 'rp_2025_s2', 104, 52, 2.5, 82.6, 18.0, 86.8, '2025-09-10T09:00:00Z', '2026-01-25T15:00:00Z'),
('hr_fsegn_rp_2026_s2', 'fsegn', 'rp_2026_s2', 112, 52, 2.6, 83.5, 18.1, 87.5, '2026-02-08T09:00:00Z', '2026-04-25T10:00:00Z'),
('hr_enau_rp_2024_s2', 'enau', 'rp_2024_s2', 92, 37, 4.8, 48.6, 18.6, 73.7, '2024-09-12T09:00:00Z', '2025-01-20T15:00:00Z'),
('hr_enau_rp_2025_s1', 'enau', 'rp_2025_s1', 98, 40, 4.8, 48.8, 18.5, 74.2, '2025-02-14T09:00:00Z', '2025-06-22T15:00:00Z'),
('hr_enau_rp_2025_s2', 'enau', 'rp_2025_s2', 100, 42, 4.7, 49.4, 18.0, 73.9, '2025-09-10T09:00:00Z', '2026-01-25T15:00:00Z'),
('hr_enau_rp_2026_s2', 'enau', 'rp_2026_s2', 98, 45, 4.7, 50.1, 18.1, 74.1, '2026-02-08T09:00:00Z', '2026-04-25T10:00:00Z'),
('hr_ept_rp_2024_s2', 'ept', 'rp_2024_s2', 61, 51, 6.4, 85.7, 14.5, 88.5, '2024-09-12T09:00:00Z', '2025-01-20T15:00:00Z'),
('hr_ept_rp_2025_s1', 'ept', 'rp_2025_s1', 67, 54, 6.5, 87.0, 14.7, 89.9, '2025-02-14T09:00:00Z', '2025-06-22T15:00:00Z'),
('hr_ept_rp_2025_s2', 'ept', 'rp_2025_s2', 74, 56, 6.4, 89.0, 14.8, 90.5, '2025-09-10T09:00:00Z', '2026-01-25T15:00:00Z'),
('hr_ept_rp_2026_s2', 'ept', 'rp_2026_s2', 74, 57, 6.4, 90.5, 15.1, 90.9, '2026-02-08T09:00:00Z', '2026-04-25T10:00:00Z'),
('hr_enicarthage_rp_2024_s2', 'enicarthage', 'rp_2024_s2', 81, 35, 3.6, 66.7, 14.3, 74.9, '2024-09-12T09:00:00Z', '2025-01-20T15:00:00Z'),
('hr_enicarthage_rp_2025_s1', 'enicarthage', 'rp_2025_s1', 86, 37, 3.8, 67.1, 14.7, 74.4, '2025-02-14T09:00:00Z', '2025-06-22T15:00:00Z'),
('hr_enicarthage_rp_2025_s2', 'enicarthage', 'rp_2025_s2', 84, 36, 3.6, 67.0, 14.4, 74.3, '2025-09-10T09:00:00Z', '2026-01-25T15:00:00Z'),
('hr_enicarthage_rp_2026_s2', 'enicarthage', 'rp_2026_s2', 82, 34, 3.8, 67.7, 14.9, 74.2, '2026-02-08T09:00:00Z', '2026-04-25T10:00:00Z'),
('hr_essai_rp_2024_s2', 'essai', 'rp_2024_s2', 133, 37, 3.3, 86.3, 20.5, 85.6, '2024-09-12T09:00:00Z', '2025-01-20T15:00:00Z'),
('hr_essai_rp_2025_s1', 'essai', 'rp_2025_s1', 140, 36, 3.3, 88.4, 20.6, 85.6, '2025-02-14T09:00:00Z', '2025-06-22T15:00:00Z'),
('hr_essai_rp_2025_s2', 'essai', 'rp_2025_s2', 140, 39, 3.4, 90.2, 20.7, 86.0, '2025-09-10T09:00:00Z', '2026-01-25T15:00:00Z'),
('hr_essai_rp_2026_s2', 'essai', 'rp_2026_s2', 147, 37, 3.2, 92.1, 20.4, 87.0, '2026-02-08T09:00:00Z', '2026-04-25T10:00:00Z'),
('hr_esac_rp_2024_s2', 'esac', 'rp_2024_s2', 87, 45, 6.7, 59.4, 20.7, 84.6, '2024-09-12T09:00:00Z', '2025-01-20T15:00:00Z'),
('hr_esac_rp_2025_s1', 'esac', 'rp_2025_s1', 84, 47, 6.8, 60.7, 20.9, 85.0, '2025-02-14T09:00:00Z', '2025-06-22T15:00:00Z'),
('hr_esac_rp_2025_s2', 'esac', 'rp_2025_s2', 81, 46, 7.1, 61.7, 21.0, 85.6, '2025-09-10T09:00:00Z', '2026-01-25T15:00:00Z'),
('hr_esac_rp_2026_s2', 'esac', 'rp_2026_s2', 84, 47, 6.8, 62.8, 20.5, 85.3, '2026-02-08T09:00:00Z', '2026-04-25T10:00:00Z'),
('hr_ipeib_rp_2024_s2', 'ipeib', 'rp_2024_s2', 166, 39, 5.2, 62.7, 14.5, 66.1, '2024-09-12T09:00:00Z', '2025-01-20T15:00:00Z'),
('hr_ipeib_rp_2025_s1', 'ipeib', 'rp_2025_s1', 171, 37, 5.3, 64.5, 14.5, 66.4, '2025-02-14T09:00:00Z', '2025-06-22T15:00:00Z'),
('hr_ipeib_rp_2025_s2', 'ipeib', 'rp_2025_s2', 177, 32, 5.4, 66.3, 14.7, 67.3, '2025-09-10T09:00:00Z', '2026-01-25T15:00:00Z'),
('hr_ipeib_rp_2026_s2', 'ipeib', 'rp_2026_s2', 176, 31, 5.5, 67.4, 14.6, 67.6, '2026-02-08T09:00:00Z', '2026-04-25T10:00:00Z'),
('hr_ihec_rp_2024_s2', 'ihec', 'rp_2024_s2', 163, 28, 7.4, 61.2, 18.9, 63.1, '2024-09-12T09:00:00Z', '2025-01-20T15:00:00Z'),
('hr_ihec_rp_2025_s1', 'ihec', 'rp_2025_s1', 166, 29, 7.3, 61.9, 19.0, 62.5, '2025-02-14T09:00:00Z', '2025-06-22T15:00:00Z'),
('hr_ihec_rp_2025_s2', 'ihec', 'rp_2025_s2', 170, 33, 7.1, 63.7, 18.9, 62.5, '2025-09-10T09:00:00Z', '2026-01-25T15:00:00Z'),
('hr_ihec_rp_2026_s2', 'ihec', 'rp_2026_s2', 171, 32, 7.1, 64.4, 18.7, 63.0, '2026-02-08T09:00:00Z', '2026-04-25T10:00:00Z'),
('hr_insat_rp_2024_s2', 'insat', 'rp_2024_s2', 94, 47, 4.9, 64.1, 18.0, 71.4, '2024-09-12T09:00:00Z', '2025-01-20T15:00:00Z'),
('hr_insat_rp_2025_s1', 'insat', 'rp_2025_s1', 93, 43, 5.1, 66.6, 17.8, 70.1, '2025-02-14T09:00:00Z', '2025-06-22T15:00:00Z'),
('hr_insat_rp_2025_s2', 'insat', 'rp_2025_s2', 93, 42, 5.1, 68.1, 18.0, 70.6, '2025-09-10T09:00:00Z', '2026-01-25T15:00:00Z'),
('hr_insat_rp_2026_s2', 'insat', 'rp_2026_s2', 92, 39, 5.5, 70.1, 18.1, 69.3, '2026-02-08T09:00:00Z', '2026-04-25T10:00:00Z'),
('hr_issatm_rp_2024_s2', 'issatm', 'rp_2024_s2', 92, 52, 6.3, 67.5, 18.2, 62.5, '2024-09-12T09:00:00Z', '2025-01-20T15:00:00Z'),
('hr_issatm_rp_2025_s1', 'issatm', 'rp_2025_s1', 88, 50, 6.5, 69.4, 18.3, 63.2, '2025-02-14T09:00:00Z', '2025-06-22T15:00:00Z'),
('hr_issatm_rp_2025_s2', 'issatm', 'rp_2025_s2', 82, 49, 6.2, 71.7, 18.7, 63.9, '2025-09-10T09:00:00Z', '2026-01-25T15:00:00Z'),
('hr_issatm_rp_2026_s2', 'issatm', 'rp_2026_s2', 81, 46, 6.3, 73.2, 19.0, 64.8, '2026-02-08T09:00:00Z', '2026-04-25T10:00:00Z'),
('hr_ipein_rp_2024_s2', 'ipein', 'rp_2024_s2', 176, 27, 4.6, 70.5, 20.6, 89.6, '2024-09-12T09:00:00Z', '2025-01-20T15:00:00Z'),
('hr_ipein_rp_2025_s1', 'ipein', 'rp_2025_s1', 184, 26, 4.5, 70.5, 20.2, 89.6, '2025-02-14T09:00:00Z', '2025-06-22T15:00:00Z'),
('hr_ipein_rp_2025_s2', 'ipein', 'rp_2025_s2', 181, 27, 4.3, 71.5, 19.9, 88.9, '2025-09-10T09:00:00Z', '2026-01-25T15:00:00Z'),
('hr_ipein_rp_2026_s2', 'ipein', 'rp_2026_s2', 188, 28, 4.2, 70.7, 19.8, 88.4, '2026-02-08T09:00:00Z', '2026-04-25T10:00:00Z'),
('hr_ipest_rp_2024_s2', 'ipest', 'rp_2024_s2', 122, 33, 6.0, 71.8, 18.1, 79.7, '2024-09-12T09:00:00Z', '2025-01-20T15:00:00Z'),
('hr_ipest_rp_2025_s1', 'ipest', 'rp_2025_s1', 122, 29, 6.2, 72.6, 18.2, 79.7, '2025-02-14T09:00:00Z', '2025-06-22T15:00:00Z'),
('hr_ipest_rp_2025_s2', 'ipest', 'rp_2025_s2', 127, 26, 6.4, 73.7, 18.4, 80.3, '2025-09-10T09:00:00Z', '2026-01-25T15:00:00Z'),
('hr_ipest_rp_2026_s2', 'ipest', 'rp_2026_s2', 130, 24, 6.5, 74.5, 18.4, 80.7, '2026-02-08T09:00:00Z', '2026-04-25T10:00:00Z'),
('hr_isban_rp_2024_s2', 'isban', 'rp_2024_s2', 76, 19, 7.5, 73.7, 16.4, 77.4, '2024-09-12T09:00:00Z', '2025-01-20T15:00:00Z'),
('hr_isban_rp_2025_s1', 'isban', 'rp_2025_s1', 83, 18, 7.5, 74.1, 16.4, 77.3, '2025-02-14T09:00:00Z', '2025-06-22T15:00:00Z'),
('hr_isban_rp_2025_s2', 'isban', 'rp_2025_s2', 86, 14, 7.6, 74.1, 16.7, 77.6, '2025-09-10T09:00:00Z', '2026-01-25T15:00:00Z'),
('hr_isban_rp_2026_s2', 'isban', 'rp_2026_s2', 88, 11, 7.5, 74.3, 16.7, 77.7, '2026-02-08T09:00:00Z', '2026-04-25T10:00:00Z'),
('hr_isteub_rp_2024_s2', 'isteub', 'rp_2024_s2', 155, 44, 4.5, 50.0, 17.4, 85.3, '2024-09-12T09:00:00Z', '2025-01-20T15:00:00Z'),
('hr_isteub_rp_2025_s1', 'isteub', 'rp_2025_s1', 152, 40, 4.7, 50.6, 17.7, 85.0, '2025-02-14T09:00:00Z', '2025-06-22T15:00:00Z'),
('hr_isteub_rp_2025_s2', 'isteub', 'rp_2025_s2', 144, 40, 5.1, 51.7, 18.4, 85.1, '2025-09-10T09:00:00Z', '2026-01-25T15:00:00Z'),
('hr_isteub_rp_2026_s2', 'isteub', 'rp_2026_s2', 147, 42, 5.1, 52.8, 18.6, 84.9, '2026-02-08T09:00:00Z', '2026-04-25T10:00:00Z'),
('hr_islt_rp_2024_s2', 'islt', 'rp_2024_s2', 76, 54, 2.3, 51.3, 19.3, 87.5, '2024-09-12T09:00:00Z', '2025-01-20T15:00:00Z'),
('hr_islt_rp_2025_s1', 'islt', 'rp_2025_s1', 82, 56, 2.2, 53.5, 19.8, 88.1, '2025-02-14T09:00:00Z', '2025-06-22T15:00:00Z'),
('hr_islt_rp_2025_s2', 'islt', 'rp_2025_s2', 78, 58, 2.3, 55.7, 19.7, 88.8, '2025-09-10T09:00:00Z', '2026-01-25T15:00:00Z'),
('hr_islt_rp_2026_s2', 'islt', 'rp_2026_s2', 78, 61, 2.4, 57.2, 20.1, 88.4, '2026-02-08T09:00:00Z', '2026-04-25T10:00:00Z'),
('hr_islain_rp_2024_s2', 'islain', 'rp_2024_s2', 81, 31, 3.2, 67.1, 18.9, 76.0, '2024-09-12T09:00:00Z', '2025-01-20T15:00:00Z'),
('hr_islain_rp_2025_s1', 'islain', 'rp_2025_s1', 84, 32, 3.0, 68.9, 18.8, 75.2, '2025-02-14T09:00:00Z', '2025-06-22T15:00:00Z'),
('hr_islain_rp_2025_s2', 'islain', 'rp_2025_s2', 83, 31, 2.9, 70.8, 18.4, 75.2, '2025-09-10T09:00:00Z', '2026-01-25T15:00:00Z'),
('hr_islain_rp_2026_s2', 'islain', 'rp_2026_s2', 86, 35, 2.8, 72.5, 18.4, 74.3, '2026-02-08T09:00:00Z', '2026-04-25T10:00:00Z'),
('hr_isste_rp_2024_s2', 'isste', 'rp_2024_s2', 176, 36, 4.4, 68.1, 18.5, 64.2, '2024-09-12T09:00:00Z', '2025-01-20T15:00:00Z'),
('hr_isste_rp_2025_s1', 'isste', 'rp_2025_s1', 174, 40, 4.8, 68.3, 18.8, 64.0, '2025-02-14T09:00:00Z', '2025-06-22T15:00:00Z'),
('hr_isste_rp_2025_s2', 'isste', 'rp_2025_s2', 182, 41, 4.9, 68.5, 19.2, 63.5, '2025-09-10T09:00:00Z', '2026-01-25T15:00:00Z'),
('hr_isste_rp_2026_s2', 'isste', 'rp_2026_s2', 177, 46, 5.1, 69.3, 19.1, 63.5, '2026-02-08T09:00:00Z', '2026-04-25T10:00:00Z'),
('hr_isccb_rp_2024_s2', 'isccb', 'rp_2024_s2', 176, 49, 2.0, 53.3, 16.0, 80.8, '2024-09-12T09:00:00Z', '2025-01-20T15:00:00Z'),
('hr_isccb_rp_2025_s1', 'isccb', 'rp_2025_s1', 180, 50, 2.2, 54.1, 15.7, 80.5, '2025-02-14T09:00:00Z', '2025-06-22T15:00:00Z'),
('hr_isccb_rp_2025_s2', 'isccb', 'rp_2025_s2', 179, 46, 2.2, 54.5, 15.5, 80.9, '2025-09-10T09:00:00Z', '2026-01-25T15:00:00Z'),
('hr_isccb_rp_2026_s2', 'isccb', 'rp_2026_s2', 184, 49, 2.3, 54.9, 14.9, 81.8, '2026-02-08T09:00:00Z', '2026-04-25T10:00:00Z'),
('hr_isepbg_rp_2024_s2', 'isepbg', 'rp_2024_s2', 55, 22, 3.3, 76.8, 18.1, 80.5, '2024-09-12T09:00:00Z', '2025-01-20T15:00:00Z'),
('hr_isepbg_rp_2025_s1', 'isepbg', 'rp_2025_s1', 49, 22, 2.9, 77.4, 17.7, 81.5, '2025-02-14T09:00:00Z', '2025-06-22T15:00:00Z'),
('hr_isepbg_rp_2025_s2', 'isepbg', 'rp_2025_s2', 51, 23, 3.0, 77.9, 17.8, 81.8, '2025-09-10T09:00:00Z', '2026-01-25T15:00:00Z'),
('hr_isepbg_rp_2026_s2', 'isepbg', 'rp_2026_s2', 47, 24, 2.6, 78.0, 17.7, 82.5, '2026-02-08T09:00:00Z', '2026-04-25T10:00:00Z'),
('hr_supcom_rp_2024_s2', 'supcom', 'rp_2024_s2', 101, 21, 4.0, 74.8, 15.7, 85.6, '2024-09-12T09:00:00Z', '2025-01-20T15:00:00Z'),
('hr_supcom_rp_2025_s1', 'supcom', 'rp_2025_s1', 101, 21, 4.3, 75.2, 16.0, 85.1, '2025-02-14T09:00:00Z', '2025-06-22T15:00:00Z'),
('hr_supcom_rp_2025_s2', 'supcom', 'rp_2025_s2', 98, 23, 4.4, 75.2, 15.5, 84.9, '2025-09-10T09:00:00Z', '2026-01-25T15:00:00Z'),
('hr_supcom_rp_2026_s2', 'supcom', 'rp_2026_s2', 101, 21, 4.7, 76.0, 15.4, 84.6, '2026-02-08T09:00:00Z', '2026-04-25T10:00:00Z'),
('hr_esamograne_rp_2024_s2', 'esamograne', 'rp_2024_s2', 149, 37, 6.4, 60.8, 17.4, 90.4, '2024-09-12T09:00:00Z', '2025-01-20T15:00:00Z'),
('hr_esamograne_rp_2025_s1', 'esamograne', 'rp_2025_s1', 154, 40, 6.6, 60.7, 17.8, 91.5, '2025-02-14T09:00:00Z', '2025-06-22T15:00:00Z'),
('hr_esamograne_rp_2025_s2', 'esamograne', 'rp_2025_s2', 152, 39, 6.4, 61.1, 17.9, 91.3, '2025-09-10T09:00:00Z', '2026-01-25T15:00:00Z'),
('hr_esamograne_rp_2026_s2', 'esamograne', 'rp_2026_s2', 149, 37, 6.3, 61.9, 18.1, 92.2, '2026-02-08T09:00:00Z', '2026-04-25T10:00:00Z'),
('hr_esamateur_rp_2024_s2', 'esamateur', 'rp_2024_s2', 91, 32, 2.8, 84.8, 19.2, 70.3, '2024-09-12T09:00:00Z', '2025-01-20T15:00:00Z'),
('hr_esamateur_rp_2025_s1', 'esamateur', 'rp_2025_s1', 89, 30, 2.9, 84.2, 18.7, 70.8, '2025-02-14T09:00:00Z', '2025-06-22T15:00:00Z'),
('hr_esamateur_rp_2025_s2', 'esamateur', 'rp_2025_s2', 94, 29, 3.2, 84.2, 18.7, 70.7, '2025-09-10T09:00:00Z', '2026-01-25T15:00:00Z'),
('hr_esamateur_rp_2026_s2', 'esamateur', 'rp_2026_s2', 86, 30, 3.4, 84.4, 18.5, 71.3, '2026-02-08T09:00:00Z', '2026-04-25T10:00:00Z'),
('hr_esiat_rp_2024_s2', 'esiat', 'rp_2024_s2', 177, 45, 5.8, 73.8, 18.9, 74.8, '2024-09-12T09:00:00Z', '2025-01-20T15:00:00Z'),
('hr_esiat_rp_2025_s1', 'esiat', 'rp_2025_s1', 179, 51, 6.1, 75.0, 18.8, 74.9, '2025-02-14T09:00:00Z', '2025-06-22T15:00:00Z'),
('hr_esiat_rp_2025_s2', 'esiat', 'rp_2025_s2', 178, 53, 6.4, 76.0, 19.5, 75.6, '2025-09-10T09:00:00Z', '2026-01-25T15:00:00Z'),
('hr_esiat_rp_2026_s2', 'esiat', 'rp_2026_s2', 185, 51, 6.7, 76.2, 19.5, 76.9, '2026-02-08T09:00:00Z', '2026-04-25T10:00:00Z'),
('hr_ispab_rp_2024_s2', 'ispab', 'rp_2024_s2', 92, 24, 2.9, 64.6, 14.8, 80.0, '2024-09-12T09:00:00Z', '2025-01-20T15:00:00Z'),
('hr_ispab_rp_2025_s1', 'ispab', 'rp_2025_s1', 94, 19, 3.2, 64.1, 15.1, 80.4, '2025-02-14T09:00:00Z', '2025-06-22T15:00:00Z'),
('hr_ispab_rp_2025_s2', 'ispab', 'rp_2025_s2', 100, 18, 3.5, 64.7, 14.9, 80.9, '2025-09-10T09:00:00Z', '2026-01-25T15:00:00Z'),
('hr_ispab_rp_2026_s2', 'ispab', 'rp_2026_s2', 101, 16, 3.9, 64.3, 15.1, 81.8, '2026-02-08T09:00:00Z', '2026-04-25T10:00:00Z'),
('hr_intes_rp_2024_s2', 'intes', 'rp_2024_s2', 53, 54, 5.1, 50.6, 16.4, 63.4, '2024-09-12T09:00:00Z', '2025-01-20T15:00:00Z'),
('hr_intes_rp_2025_s1', 'intes', 'rp_2025_s1', 48, 55, 5.4, 51.1, 15.9, 63.5, '2025-02-14T09:00:00Z', '2025-06-22T15:00:00Z'),
('hr_intes_rp_2025_s2', 'intes', 'rp_2025_s2', 46, 54, 5.6, 50.9, 16.1, 63.4, '2025-09-10T09:00:00Z', '2026-01-25T15:00:00Z'),
('hr_intes_rp_2026_s2', 'intes', 'rp_2026_s2', 42, 54, 5.5, 50.6, 15.9, 63.9, '2026-02-08T09:00:00Z', '2026-04-25T10:00:00Z'),
('hr_isce_rp_2024_s2', 'isce', 'rp_2024_s2', 158, 20, 5.4, 51.2, 12.9, 70.7, '2024-09-12T09:00:00Z', '2025-01-20T15:00:00Z'),
('hr_isce_rp_2025_s1', 'isce', 'rp_2025_s1', 159, 24, 5.5, 53.2, 13.2, 71.5, '2025-02-14T09:00:00Z', '2025-06-22T15:00:00Z'),
('hr_isce_rp_2025_s2', 'isce', 'rp_2025_s2', 159, 26, 5.5, 54.5, 13.5, 71.7, '2025-09-10T09:00:00Z', '2026-01-25T15:00:00Z'),
('hr_isce_rp_2026_s2', 'isce', 'rp_2026_s2', 163, 25, 5.5, 55.6, 14.2, 71.4, '2026-02-08T09:00:00Z', '2026-04-25T10:00:00Z'),
('hr_inat_rp_2024_s2', 'inat', 'rp_2024_s2', 96, 28, 6.6, 57.6, 14.1, 79.9, '2024-09-12T09:00:00Z', '2025-01-20T15:00:00Z'),
('hr_inat_rp_2025_s1', 'inat', 'rp_2025_s1', 95, 29, 6.7, 59.5, 14.4, 79.8, '2025-02-14T09:00:00Z', '2025-06-22T15:00:00Z'),
('hr_inat_rp_2025_s2', 'inat', 'rp_2025_s2', 90, 25, 6.7, 60.5, 14.5, 80.7, '2025-09-10T09:00:00Z', '2026-01-25T15:00:00Z'),
('hr_inat_rp_2026_s2', 'inat', 'rp_2026_s2', 90, 24, 6.7, 61.7, 14.0, 81.6, '2026-02-08T09:00:00Z', '2026-04-25T10:00:00Z'),
('hr_ihet_rp_2024_s2', 'ihet', 'rp_2024_s2', 95, 54, 3.9, 59.4, 13.0, 78.9, '2024-09-12T09:00:00Z', '2025-01-20T15:00:00Z'),
('hr_ihet_rp_2025_s1', 'ihet', 'rp_2025_s1', 100, 56, 4.0, 59.2, 13.2, 79.7, '2025-02-14T09:00:00Z', '2025-06-22T15:00:00Z'),
('hr_ihet_rp_2025_s2', 'ihet', 'rp_2025_s2', 107, 57, 4.5, 60.2, 13.1, 80.7, '2025-09-10T09:00:00Z', '2026-01-25T15:00:00Z'),
('hr_ihet_rp_2026_s2', 'ihet', 'rp_2026_s2', 115, 59, 4.9, 59.9, 13.1, 80.8, '2026-02-08T09:00:00Z', '2026-04-25T10:00:00Z'),
('hr_inrgref_rp_2024_s2', 'inrgref', 'rp_2024_s2', 104, 26, 6.1, 53.9, 14.2, 62.0, '2024-09-12T09:00:00Z', '2025-01-20T15:00:00Z'),
('hr_inrgref_rp_2025_s1', 'inrgref', 'rp_2025_s1', 111, 27, 6.0, 55.9, 14.3, 62.7, '2025-02-14T09:00:00Z', '2025-06-22T15:00:00Z'),
('hr_inrgref_rp_2025_s2', 'inrgref', 'rp_2025_s2', 110, 26, 6.2, 57.3, 14.6, 63.1, '2025-09-10T09:00:00Z', '2026-01-25T15:00:00Z'),
('hr_inrgref_rp_2026_s2', 'inrgref', 'rp_2026_s2', 116, 27, 5.9, 59.2, 14.6, 63.8, '2026-02-08T09:00:00Z', '2026-04-25T10:00:00Z'),
('hr_inrat_rp_2024_s2', 'inrat', 'rp_2024_s2', 155, 48, 5.1, 86.0, 19.6, 85.7, '2024-09-12T09:00:00Z', '2025-01-20T15:00:00Z'),
('hr_inrat_rp_2025_s1', 'inrat', 'rp_2025_s1', 153, 44, 5.4, 85.8, 19.6, 84.9, '2025-02-14T09:00:00Z', '2025-06-22T15:00:00Z'),
('hr_inrat_rp_2025_s2', 'inrat', 'rp_2025_s2', 154, 43, 5.3, 86.6, 19.6, 84.9, '2025-09-10T09:00:00Z', '2026-01-25T15:00:00Z'),
('hr_inrat_rp_2026_s2', 'inrat', 'rp_2026_s2', 146, 44, 5.5, 87.6, 19.0, 84.9, '2026-02-08T09:00:00Z', '2026-04-25T10:00:00Z'),
('hr_enib_rp_2024_s2', 'enib', 'rp_2024_s2', 129, 23, 4.1, 65.7, 13.8, 91.5, '2024-09-12T09:00:00Z', '2025-01-20T15:00:00Z'),
('hr_enib_rp_2025_s1', 'enib', 'rp_2025_s1', 128, 21, 4.6, 66.2, 13.7, 90.8, '2025-02-14T09:00:00Z', '2025-06-22T15:00:00Z'),
('hr_enib_rp_2025_s2', 'enib', 'rp_2025_s2', 124, 20, 4.8, 67.0, 13.5, 90.2, '2025-09-10T09:00:00Z', '2026-01-25T15:00:00Z'),
('hr_enib_rp_2026_s2', 'enib', 'rp_2026_s2', 124, 17, 5.1, 66.8, 13.1, 90.6, '2026-02-08T09:00:00Z', '2026-04-25T10:00:00Z'),
('hr_cbbc_rp_2024_s2', 'cbbc', 'rp_2024_s2', 134, 19, 3.1, 68.4, 15.2, 90.3, '2024-09-12T09:00:00Z', '2025-01-20T15:00:00Z'),
('hr_cbbc_rp_2025_s1', 'cbbc', 'rp_2025_s1', 126, 19, 3.2, 69.2, 15.7, 90.2, '2025-02-14T09:00:00Z', '2025-06-22T15:00:00Z'),
('hr_cbbc_rp_2025_s2', 'cbbc', 'rp_2025_s2', 125, 21, 3.5, 70.8, 16.3, 89.8, '2025-09-10T09:00:00Z', '2026-01-25T15:00:00Z'),
('hr_cbbc_rp_2026_s2', 'cbbc', 'rp_2026_s2', 124, 20, 3.7, 71.1, 16.6, 89.7, '2026-02-08T09:00:00Z', '2026-04-25T10:00:00Z');

INSERT INTO research_kpis (id, institution_id, reporting_period_id, publications_count, active_projects, funding_secured_tnd, academic_partnerships, patents_filed, created_at, updated_at) VALUES
('rk_fsjpst_rp_2024_s2', 'fsjpst', 'rp_2024_s2', 75, 6, 1156804, 15, 2, '2024-09-12T09:00:00Z', '2025-01-20T15:00:00Z'),
('rk_fsjpst_rp_2025_s1', 'fsjpst', 'rp_2025_s1', 77, 7, 1224119, 14, 4, '2025-02-14T09:00:00Z', '2025-06-22T15:00:00Z'),
('rk_fsjpst_rp_2025_s2', 'fsjpst', 'rp_2025_s2', 80, 10, 1327273, 16, 4, '2025-09-10T09:00:00Z', '2026-01-25T15:00:00Z'),
('rk_fsjpst_rp_2026_s2', 'fsjpst', 'rp_2026_s2', 83, 12, 1429706, 14, 6, '2026-02-08T09:00:00Z', '2026-04-25T10:00:00Z'),
('rk_fsb_rp_2024_s2', 'fsb', 'rp_2024_s2', 56, 9, 1392894, 9, 4, '2024-09-12T09:00:00Z', '2025-01-20T15:00:00Z'),
('rk_fsb_rp_2025_s1', 'fsb', 'rp_2025_s1', 60, 11, 1449489, 7, 2, '2025-02-14T09:00:00Z', '2025-06-22T15:00:00Z'),
('rk_fsb_rp_2025_s2', 'fsb', 'rp_2025_s2', 58, 11, 1540583, 7, 3, '2025-09-10T09:00:00Z', '2026-01-25T15:00:00Z'),
('rk_fsb_rp_2026_s2', 'fsb', 'rp_2026_s2', 64, 13, 1643453, 9, 4, '2026-02-08T09:00:00Z', '2026-04-25T10:00:00Z'),
('rk_fsegn_rp_2024_s2', 'fsegn', 'rp_2024_s2', 38, 21, 1444828, 6, 2, '2024-09-12T09:00:00Z', '2025-01-20T15:00:00Z'),
('rk_fsegn_rp_2025_s1', 'fsegn', 'rp_2025_s1', 37, 23, 1404352, 6, 4, '2025-02-14T09:00:00Z', '2025-06-22T15:00:00Z'),
('rk_fsegn_rp_2025_s2', 'fsegn', 'rp_2025_s2', 47, 21, 1468128, 7, 4, '2025-09-10T09:00:00Z', '2026-01-25T15:00:00Z'),
('rk_fsegn_rp_2026_s2', 'fsegn', 'rp_2026_s2', 45, 23, 1554885, 9, 6, '2026-02-08T09:00:00Z', '2026-04-25T10:00:00Z'),
('rk_enau_rp_2024_s2', 'enau', 'rp_2024_s2', 49, 15, 581706, 16, 2, '2024-09-12T09:00:00Z', '2025-01-20T15:00:00Z'),
('rk_enau_rp_2025_s1', 'enau', 'rp_2025_s1', 46, 16, 627867, 15, 5, '2025-02-14T09:00:00Z', '2025-06-22T15:00:00Z'),
('rk_enau_rp_2025_s2', 'enau', 'rp_2025_s2', 52, 17, 716520, 18, 4, '2025-09-10T09:00:00Z', '2026-01-25T15:00:00Z'),
('rk_enau_rp_2026_s2', 'enau', 'rp_2026_s2', 54, 18, 807173, 18, 5, '2026-02-08T09:00:00Z', '2026-04-25T10:00:00Z'),
('rk_ept_rp_2024_s2', 'ept', 'rp_2024_s2', 62, 20, 1523840, 4, 6, '2024-09-12T09:00:00Z', '2025-01-20T15:00:00Z'),
('rk_ept_rp_2025_s1', 'ept', 'rp_2025_s1', 62, 20, 1581435, 5, 6, '2025-02-14T09:00:00Z', '2025-06-22T15:00:00Z'),
('rk_ept_rp_2025_s2', 'ept', 'rp_2025_s2', 62, 21, 1600568, 4, 5, '2025-09-10T09:00:00Z', '2026-01-25T15:00:00Z'),
('rk_ept_rp_2026_s2', 'ept', 'rp_2026_s2', 70, 22, 1662497, 5, 5, '2026-02-08T09:00:00Z', '2026-04-25T10:00:00Z'),
('rk_enicarthage_rp_2024_s2', 'enicarthage', 'rp_2024_s2', 81, 25, 1423150, 7, 8, '2024-09-12T09:00:00Z', '2025-01-20T15:00:00Z'),
('rk_enicarthage_rp_2025_s1', 'enicarthage', 'rp_2025_s1', 83, 27, 1384646, 8, 8, '2025-02-14T09:00:00Z', '2025-06-22T15:00:00Z'),
('rk_enicarthage_rp_2025_s2', 'enicarthage', 'rp_2025_s2', 81, 28, 1291091, 7, 9, '2025-09-10T09:00:00Z', '2026-01-25T15:00:00Z'),
('rk_enicarthage_rp_2026_s2', 'enicarthage', 'rp_2026_s2', 88, 32, 1323494, 7, 10, '2026-02-08T09:00:00Z', '2026-04-25T10:00:00Z'),
('rk_essai_rp_2024_s2', 'essai', 'rp_2024_s2', 48, 17, 544540, 3, 1, '2024-09-12T09:00:00Z', '2025-01-20T15:00:00Z'),
('rk_essai_rp_2025_s1', 'essai', 'rp_2025_s1', 51, 16, 452494, 5, 4, '2025-02-14T09:00:00Z', '2025-06-22T15:00:00Z'),
('rk_essai_rp_2025_s2', 'essai', 'rp_2025_s2', 46, 16, 436377, 7, 4, '2025-09-10T09:00:00Z', '2026-01-25T15:00:00Z'),
('rk_essai_rp_2026_s2', 'essai', 'rp_2026_s2', 54, 15, 485422, 7, 4, '2026-02-08T09:00:00Z', '2026-04-25T10:00:00Z'),
('rk_esac_rp_2024_s2', 'esac', 'rp_2024_s2', 29, 4, 1235761, 11, 5, '2024-09-12T09:00:00Z', '2025-01-20T15:00:00Z'),
('rk_esac_rp_2025_s1', 'esac', 'rp_2025_s1', 26, 6, 1203918, 13, 6, '2025-02-14T09:00:00Z', '2025-06-22T15:00:00Z'),
('rk_esac_rp_2025_s2', 'esac', 'rp_2025_s2', 33, 7, 1191221, 13, 4, '2025-09-10T09:00:00Z', '2026-01-25T15:00:00Z'),
('rk_esac_rp_2026_s2', 'esac', 'rp_2026_s2', 34, 9, 1244570, 15, 6, '2026-02-08T09:00:00Z', '2026-04-25T10:00:00Z'),
('rk_ipeib_rp_2024_s2', 'ipeib', 'rp_2024_s2', 66, 8, 430937, 5, 5, '2024-09-12T09:00:00Z', '2025-01-20T15:00:00Z'),
('rk_ipeib_rp_2025_s1', 'ipeib', 'rp_2025_s1', 72, 9, 407206, 8, 4, '2025-02-14T09:00:00Z', '2025-06-22T15:00:00Z'),
('rk_ipeib_rp_2025_s2', 'ipeib', 'rp_2025_s2', 71, 9, 431675, 7, 6, '2025-09-10T09:00:00Z', '2026-01-25T15:00:00Z'),
('rk_ipeib_rp_2026_s2', 'ipeib', 'rp_2026_s2', 67, 9, 397828, 9, 6, '2026-02-08T09:00:00Z', '2026-04-25T10:00:00Z'),
('rk_ihec_rp_2024_s2', 'ihec', 'rp_2024_s2', 28, 6, 604561, 14, 7, '2024-09-12T09:00:00Z', '2025-01-20T15:00:00Z'),
('rk_ihec_rp_2025_s1', 'ihec', 'rp_2025_s1', 38, 8, 695175, 14, 8, '2025-02-14T09:00:00Z', '2025-06-22T15:00:00Z'),
('rk_ihec_rp_2025_s2', 'ihec', 'rp_2025_s2', 39, 6, 688629, 16, 7, '2025-09-10T09:00:00Z', '2026-01-25T15:00:00Z'),
('rk_ihec_rp_2026_s2', 'ihec', 'rp_2026_s2', 42, 7, 706991, 14, 9, '2026-02-08T09:00:00Z', '2026-04-25T10:00:00Z'),
('rk_insat_rp_2024_s2', 'insat', 'rp_2024_s2', 18, 23, 224961, 12, 1, '2024-09-12T09:00:00Z', '2025-01-20T15:00:00Z'),
('rk_insat_rp_2025_s1', 'insat', 'rp_2025_s1', 19, 23, 216523, 15, 2, '2025-02-14T09:00:00Z', '2025-06-22T15:00:00Z'),
('rk_insat_rp_2025_s2', 'insat', 'rp_2025_s2', 16, 27, 177504, 14, 4, '2025-09-10T09:00:00Z', '2026-01-25T15:00:00Z'),
('rk_insat_rp_2026_s2', 'insat', 'rp_2026_s2', 16, 28, 151298, 15, 4, '2026-02-08T09:00:00Z', '2026-04-25T10:00:00Z'),
('rk_issatm_rp_2024_s2', 'issatm', 'rp_2024_s2', 73, 27, 1352923, 11, 6, '2024-09-12T09:00:00Z', '2025-01-20T15:00:00Z'),
('rk_issatm_rp_2025_s1', 'issatm', 'rp_2025_s1', 70, 29, 1442464, 11, 7, '2025-02-14T09:00:00Z', '2025-06-22T15:00:00Z'),
('rk_issatm_rp_2025_s2', 'issatm', 'rp_2025_s2', 78, 30, 1465352, 10, 9, '2025-09-10T09:00:00Z', '2026-01-25T15:00:00Z'),
('rk_issatm_rp_2026_s2', 'issatm', 'rp_2026_s2', 75, 31, 1514440, 12, 11, '2026-02-08T09:00:00Z', '2026-04-25T10:00:00Z'),
('rk_ipein_rp_2024_s2', 'ipein', 'rp_2024_s2', 34, 18, 1091688, 7, 0, '2024-09-12T09:00:00Z', '2025-01-20T15:00:00Z'),
('rk_ipein_rp_2025_s1', 'ipein', 'rp_2025_s1', 36, 22, 1110699, 9, 2, '2025-02-14T09:00:00Z', '2025-06-22T15:00:00Z'),
('rk_ipein_rp_2025_s2', 'ipein', 'rp_2025_s2', 39, 22, 1103971, 11, 1, '2025-09-10T09:00:00Z', '2026-01-25T15:00:00Z'),
('rk_ipein_rp_2026_s2', 'ipein', 'rp_2026_s2', 36, 25, 1098856, 10, 3, '2026-02-08T09:00:00Z', '2026-04-25T10:00:00Z'),
('rk_ipest_rp_2024_s2', 'ipest', 'rp_2024_s2', 18, 27, 869082, 4, 5, '2024-09-12T09:00:00Z', '2025-01-20T15:00:00Z'),
('rk_ipest_rp_2025_s1', 'ipest', 'rp_2025_s1', 25, 28, 853075, 6, 8, '2025-02-14T09:00:00Z', '2025-06-22T15:00:00Z'),
('rk_ipest_rp_2025_s2', 'ipest', 'rp_2025_s2', 23, 32, 913342, 6, 9, '2025-09-10T09:00:00Z', '2026-01-25T15:00:00Z'),
('rk_ipest_rp_2026_s2', 'ipest', 'rp_2026_s2', 33, 34, 924680, 7, 8, '2026-02-08T09:00:00Z', '2026-04-25T10:00:00Z'),
('rk_isban_rp_2024_s2', 'isban', 'rp_2024_s2', 70, 10, 293120, 8, 0, '2024-09-12T09:00:00Z', '2025-01-20T15:00:00Z'),
('rk_isban_rp_2025_s1', 'isban', 'rp_2025_s1', 70, 11, 351904, 9, 0, '2025-02-14T09:00:00Z', '2025-06-22T15:00:00Z'),
('rk_isban_rp_2025_s2', 'isban', 'rp_2025_s2', 73, 13, 394224, 9, 0, '2025-09-10T09:00:00Z', '2026-01-25T15:00:00Z'),
('rk_isban_rp_2026_s2', 'isban', 'rp_2026_s2', 76, 17, 344333, 11, 0, '2026-02-08T09:00:00Z', '2026-04-25T10:00:00Z'),
('rk_isteub_rp_2024_s2', 'isteub', 'rp_2024_s2', 27, 12, 1247217, 6, 3, '2024-09-12T09:00:00Z', '2025-01-20T15:00:00Z'),
('rk_isteub_rp_2025_s1', 'isteub', 'rp_2025_s1', 27, 15, 1239140, 7, 3, '2025-02-14T09:00:00Z', '2025-06-22T15:00:00Z'),
('rk_isteub_rp_2025_s2', 'isteub', 'rp_2025_s2', 22, 16, 1246977, 6, 3, '2025-09-10T09:00:00Z', '2026-01-25T15:00:00Z'),
('rk_isteub_rp_2026_s2', 'isteub', 'rp_2026_s2', 25, 20, 1339889, 7, 6, '2026-02-08T09:00:00Z', '2026-04-25T10:00:00Z'),
('rk_islt_rp_2024_s2', 'islt', 'rp_2024_s2', 15, 22, 1501769, 13, 7, '2024-09-12T09:00:00Z', '2025-01-20T15:00:00Z'),
('rk_islt_rp_2025_s1', 'islt', 'rp_2025_s1', 23, 23, 1444773, 13, 6, '2025-02-14T09:00:00Z', '2025-06-22T15:00:00Z'),
('rk_islt_rp_2025_s2', 'islt', 'rp_2025_s2', 21, 25, 1427261, 13, 7, '2025-09-10T09:00:00Z', '2026-01-25T15:00:00Z'),
('rk_islt_rp_2026_s2', 'islt', 'rp_2026_s2', 34, 25, 1473964, 15, 6, '2026-02-08T09:00:00Z', '2026-04-25T10:00:00Z'),
('rk_islain_rp_2024_s2', 'islain', 'rp_2024_s2', 61, 22, 196339, 9, 0, '2024-09-12T09:00:00Z', '2025-01-20T15:00:00Z'),
('rk_islain_rp_2025_s1', 'islain', 'rp_2025_s1', 67, 26, 263792, 11, 1, '2025-02-14T09:00:00Z', '2025-06-22T15:00:00Z'),
('rk_islain_rp_2025_s2', 'islain', 'rp_2025_s2', 69, 26, 312304, 12, 3, '2025-09-10T09:00:00Z', '2026-01-25T15:00:00Z'),
('rk_islain_rp_2026_s2', 'islain', 'rp_2026_s2', 69, 29, 418849, 14, 3, '2026-02-08T09:00:00Z', '2026-04-25T10:00:00Z'),
('rk_isste_rp_2024_s2', 'isste', 'rp_2024_s2', 59, 18, 642189, 10, 4, '2024-09-12T09:00:00Z', '2025-01-20T15:00:00Z'),
('rk_isste_rp_2025_s1', 'isste', 'rp_2025_s1', 62, 17, 603762, 10, 4, '2025-02-14T09:00:00Z', '2025-06-22T15:00:00Z'),
('rk_isste_rp_2025_s2', 'isste', 'rp_2025_s2', 63, 18, 721178, 10, 4, '2025-09-10T09:00:00Z', '2026-01-25T15:00:00Z'),
('rk_isste_rp_2026_s2', 'isste', 'rp_2026_s2', 69, 19, 688037, 12, 6, '2026-02-08T09:00:00Z', '2026-04-25T10:00:00Z'),
('rk_isccb_rp_2024_s2', 'isccb', 'rp_2024_s2', 46, 4, 1254344, 15, 3, '2024-09-12T09:00:00Z', '2025-01-20T15:00:00Z'),
('rk_isccb_rp_2025_s1', 'isccb', 'rp_2025_s1', 48, 3, 1359718, 15, 5, '2025-02-14T09:00:00Z', '2025-06-22T15:00:00Z'),
('rk_isccb_rp_2025_s2', 'isccb', 'rp_2025_s2', 54, 3, 1419660, 15, 6, '2025-09-10T09:00:00Z', '2026-01-25T15:00:00Z'),
('rk_isccb_rp_2026_s2', 'isccb', 'rp_2026_s2', 54, 4, 1460739, 16, 7, '2026-02-08T09:00:00Z', '2026-04-25T10:00:00Z'),
('rk_isepbg_rp_2024_s2', 'isepbg', 'rp_2024_s2', 55, 8, 1093110, 4, 8, '2024-09-12T09:00:00Z', '2025-01-20T15:00:00Z'),
('rk_isepbg_rp_2025_s1', 'isepbg', 'rp_2025_s1', 55, 12, 1114603, 4, 8, '2025-02-14T09:00:00Z', '2025-06-22T15:00:00Z'),
('rk_isepbg_rp_2025_s2', 'isepbg', 'rp_2025_s2', 63, 12, 1142409, 6, 10, '2025-09-10T09:00:00Z', '2026-01-25T15:00:00Z'),
('rk_isepbg_rp_2026_s2', 'isepbg', 'rp_2026_s2', 65, 15, 1145314, 8, 12, '2026-02-08T09:00:00Z', '2026-04-25T10:00:00Z'),
('rk_supcom_rp_2024_s2', 'supcom', 'rp_2024_s2', 40, 5, 1203388, 9, 3, '2024-09-12T09:00:00Z', '2025-01-20T15:00:00Z'),
('rk_supcom_rp_2025_s1', 'supcom', 'rp_2025_s1', 41, 6, 1272832, 10, 4, '2025-02-14T09:00:00Z', '2025-06-22T15:00:00Z'),
('rk_supcom_rp_2025_s2', 'supcom', 'rp_2025_s2', 47, 7, 1222240, 10, 5, '2025-09-10T09:00:00Z', '2026-01-25T15:00:00Z'),
('rk_supcom_rp_2026_s2', 'supcom', 'rp_2026_s2', 46, 10, 1160432, 10, 6, '2026-02-08T09:00:00Z', '2026-04-25T10:00:00Z'),
('rk_esamograne_rp_2024_s2', 'esamograne', 'rp_2024_s2', 73, 18, 856975, 15, 2, '2024-09-12T09:00:00Z', '2025-01-20T15:00:00Z'),
('rk_esamograne_rp_2025_s1', 'esamograne', 'rp_2025_s1', 68, 18, 790006, 14, 2, '2025-02-14T09:00:00Z', '2025-06-22T15:00:00Z'),
('rk_esamograne_rp_2025_s2', 'esamograne', 'rp_2025_s2', 68, 19, 841555, 16, 4, '2025-09-10T09:00:00Z', '2026-01-25T15:00:00Z'),
('rk_esamograne_rp_2026_s2', 'esamograne', 'rp_2026_s2', 70, 20, 795511, 16, 3, '2026-02-08T09:00:00Z', '2026-04-25T10:00:00Z'),
('rk_esamateur_rp_2024_s2', 'esamateur', 'rp_2024_s2', 56, 22, 339125, 13, 6, '2024-09-12T09:00:00Z', '2025-01-20T15:00:00Z'),
('rk_esamateur_rp_2025_s1', 'esamateur', 'rp_2025_s1', 56, 25, 382295, 13, 9, '2025-02-14T09:00:00Z', '2025-06-22T15:00:00Z'),
('rk_esamateur_rp_2025_s2', 'esamateur', 'rp_2025_s2', 51, 27, 453124, 16, 10, '2025-09-10T09:00:00Z', '2026-01-25T15:00:00Z'),
('rk_esamateur_rp_2026_s2', 'esamateur', 'rp_2026_s2', 57, 27, 485839, 15, 11, '2026-02-08T09:00:00Z', '2026-04-25T10:00:00Z'),
('rk_esiat_rp_2024_s2', 'esiat', 'rp_2024_s2', 12, 27, 413064, 7, 7, '2024-09-12T09:00:00Z', '2025-01-20T15:00:00Z'),
('rk_esiat_rp_2025_s1', 'esiat', 'rp_2025_s1', 17, 29, 533250, 10, 10, '2025-02-14T09:00:00Z', '2025-06-22T15:00:00Z'),
('rk_esiat_rp_2025_s2', 'esiat', 'rp_2025_s2', 19, 29, 599151, 11, 10, '2025-09-10T09:00:00Z', '2026-01-25T15:00:00Z'),
('rk_esiat_rp_2026_s2', 'esiat', 'rp_2026_s2', 21, 27, 667635, 11, 12, '2026-02-08T09:00:00Z', '2026-04-25T10:00:00Z'),
('rk_ispab_rp_2024_s2', 'ispab', 'rp_2024_s2', 39, 23, 1245882, 13, 6, '2024-09-12T09:00:00Z', '2025-01-20T15:00:00Z'),
('rk_ispab_rp_2025_s1', 'ispab', 'rp_2025_s1', 36, 22, 1230739, 12, 8, '2025-02-14T09:00:00Z', '2025-06-22T15:00:00Z'),
('rk_ispab_rp_2025_s2', 'ispab', 'rp_2025_s2', 45, 23, 1318059, 14, 8, '2025-09-10T09:00:00Z', '2026-01-25T15:00:00Z'),
('rk_ispab_rp_2026_s2', 'ispab', 'rp_2026_s2', 41, 22, 1409014, 14, 6, '2026-02-08T09:00:00Z', '2026-04-25T10:00:00Z'),
('rk_intes_rp_2024_s2', 'intes', 'rp_2024_s2', 69, 16, 1197964, 5, 3, '2024-09-12T09:00:00Z', '2025-01-20T15:00:00Z'),
('rk_intes_rp_2025_s1', 'intes', 'rp_2025_s1', 78, 17, 1291223, 5, 5, '2025-02-14T09:00:00Z', '2025-06-22T15:00:00Z'),
('rk_intes_rp_2025_s2', 'intes', 'rp_2025_s2', 82, 17, 1327454, 5, 7, '2025-09-10T09:00:00Z', '2026-01-25T15:00:00Z'),
('rk_intes_rp_2026_s2', 'intes', 'rp_2026_s2', 82, 19, 1373791, 8, 8, '2026-02-08T09:00:00Z', '2026-04-25T10:00:00Z'),
('rk_isce_rp_2024_s2', 'isce', 'rp_2024_s2', 48, 28, 724441, 14, 3, '2024-09-12T09:00:00Z', '2025-01-20T15:00:00Z'),
('rk_isce_rp_2025_s1', 'isce', 'rp_2025_s1', 47, 28, 655643, 16, 6, '2025-02-14T09:00:00Z', '2025-06-22T15:00:00Z'),
('rk_isce_rp_2025_s2', 'isce', 'rp_2025_s2', 53, 30, 665830, 18, 7, '2025-09-10T09:00:00Z', '2026-01-25T15:00:00Z'),
('rk_isce_rp_2026_s2', 'isce', 'rp_2026_s2', 59, 30, 671998, 19, 6, '2026-02-08T09:00:00Z', '2026-04-25T10:00:00Z'),
('rk_inat_rp_2024_s2', 'inat', 'rp_2024_s2', 65, 21, 1024064, 6, 7, '2024-09-12T09:00:00Z', '2025-01-20T15:00:00Z'),
('rk_inat_rp_2025_s1', 'inat', 'rp_2025_s1', 60, 23, 1021069, 6, 8, '2025-02-14T09:00:00Z', '2025-06-22T15:00:00Z'),
('rk_inat_rp_2025_s2', 'inat', 'rp_2025_s2', 63, 27, 1025603, 5, 9, '2025-09-10T09:00:00Z', '2026-01-25T15:00:00Z'),
('rk_inat_rp_2026_s2', 'inat', 'rp_2026_s2', 62, 29, 1137759, 4, 9, '2026-02-08T09:00:00Z', '2026-04-25T10:00:00Z'),
('rk_ihet_rp_2024_s2', 'ihet', 'rp_2024_s2', 40, 6, 531686, 8, 4, '2024-09-12T09:00:00Z', '2025-01-20T15:00:00Z'),
('rk_ihet_rp_2025_s1', 'ihet', 'rp_2025_s1', 40, 6, 612674, 9, 7, '2025-02-14T09:00:00Z', '2025-06-22T15:00:00Z'),
('rk_ihet_rp_2025_s2', 'ihet', 'rp_2025_s2', 46, 6, 590190, 10, 6, '2025-09-10T09:00:00Z', '2026-01-25T15:00:00Z'),
('rk_ihet_rp_2026_s2', 'ihet', 'rp_2026_s2', 47, 4, 719391, 10, 9, '2026-02-08T09:00:00Z', '2026-04-25T10:00:00Z'),
('rk_inrgref_rp_2024_s2', 'inrgref', 'rp_2024_s2', 15, 21, 457135, 13, 3, '2024-09-12T09:00:00Z', '2025-01-20T15:00:00Z'),
('rk_inrgref_rp_2025_s1', 'inrgref', 'rp_2025_s1', 13, 21, 498606, 15, 3, '2025-02-14T09:00:00Z', '2025-06-22T15:00:00Z'),
('rk_inrgref_rp_2025_s2', 'inrgref', 'rp_2025_s2', 16, 25, 538420, 15, 4, '2025-09-10T09:00:00Z', '2026-01-25T15:00:00Z'),
('rk_inrgref_rp_2026_s2', 'inrgref', 'rp_2026_s2', 20, 27, 696067, 17, 3, '2026-02-08T09:00:00Z', '2026-04-25T10:00:00Z'),
('rk_inrat_rp_2024_s2', 'inrat', 'rp_2024_s2', 80, 19, 855941, 14, 3, '2024-09-12T09:00:00Z', '2025-01-20T15:00:00Z'),
('rk_inrat_rp_2025_s1', 'inrat', 'rp_2025_s1', 84, 20, 869055, 13, 6, '2025-02-14T09:00:00Z', '2025-06-22T15:00:00Z'),
('rk_inrat_rp_2025_s2', 'inrat', 'rp_2025_s2', 91, 22, 889291, 12, 5, '2025-09-10T09:00:00Z', '2026-01-25T15:00:00Z'),
('rk_inrat_rp_2026_s2', 'inrat', 'rp_2026_s2', 94, 26, 889781, 13, 7, '2026-02-08T09:00:00Z', '2026-04-25T10:00:00Z'),
('rk_enib_rp_2024_s2', 'enib', 'rp_2024_s2', 61, 4, 893165, 11, 0, '2024-09-12T09:00:00Z', '2025-01-20T15:00:00Z'),
('rk_enib_rp_2025_s1', 'enib', 'rp_2025_s1', 62, 4, 930375, 10, 0, '2025-02-14T09:00:00Z', '2025-06-22T15:00:00Z'),
('rk_enib_rp_2025_s2', 'enib', 'rp_2025_s2', 68, 2, 969651, 9, 2, '2025-09-10T09:00:00Z', '2026-01-25T15:00:00Z'),
('rk_enib_rp_2026_s2', 'enib', 'rp_2026_s2', 71, 3, 968827, 10, 4, '2026-02-08T09:00:00Z', '2026-04-25T10:00:00Z'),
('rk_cbbc_rp_2024_s2', 'cbbc', 'rp_2024_s2', 50, 7, 1362708, 9, 7, '2024-09-12T09:00:00Z', '2025-01-20T15:00:00Z'),
('rk_cbbc_rp_2025_s1', 'cbbc', 'rp_2025_s1', 49, 9, 1453263, 8, 9, '2025-02-14T09:00:00Z', '2025-06-22T15:00:00Z'),
('rk_cbbc_rp_2025_s2', 'cbbc', 'rp_2025_s2', 56, 10, 1515108, 10, 11, '2025-09-10T09:00:00Z', '2026-01-25T15:00:00Z'),
('rk_cbbc_rp_2026_s2', 'cbbc', 'rp_2026_s2', 56, 12, 1613187, 11, 11, '2026-02-08T09:00:00Z', '2026-04-25T10:00:00Z');

INSERT INTO infrastructure_kpis (id, institution_id, reporting_period_id, classroom_occupancy_pct, equipment_availability_pct, it_equipment_status, ongoing_projects_count, maintenance_backlog_days, created_at, updated_at) VALUES
('infk_fsjpst_rp_2024_s2', 'fsjpst', 'rp_2024_s2', 83.7, 93.3, 70.4, 7, 17, '2024-09-12T09:00:00Z', '2025-01-20T15:00:00Z'),
('infk_fsjpst_rp_2025_s1', 'fsjpst', 'rp_2025_s1', 85.3, 94.1, 70.7, 10, 16, '2025-02-14T09:00:00Z', '2025-06-22T15:00:00Z'),
('infk_fsjpst_rp_2025_s2', 'fsjpst', 'rp_2025_s2', 87.7, 94.5, 70.3, 10, 17, '2025-09-10T09:00:00Z', '2026-01-25T15:00:00Z'),
('infk_fsjpst_rp_2026_s2', 'fsjpst', 'rp_2026_s2', 89.4, 95.7, 69.6, 12, 21, '2026-02-08T09:00:00Z', '2026-04-25T10:00:00Z'),
('infk_fsb_rp_2024_s2', 'fsb', 'rp_2024_s2', 87.4, 77.4, 81.5, 9, 4, '2024-09-12T09:00:00Z', '2025-01-20T15:00:00Z'),
('infk_fsb_rp_2025_s1', 'fsb', 'rp_2025_s1', 88.1, 77.4, 81.1, 10, 4, '2025-02-14T09:00:00Z', '2025-06-22T15:00:00Z'),
('infk_fsb_rp_2025_s2', 'fsb', 'rp_2025_s2', 87.5, 77.7, 80.9, 10, 9, '2025-09-10T09:00:00Z', '2026-01-25T15:00:00Z'),
('infk_fsb_rp_2026_s2', 'fsb', 'rp_2026_s2', 88.2, 77.7, 80.3, 12, 8, '2026-02-08T09:00:00Z', '2026-04-25T10:00:00Z'),
('infk_fsegn_rp_2024_s2', 'fsegn', 'rp_2024_s2', 72.0, 85.1, 82.6, 4, 16, '2024-09-12T09:00:00Z', '2025-01-20T15:00:00Z'),
('infk_fsegn_rp_2025_s1', 'fsegn', 'rp_2025_s1', 71.0, 86.3, 82.5, 5, 16, '2025-02-14T09:00:00Z', '2025-06-22T15:00:00Z'),
('infk_fsegn_rp_2025_s2', 'fsegn', 'rp_2025_s2', 70.2, 87.5, 84.0, 5, 17, '2025-09-10T09:00:00Z', '2026-01-25T15:00:00Z'),
('infk_fsegn_rp_2026_s2', 'fsegn', 'rp_2026_s2', 71.2, 88.3, 85.1, 7, 16, '2026-02-08T09:00:00Z', '2026-04-25T10:00:00Z'),
('infk_enau_rp_2024_s2', 'enau', 'rp_2024_s2', 77.5, 81.2, 92.4, 4, 20, '2024-09-12T09:00:00Z', '2025-01-20T15:00:00Z'),
('infk_enau_rp_2025_s1', 'enau', 'rp_2025_s1', 76.6, 81.0, 91.3, 3, 20, '2025-02-14T09:00:00Z', '2025-06-22T15:00:00Z'),
('infk_enau_rp_2025_s2', 'enau', 'rp_2025_s2', 74.9, 81.8, 92.1, 6, 16, '2025-09-10T09:00:00Z', '2026-01-25T15:00:00Z'),
('infk_enau_rp_2026_s2', 'enau', 'rp_2026_s2', 74.5, 82.7, 92.3, 7, 14, '2026-02-08T09:00:00Z', '2026-04-25T10:00:00Z'),
('infk_ept_rp_2024_s2', 'ept', 'rp_2024_s2', 86.3, 83.0, 82.5, 7, 20, '2024-09-12T09:00:00Z', '2025-01-20T15:00:00Z'),
('infk_ept_rp_2025_s1', 'ept', 'rp_2025_s1', 87.7, 83.6, 84.0, 7, 17, '2025-02-14T09:00:00Z', '2025-06-22T15:00:00Z'),
('infk_ept_rp_2025_s2', 'ept', 'rp_2025_s2', 87.9, 84.7, 83.2, 8, 16, '2025-09-10T09:00:00Z', '2026-01-25T15:00:00Z'),
('infk_ept_rp_2026_s2', 'ept', 'rp_2026_s2', 89.0, 85.2, 83.5, 8, 15, '2026-02-08T09:00:00Z', '2026-04-25T10:00:00Z'),
('infk_enicarthage_rp_2024_s2', 'enicarthage', 'rp_2024_s2', 88.8, 87.2, 81.0, 8, 14, '2024-09-12T09:00:00Z', '2025-01-20T15:00:00Z'),
('infk_enicarthage_rp_2025_s1', 'enicarthage', 'rp_2025_s1', 88.9, 86.2, 82.2, 6, 16, '2025-02-14T09:00:00Z', '2025-06-22T15:00:00Z'),
('infk_enicarthage_rp_2025_s2', 'enicarthage', 'rp_2025_s2', 89.6, 86.5, 83.2, 7, 18, '2025-09-10T09:00:00Z', '2026-01-25T15:00:00Z'),
('infk_enicarthage_rp_2026_s2', 'enicarthage', 'rp_2026_s2', 89.8, 85.5, 83.8, 6, 23, '2026-02-08T09:00:00Z', '2026-04-25T10:00:00Z'),
('infk_essai_rp_2024_s2', 'essai', 'rp_2024_s2', 75.1, 88.6, 76.1, 6, 11, '2024-09-12T09:00:00Z', '2025-01-20T15:00:00Z'),
('infk_essai_rp_2025_s1', 'essai', 'rp_2025_s1', 74.0, 88.6, 77.8, 8, 9, '2025-02-14T09:00:00Z', '2025-06-22T15:00:00Z'),
('infk_essai_rp_2025_s2', 'essai', 'rp_2025_s2', 73.7, 88.3, 78.0, 8, 7, '2025-09-10T09:00:00Z', '2026-01-25T15:00:00Z'),
('infk_essai_rp_2026_s2', 'essai', 'rp_2026_s2', 74.1, 89.0, 77.6, 10, 9, '2026-02-08T09:00:00Z', '2026-04-25T10:00:00Z'),
('infk_esac_rp_2024_s2', 'esac', 'rp_2024_s2', 78.2, 89.8, 85.3, 3, 6, '2024-09-12T09:00:00Z', '2025-01-20T15:00:00Z'),
('infk_esac_rp_2025_s1', 'esac', 'rp_2025_s1', 78.3, 90.1, 84.3, 5, 5, '2025-02-14T09:00:00Z', '2025-06-22T15:00:00Z'),
('infk_esac_rp_2025_s2', 'esac', 'rp_2025_s2', 79.1, 89.4, 84.4, 7, 7, '2025-09-10T09:00:00Z', '2026-01-25T15:00:00Z'),
('infk_esac_rp_2026_s2', 'esac', 'rp_2026_s2', 79.3, 89.6, 83.6, 7, 10, '2026-02-08T09:00:00Z', '2026-04-25T10:00:00Z'),
('infk_ipeib_rp_2024_s2', 'ipeib', 'rp_2024_s2', 83.3, 85.5, 84.0, 4, 18, '2024-09-12T09:00:00Z', '2025-01-20T15:00:00Z'),
('infk_ipeib_rp_2025_s1', 'ipeib', 'rp_2025_s1', 82.6, 85.6, 85.0, 7, 15, '2025-02-14T09:00:00Z', '2025-06-22T15:00:00Z'),
('infk_ipeib_rp_2025_s2', 'ipeib', 'rp_2025_s2', 82.9, 86.3, 85.8, 6, 19, '2025-09-10T09:00:00Z', '2026-01-25T15:00:00Z'),
('infk_ipeib_rp_2026_s2', 'ipeib', 'rp_2026_s2', 83.1, 86.8, 87.4, 9, 21, '2026-02-08T09:00:00Z', '2026-04-25T10:00:00Z'),
('infk_ihec_rp_2024_s2', 'ihec', 'rp_2024_s2', 82.0, 80.2, 90.6, 2, 19, '2024-09-12T09:00:00Z', '2025-01-20T15:00:00Z'),
('infk_ihec_rp_2025_s1', 'ihec', 'rp_2025_s1', 82.3, 80.8, 91.2, 3, 15, '2025-02-14T09:00:00Z', '2025-06-22T15:00:00Z'),
('infk_ihec_rp_2025_s2', 'ihec', 'rp_2025_s2', 81.5, 80.3, 92.6, 4, 15, '2025-09-10T09:00:00Z', '2026-01-25T15:00:00Z'),
('infk_ihec_rp_2026_s2', 'ihec', 'rp_2026_s2', 80.6, 80.2, 92.7, 5, 13, '2026-02-08T09:00:00Z', '2026-04-25T10:00:00Z'),
('infk_insat_rp_2024_s2', 'insat', 'rp_2024_s2', 79.8, 80.5, 80.4, 5, 13, '2024-09-12T09:00:00Z', '2025-01-20T15:00:00Z'),
('infk_insat_rp_2025_s1', 'insat', 'rp_2025_s1', 79.8, 80.6, 80.9, 4, 14, '2025-02-14T09:00:00Z', '2025-06-22T15:00:00Z'),
('infk_insat_rp_2025_s2', 'insat', 'rp_2025_s2', 79.0, 81.9, 82.3, 4, 17, '2025-09-10T09:00:00Z', '2026-01-25T15:00:00Z'),
('infk_insat_rp_2026_s2', 'insat', 'rp_2026_s2', 78.3, 81.8, 82.0, 4, 20, '2026-02-08T09:00:00Z', '2026-04-25T10:00:00Z'),
('infk_issatm_rp_2024_s2', 'issatm', 'rp_2024_s2', 72.5, 85.5, 92.1, 3, 11, '2024-09-12T09:00:00Z', '2025-01-20T15:00:00Z'),
('infk_issatm_rp_2025_s1', 'issatm', 'rp_2025_s1', 72.9, 84.9, 92.5, 3, 12, '2025-02-14T09:00:00Z', '2025-06-22T15:00:00Z'),
('infk_issatm_rp_2025_s2', 'issatm', 'rp_2025_s2', 74.7, 84.5, 92.4, 4, 11, '2025-09-10T09:00:00Z', '2026-01-25T15:00:00Z'),
('infk_issatm_rp_2026_s2', 'issatm', 'rp_2026_s2', 75.4, 83.9, 91.2, 5, 15, '2026-02-08T09:00:00Z', '2026-04-25T10:00:00Z'),
('infk_ipein_rp_2024_s2', 'ipein', 'rp_2024_s2', 62.1, 76.6, 73.5, 4, 20, '2024-09-12T09:00:00Z', '2025-01-20T15:00:00Z'),
('infk_ipein_rp_2025_s1', 'ipein', 'rp_2025_s1', 61.7, 76.5, 73.9, 5, 20, '2025-02-14T09:00:00Z', '2025-06-22T15:00:00Z'),
('infk_ipein_rp_2025_s2', 'ipein', 'rp_2025_s2', 63.1, 75.9, 73.1, 6, 20, '2025-09-10T09:00:00Z', '2026-01-25T15:00:00Z'),
('infk_ipein_rp_2026_s2', 'ipein', 'rp_2026_s2', 64.0, 75.5, 74.4, 5, 18, '2026-02-08T09:00:00Z', '2026-04-25T10:00:00Z'),
('infk_ipest_rp_2024_s2', 'ipest', 'rp_2024_s2', 80.7, 90.1, 90.1, 2, 11, '2024-09-12T09:00:00Z', '2025-01-20T15:00:00Z'),
('infk_ipest_rp_2025_s1', 'ipest', 'rp_2025_s1', 82.0, 90.1, 89.7, 4, 11, '2025-02-14T09:00:00Z', '2025-06-22T15:00:00Z'),
('infk_ipest_rp_2025_s2', 'ipest', 'rp_2025_s2', 83.6, 91.2, 90.2, 5, 11, '2025-09-10T09:00:00Z', '2026-01-25T15:00:00Z'),
('infk_ipest_rp_2026_s2', 'ipest', 'rp_2026_s2', 83.8, 91.4, 89.8, 6, 15, '2026-02-08T09:00:00Z', '2026-04-25T10:00:00Z'),
('infk_isban_rp_2024_s2', 'isban', 'rp_2024_s2', 90.6, 91.1, 68.3, 8, 25, '2024-09-12T09:00:00Z', '2025-01-20T15:00:00Z'),
('infk_isban_rp_2025_s1', 'isban', 'rp_2025_s1', 90.0, 92.0, 68.1, 8, 25, '2025-02-14T09:00:00Z', '2025-06-22T15:00:00Z'),
('infk_isban_rp_2025_s2', 'isban', 'rp_2025_s2', 89.9, 92.6, 66.6, 11, 26, '2025-09-10T09:00:00Z', '2026-01-25T15:00:00Z'),
('infk_isban_rp_2026_s2', 'isban', 'rp_2026_s2', 89.3, 92.5, 67.6, 11, 25, '2026-02-08T09:00:00Z', '2026-04-25T10:00:00Z'),
('infk_isteub_rp_2024_s2', 'isteub', 'rp_2024_s2', 67.9, 92.5, 72.0, 6, 12, '2024-09-12T09:00:00Z', '2025-01-20T15:00:00Z'),
('infk_isteub_rp_2025_s1', 'isteub', 'rp_2025_s1', 68.4, 93.1, 72.2, 8, 11, '2025-02-14T09:00:00Z', '2025-06-22T15:00:00Z'),
('infk_isteub_rp_2025_s2', 'isteub', 'rp_2025_s2', 69.8, 92.8, 72.2, 6, 12, '2025-09-10T09:00:00Z', '2026-01-25T15:00:00Z'),
('infk_isteub_rp_2026_s2', 'isteub', 'rp_2026_s2', 70.5, 93.3, 72.7, 8, 15, '2026-02-08T09:00:00Z', '2026-04-25T10:00:00Z'),
('infk_islt_rp_2024_s2', 'islt', 'rp_2024_s2', 63.2, 90.9, 81.5, 3, 24, '2024-09-12T09:00:00Z', '2025-01-20T15:00:00Z'),
('infk_islt_rp_2025_s1', 'islt', 'rp_2025_s1', 64.9, 92.2, 81.3, 1, 20, '2025-02-14T09:00:00Z', '2025-06-22T15:00:00Z'),
('infk_islt_rp_2025_s2', 'islt', 'rp_2025_s2', 65.2, 92.6, 81.9, 3, 21, '2025-09-10T09:00:00Z', '2026-01-25T15:00:00Z'),
('infk_islt_rp_2026_s2', 'islt', 'rp_2026_s2', 66.2, 94.4, 83.2, 1, 21, '2026-02-08T09:00:00Z', '2026-04-25T10:00:00Z'),
('infk_islain_rp_2024_s2', 'islain', 'rp_2024_s2', 85.6, 85.9, 72.3, 6, 10, '2024-09-12T09:00:00Z', '2025-01-20T15:00:00Z'),
('infk_islain_rp_2025_s1', 'islain', 'rp_2025_s1', 87.2, 86.7, 72.2, 7, 13, '2025-02-14T09:00:00Z', '2025-06-22T15:00:00Z'),
('infk_islain_rp_2025_s2', 'islain', 'rp_2025_s2', 88.8, 87.7, 73.8, 5, 16, '2025-09-10T09:00:00Z', '2026-01-25T15:00:00Z'),
('infk_islain_rp_2026_s2', 'islain', 'rp_2026_s2', 89.2, 88.5, 74.9, 6, 15, '2026-02-08T09:00:00Z', '2026-04-25T10:00:00Z'),
('infk_isste_rp_2024_s2', 'isste', 'rp_2024_s2', 63.4, 79.7, 70.8, 5, 23, '2024-09-12T09:00:00Z', '2025-01-20T15:00:00Z'),
('infk_isste_rp_2025_s1', 'isste', 'rp_2025_s1', 63.0, 81.0, 72.0, 6, 27, '2025-02-14T09:00:00Z', '2025-06-22T15:00:00Z'),
('infk_isste_rp_2025_s2', 'isste', 'rp_2025_s2', 64.1, 81.7, 72.8, 4, 27, '2025-09-10T09:00:00Z', '2026-01-25T15:00:00Z'),
('infk_isste_rp_2026_s2', 'isste', 'rp_2026_s2', 63.3, 82.5, 73.2, 6, 32, '2026-02-08T09:00:00Z', '2026-04-25T10:00:00Z'),
('infk_isccb_rp_2024_s2', 'isccb', 'rp_2024_s2', 77.2, 73.2, 75.0, 6, 14, '2024-09-12T09:00:00Z', '2025-01-20T15:00:00Z'),
('infk_isccb_rp_2025_s1', 'isccb', 'rp_2025_s1', 77.7, 73.7, 76.0, 8, 11, '2025-02-14T09:00:00Z', '2025-06-22T15:00:00Z'),
('infk_isccb_rp_2025_s2', 'isccb', 'rp_2025_s2', 77.2, 75.1, 75.7, 7, 8, '2025-09-10T09:00:00Z', '2026-01-25T15:00:00Z'),
('infk_isccb_rp_2026_s2', 'isccb', 'rp_2026_s2', 75.7, 76.0, 77.4, 7, 7, '2026-02-08T09:00:00Z', '2026-04-25T10:00:00Z'),
('infk_isepbg_rp_2024_s2', 'isepbg', 'rp_2024_s2', 71.4, 72.9, 83.8, 1, 10, '2024-09-12T09:00:00Z', '2025-01-20T15:00:00Z'),
('infk_isepbg_rp_2025_s1', 'isepbg', 'rp_2025_s1', 73.5, 73.2, 83.7, 3, 9, '2025-02-14T09:00:00Z', '2025-06-22T15:00:00Z'),
('infk_isepbg_rp_2025_s2', 'isepbg', 'rp_2025_s2', 74.8, 74.9, 83.8, 3, 10, '2025-09-10T09:00:00Z', '2026-01-25T15:00:00Z'),
('infk_isepbg_rp_2026_s2', 'isepbg', 'rp_2026_s2', 76.2, 75.5, 83.1, 6, 11, '2026-02-08T09:00:00Z', '2026-04-25T10:00:00Z'),
('infk_supcom_rp_2024_s2', 'supcom', 'rp_2024_s2', 63.6, 83.7, 80.9, 8, 8, '2024-09-12T09:00:00Z', '2025-01-20T15:00:00Z'),
('infk_supcom_rp_2025_s1', 'supcom', 'rp_2025_s1', 61.5, 84.8, 79.6, 8, 4, '2025-02-14T09:00:00Z', '2025-06-22T15:00:00Z'),
('infk_supcom_rp_2025_s2', 'supcom', 'rp_2025_s2', 61.5, 84.6, 80.3, 10, 4, '2025-09-10T09:00:00Z', '2026-01-25T15:00:00Z'),
('infk_supcom_rp_2026_s2', 'supcom', 'rp_2026_s2', 61.8, 85.5, 79.7, 11, 0, '2026-02-08T09:00:00Z', '2026-04-25T10:00:00Z'),
('infk_esamograne_rp_2024_s2', 'esamograne', 'rp_2024_s2', 64.6, 78.3, 66.5, 6, 12, '2024-09-12T09:00:00Z', '2025-01-20T15:00:00Z'),
('infk_esamograne_rp_2025_s1', 'esamograne', 'rp_2025_s1', 63.0, 77.8, 66.3, 8, 9, '2025-02-14T09:00:00Z', '2025-06-22T15:00:00Z'),
('infk_esamograne_rp_2025_s2', 'esamograne', 'rp_2025_s2', 62.4, 76.9, 65.9, 9, 12, '2025-09-10T09:00:00Z', '2026-01-25T15:00:00Z'),
('infk_esamograne_rp_2026_s2', 'esamograne', 'rp_2026_s2', 62.7, 77.3, 66.3, 8, 10, '2026-02-08T09:00:00Z', '2026-04-25T10:00:00Z'),
('infk_esamateur_rp_2024_s2', 'esamateur', 'rp_2024_s2', 88.7, 83.9, 69.6, 6, 15, '2024-09-12T09:00:00Z', '2025-01-20T15:00:00Z'),
('infk_esamateur_rp_2025_s1', 'esamateur', 'rp_2025_s1', 91.1, 84.2, 71.8, 6, 14, '2025-02-14T09:00:00Z', '2025-06-22T15:00:00Z'),
('infk_esamateur_rp_2025_s2', 'esamateur', 'rp_2025_s2', 91.7, 83.8, 71.7, 6, 14, '2025-09-10T09:00:00Z', '2026-01-25T15:00:00Z'),
('infk_esamateur_rp_2026_s2', 'esamateur', 'rp_2026_s2', 92.4, 84.2, 72.8, 9, 18, '2026-02-08T09:00:00Z', '2026-04-25T10:00:00Z'),
('infk_esiat_rp_2024_s2', 'esiat', 'rp_2024_s2', 68.3, 93.1, 81.8, 4, 11, '2024-09-12T09:00:00Z', '2025-01-20T15:00:00Z'),
('infk_esiat_rp_2025_s1', 'esiat', 'rp_2025_s1', 70.0, 92.7, 82.7, 6, 10, '2025-02-14T09:00:00Z', '2025-06-22T15:00:00Z'),
('infk_esiat_rp_2025_s2', 'esiat', 'rp_2025_s2', 71.2, 92.8, 82.9, 6, 11, '2025-09-10T09:00:00Z', '2026-01-25T15:00:00Z'),
('infk_esiat_rp_2026_s2', 'esiat', 'rp_2026_s2', 71.2, 93.1, 83.2, 8, 6, '2026-02-08T09:00:00Z', '2026-04-25T10:00:00Z'),
('infk_ispab_rp_2024_s2', 'ispab', 'rp_2024_s2', 67.7, 72.9, 90.9, 3, 20, '2024-09-12T09:00:00Z', '2025-01-20T15:00:00Z'),
('infk_ispab_rp_2025_s1', 'ispab', 'rp_2025_s1', 66.9, 72.6, 90.5, 3, 21, '2025-02-14T09:00:00Z', '2025-06-22T15:00:00Z'),
('infk_ispab_rp_2025_s2', 'ispab', 'rp_2025_s2', 65.7, 72.6, 91.4, 4, 21, '2025-09-10T09:00:00Z', '2026-01-25T15:00:00Z'),
('infk_ispab_rp_2026_s2', 'ispab', 'rp_2026_s2', 65.1, 73.0, 91.2, 5, 24, '2026-02-08T09:00:00Z', '2026-04-25T10:00:00Z'),
('infk_intes_rp_2024_s2', 'intes', 'rp_2024_s2', 78.0, 84.9, 71.5, 3, 18, '2024-09-12T09:00:00Z', '2025-01-20T15:00:00Z'),
('infk_intes_rp_2025_s1', 'intes', 'rp_2025_s1', 76.9, 85.2, 73.2, 4, 20, '2025-02-14T09:00:00Z', '2025-06-22T15:00:00Z'),
('infk_intes_rp_2025_s2', 'intes', 'rp_2025_s2', 79.5, 85.0, 73.1, 7, 20, '2025-09-10T09:00:00Z', '2026-01-25T15:00:00Z'),
('infk_intes_rp_2026_s2', 'intes', 'rp_2026_s2', 79.5, 85.2, 75.3, 7, 21, '2026-02-08T09:00:00Z', '2026-04-25T10:00:00Z'),
('infk_isce_rp_2024_s2', 'isce', 'rp_2024_s2', 66.8, 90.4, 79.4, 2, 7, '2024-09-12T09:00:00Z', '2025-01-20T15:00:00Z'),
('infk_isce_rp_2025_s1', 'isce', 'rp_2025_s1', 65.1, 89.9, 78.8, 4, 6, '2025-02-14T09:00:00Z', '2025-06-22T15:00:00Z'),
('infk_isce_rp_2025_s2', 'isce', 'rp_2025_s2', 64.4, 89.3, 79.6, 5, 1, '2025-09-10T09:00:00Z', '2026-01-25T15:00:00Z'),
('infk_isce_rp_2026_s2', 'isce', 'rp_2026_s2', 63.8, 89.8, 79.9, 6, 1, '2026-02-08T09:00:00Z', '2026-04-25T10:00:00Z'),
('infk_inat_rp_2024_s2', 'inat', 'rp_2024_s2', 62.2, 72.8, 70.3, 6, 11, '2024-09-12T09:00:00Z', '2025-01-20T15:00:00Z'),
('infk_inat_rp_2025_s1', 'inat', 'rp_2025_s1', 62.3, 73.7, 71.5, 7, 14, '2025-02-14T09:00:00Z', '2025-06-22T15:00:00Z'),
('infk_inat_rp_2025_s2', 'inat', 'rp_2025_s2', 61.7, 74.9, 71.3, 7, 16, '2025-09-10T09:00:00Z', '2026-01-25T15:00:00Z'),
('infk_inat_rp_2026_s2', 'inat', 'rp_2026_s2', 61.3, 76.2, 72.0, 7, 18, '2026-02-08T09:00:00Z', '2026-04-25T10:00:00Z'),
('infk_ihet_rp_2024_s2', 'ihet', 'rp_2024_s2', 90.9, 84.6, 79.8, 3, 21, '2024-09-12T09:00:00Z', '2025-01-20T15:00:00Z'),
('infk_ihet_rp_2025_s1', 'ihet', 'rp_2025_s1', 92.5, 86.3, 79.9, 4, 23, '2025-02-14T09:00:00Z', '2025-06-22T15:00:00Z'),
('infk_ihet_rp_2025_s2', 'ihet', 'rp_2025_s2', 92.4, 86.8, 80.8, 5, 25, '2025-09-10T09:00:00Z', '2026-01-25T15:00:00Z'),
('infk_ihet_rp_2026_s2', 'ihet', 'rp_2026_s2', 93.3, 87.9, 81.1, 4, 25, '2026-02-08T09:00:00Z', '2026-04-25T10:00:00Z'),
('infk_inrgref_rp_2024_s2', 'inrgref', 'rp_2024_s2', 82.0, 93.6, 85.4, 6, 12, '2024-09-12T09:00:00Z', '2025-01-20T15:00:00Z'),
('infk_inrgref_rp_2025_s1', 'inrgref', 'rp_2025_s1', 82.7, 93.5, 86.3, 7, 11, '2025-02-14T09:00:00Z', '2025-06-22T15:00:00Z'),
('infk_inrgref_rp_2025_s2', 'inrgref', 'rp_2025_s2', 83.8, 93.7, 87.1, 10, 6, '2025-09-10T09:00:00Z', '2026-01-25T15:00:00Z'),
('infk_inrgref_rp_2026_s2', 'inrgref', 'rp_2026_s2', 83.2, 93.6, 87.5, 10, 5, '2026-02-08T09:00:00Z', '2026-04-25T10:00:00Z'),
('infk_inrat_rp_2024_s2', 'inrat', 'rp_2024_s2', 71.7, 90.2, 88.3, 6, 22, '2024-09-12T09:00:00Z', '2025-01-20T15:00:00Z'),
('infk_inrat_rp_2025_s1', 'inrat', 'rp_2025_s1', 72.7, 91.0, 89.7, 9, 21, '2025-02-14T09:00:00Z', '2025-06-22T15:00:00Z'),
('infk_inrat_rp_2025_s2', 'inrat', 'rp_2025_s2', 71.8, 91.2, 88.5, 10, 24, '2025-09-10T09:00:00Z', '2026-01-25T15:00:00Z'),
('infk_inrat_rp_2026_s2', 'inrat', 'rp_2026_s2', 71.3, 91.6, 89.9, 11, 25, '2026-02-08T09:00:00Z', '2026-04-25T10:00:00Z'),
('infk_enib_rp_2024_s2', 'enib', 'rp_2024_s2', 86.6, 72.7, 90.7, 6, 19, '2024-09-12T09:00:00Z', '2025-01-20T15:00:00Z'),
('infk_enib_rp_2025_s1', 'enib', 'rp_2025_s1', 85.8, 73.1, 91.8, 7, 20, '2025-02-14T09:00:00Z', '2025-06-22T15:00:00Z'),
('infk_enib_rp_2025_s2', 'enib', 'rp_2025_s2', 87.7, 73.3, 92.0, 8, 24, '2025-09-10T09:00:00Z', '2026-01-25T15:00:00Z'),
('infk_enib_rp_2026_s2', 'enib', 'rp_2026_s2', 87.3, 73.8, 93.1, 9, 21, '2026-02-08T09:00:00Z', '2026-04-25T10:00:00Z'),
('infk_cbbc_rp_2024_s2', 'cbbc', 'rp_2024_s2', 84.6, 79.6, 89.3, 3, 6, '2024-09-12T09:00:00Z', '2025-01-20T15:00:00Z'),
('infk_cbbc_rp_2025_s1', 'cbbc', 'rp_2025_s1', 83.4, 80.6, 90.2, 3, 8, '2025-02-14T09:00:00Z', '2025-06-22T15:00:00Z'),
('infk_cbbc_rp_2025_s2', 'cbbc', 'rp_2025_s2', 83.7, 80.9, 90.5, 3, 6, '2025-09-10T09:00:00Z', '2026-01-25T15:00:00Z'),
('infk_cbbc_rp_2026_s2', 'cbbc', 'rp_2026_s2', 82.7, 81.8, 91.4, 5, 10, '2026-02-08T09:00:00Z', '2026-04-25T10:00:00Z');

INSERT INTO partnership_kpis (id, institution_id, reporting_period_id, active_agreements_count, student_mobility_incoming, student_mobility_outgoing, international_projects, academic_networks_count, created_at, updated_at) VALUES
('partk_fsjpst_rp_2024_s2', 'fsjpst', 'rp_2024_s2', 17, 29, 9, 6, 12, '2024-09-12T09:00:00Z', '2025-01-20T15:00:00Z'),
('partk_fsjpst_rp_2025_s1', 'fsjpst', 'rp_2025_s1', 23, 28, 10, 5, 13, '2025-02-14T09:00:00Z', '2025-06-22T15:00:00Z'),
('partk_fsjpst_rp_2025_s2', 'fsjpst', 'rp_2025_s2', 22, 31, 14, 4, 13, '2025-09-10T09:00:00Z', '2026-01-25T15:00:00Z'),
('partk_fsjpst_rp_2026_s2', 'fsjpst', 'rp_2026_s2', 27, 28, 14, 5, 14, '2026-02-08T09:00:00Z', '2026-04-25T10:00:00Z'),
('partk_fsb_rp_2024_s2', 'fsb', 'rp_2024_s2', 30, 20, 24, 8, 5, '2024-09-12T09:00:00Z', '2025-01-20T15:00:00Z'),
('partk_fsb_rp_2025_s1', 'fsb', 'rp_2025_s1', 31, 18, 27, 9, 5, '2025-02-14T09:00:00Z', '2025-06-22T15:00:00Z'),
('partk_fsb_rp_2025_s2', 'fsb', 'rp_2025_s2', 37, 20, 27, 8, 5, '2025-09-10T09:00:00Z', '2026-01-25T15:00:00Z'),
('partk_fsb_rp_2026_s2', 'fsb', 'rp_2026_s2', 38, 22, 31, 7, 8, '2026-02-08T09:00:00Z', '2026-04-25T10:00:00Z'),
('partk_fsegn_rp_2024_s2', 'fsegn', 'rp_2024_s2', 42, 14, 10, 13, 4, '2024-09-12T09:00:00Z', '2025-01-20T15:00:00Z'),
('partk_fsegn_rp_2025_s1', 'fsegn', 'rp_2025_s1', 45, 14, 12, 14, 4, '2025-02-14T09:00:00Z', '2025-06-22T15:00:00Z'),
('partk_fsegn_rp_2025_s2', 'fsegn', 'rp_2025_s2', 47, 18, 15, 12, 6, '2025-09-10T09:00:00Z', '2026-01-25T15:00:00Z'),
('partk_fsegn_rp_2026_s2', 'fsegn', 'rp_2026_s2', 47, 23, 17, 14, 6, '2026-02-08T09:00:00Z', '2026-04-25T10:00:00Z'),
('partk_enau_rp_2024_s2', 'enau', 'rp_2024_s2', 38, 27, 25, 2, 4, '2024-09-12T09:00:00Z', '2025-01-20T15:00:00Z'),
('partk_enau_rp_2025_s1', 'enau', 'rp_2025_s1', 42, 30, 26, 2, 5, '2025-02-14T09:00:00Z', '2025-06-22T15:00:00Z'),
('partk_enau_rp_2025_s2', 'enau', 'rp_2025_s2', 44, 32, 26, 1, 6, '2025-09-10T09:00:00Z', '2026-01-25T15:00:00Z'),
('partk_enau_rp_2026_s2', 'enau', 'rp_2026_s2', 50, 32, 28, 2, 5, '2026-02-08T09:00:00Z', '2026-04-25T10:00:00Z'),
('partk_ept_rp_2024_s2', 'ept', 'rp_2024_s2', 8, 32, 7, 2, 6, '2024-09-12T09:00:00Z', '2025-01-20T15:00:00Z'),
('partk_ept_rp_2025_s1', 'ept', 'rp_2025_s1', 11, 36, 8, 1, 6, '2025-02-14T09:00:00Z', '2025-06-22T15:00:00Z'),
('partk_ept_rp_2025_s2', 'ept', 'rp_2025_s2', 8, 38, 7, 2, 5, '2025-09-10T09:00:00Z', '2026-01-25T15:00:00Z'),
('partk_ept_rp_2026_s2', 'ept', 'rp_2026_s2', 9, 39, 7, 1, 6, '2026-02-08T09:00:00Z', '2026-04-25T10:00:00Z'),
('partk_enicarthage_rp_2024_s2', 'enicarthage', 'rp_2024_s2', 12, 16, 31, 8, 2, '2024-09-12T09:00:00Z', '2025-01-20T15:00:00Z'),
('partk_enicarthage_rp_2025_s1', 'enicarthage', 'rp_2025_s1', 11, 18, 31, 8, 3, '2025-02-14T09:00:00Z', '2025-06-22T15:00:00Z'),
('partk_enicarthage_rp_2025_s2', 'enicarthage', 'rp_2025_s2', 14, 21, 37, 10, 6, '2025-09-10T09:00:00Z', '2026-01-25T15:00:00Z'),
('partk_enicarthage_rp_2026_s2', 'enicarthage', 'rp_2026_s2', 15, 25, 39, 12, 6, '2026-02-08T09:00:00Z', '2026-04-25T10:00:00Z'),
('partk_essai_rp_2024_s2', 'essai', 'rp_2024_s2', 24, 16, 15, 12, 6, '2024-09-12T09:00:00Z', '2025-01-20T15:00:00Z'),
('partk_essai_rp_2025_s1', 'essai', 'rp_2025_s1', 24, 23, 17, 13, 8, '2025-02-14T09:00:00Z', '2025-06-22T15:00:00Z'),
('partk_essai_rp_2025_s2', 'essai', 'rp_2025_s2', 25, 24, 19, 15, 10, '2025-09-10T09:00:00Z', '2026-01-25T15:00:00Z'),
('partk_essai_rp_2026_s2', 'essai', 'rp_2026_s2', 24, 26, 24, 15, 11, '2026-02-08T09:00:00Z', '2026-04-25T10:00:00Z'),
('partk_esac_rp_2024_s2', 'esac', 'rp_2024_s2', 11, 12, 31, 9, 12, '2024-09-12T09:00:00Z', '2025-01-20T15:00:00Z'),
('partk_esac_rp_2025_s1', 'esac', 'rp_2025_s1', 9, 13, 31, 11, 12, '2025-02-14T09:00:00Z', '2025-06-22T15:00:00Z'),
('partk_esac_rp_2025_s2', 'esac', 'rp_2025_s2', 15, 15, 33, 10, 14, '2025-09-10T09:00:00Z', '2026-01-25T15:00:00Z'),
('partk_esac_rp_2026_s2', 'esac', 'rp_2026_s2', 16, 15, 33, 13, 14, '2026-02-08T09:00:00Z', '2026-04-25T10:00:00Z'),
('partk_ipeib_rp_2024_s2', 'ipeib', 'rp_2024_s2', 19, 23, 22, 9, 4, '2024-09-12T09:00:00Z', '2025-01-20T15:00:00Z'),
('partk_ipeib_rp_2025_s1', 'ipeib', 'rp_2025_s1', 24, 25, 24, 10, 4, '2025-02-14T09:00:00Z', '2025-06-22T15:00:00Z'),
('partk_ipeib_rp_2025_s2', 'ipeib', 'rp_2025_s2', 23, 23, 27, 11, 5, '2025-09-10T09:00:00Z', '2026-01-25T15:00:00Z'),
('partk_ipeib_rp_2026_s2', 'ipeib', 'rp_2026_s2', 29, 28, 30, 14, 7, '2026-02-08T09:00:00Z', '2026-04-25T10:00:00Z'),
('partk_ihec_rp_2024_s2', 'ihec', 'rp_2024_s2', 16, 20, 23, 2, 11, '2024-09-12T09:00:00Z', '2025-01-20T15:00:00Z'),
('partk_ihec_rp_2025_s1', 'ihec', 'rp_2025_s1', 17, 18, 23, 1, 13, '2025-02-14T09:00:00Z', '2025-06-22T15:00:00Z'),
('partk_ihec_rp_2025_s2', 'ihec', 'rp_2025_s2', 17, 19, 21, 2, 13, '2025-09-10T09:00:00Z', '2026-01-25T15:00:00Z'),
('partk_ihec_rp_2026_s2', 'ihec', 'rp_2026_s2', 18, 24, 24, 3, 15, '2026-02-08T09:00:00Z', '2026-04-25T10:00:00Z'),
('partk_insat_rp_2024_s2', 'insat', 'rp_2024_s2', 27, 18, 14, 7, 9, '2024-09-12T09:00:00Z', '2025-01-20T15:00:00Z'),
('partk_insat_rp_2025_s1', 'insat', 'rp_2025_s1', 31, 20, 16, 7, 9, '2025-02-14T09:00:00Z', '2025-06-22T15:00:00Z'),
('partk_insat_rp_2025_s2', 'insat', 'rp_2025_s2', 33, 25, 19, 9, 10, '2025-09-10T09:00:00Z', '2026-01-25T15:00:00Z'),
('partk_insat_rp_2026_s2', 'insat', 'rp_2026_s2', 31, 25, 19, 9, 11, '2026-02-08T09:00:00Z', '2026-04-25T10:00:00Z'),
('partk_issatm_rp_2024_s2', 'issatm', 'rp_2024_s2', 12, 27, 24, 13, 6, '2024-09-12T09:00:00Z', '2025-01-20T15:00:00Z'),
('partk_issatm_rp_2025_s1', 'issatm', 'rp_2025_s1', 12, 27, 26, 13, 7, '2025-02-14T09:00:00Z', '2025-06-22T15:00:00Z'),
('partk_issatm_rp_2025_s2', 'issatm', 'rp_2025_s2', 13, 26, 30, 16, 5, '2025-09-10T09:00:00Z', '2026-01-25T15:00:00Z'),
('partk_issatm_rp_2026_s2', 'issatm', 'rp_2026_s2', 13, 29, 33, 15, 7, '2026-02-08T09:00:00Z', '2026-04-25T10:00:00Z'),
('partk_ipein_rp_2024_s2', 'ipein', 'rp_2024_s2', 33, 23, 15, 5, 12, '2024-09-12T09:00:00Z', '2025-01-20T15:00:00Z'),
('partk_ipein_rp_2025_s1', 'ipein', 'rp_2025_s1', 38, 26, 13, 6, 14, '2025-02-14T09:00:00Z', '2025-06-22T15:00:00Z'),
('partk_ipein_rp_2025_s2', 'ipein', 'rp_2025_s2', 39, 29, 13, 5, 13, '2025-09-10T09:00:00Z', '2026-01-25T15:00:00Z'),
('partk_ipein_rp_2026_s2', 'ipein', 'rp_2026_s2', 41, 28, 18, 8, 14, '2026-02-08T09:00:00Z', '2026-04-25T10:00:00Z'),
('partk_ipest_rp_2024_s2', 'ipest', 'rp_2024_s2', 17, 18, 14, 1, 10, '2024-09-12T09:00:00Z', '2025-01-20T15:00:00Z'),
('partk_ipest_rp_2025_s1', 'ipest', 'rp_2025_s1', 20, 22, 14, 1, 12, '2025-02-14T09:00:00Z', '2025-06-22T15:00:00Z'),
('partk_ipest_rp_2025_s2', 'ipest', 'rp_2025_s2', 24, 23, 13, 3, 12, '2025-09-10T09:00:00Z', '2026-01-25T15:00:00Z'),
('partk_ipest_rp_2026_s2', 'ipest', 'rp_2026_s2', 27, 25, 14, 1, 11, '2026-02-08T09:00:00Z', '2026-04-25T10:00:00Z'),
('partk_isban_rp_2024_s2', 'isban', 'rp_2024_s2', 11, 21, 15, 3, 13, '2024-09-12T09:00:00Z', '2025-01-20T15:00:00Z'),
('partk_isban_rp_2025_s1', 'isban', 'rp_2025_s1', 11, 21, 19, 3, 11, '2025-02-14T09:00:00Z', '2025-06-22T15:00:00Z'),
('partk_isban_rp_2025_s2', 'isban', 'rp_2025_s2', 14, 26, 19, 3, 12, '2025-09-10T09:00:00Z', '2026-01-25T15:00:00Z'),
('partk_isban_rp_2026_s2', 'isban', 'rp_2026_s2', 15, 27, 20, 5, 13, '2026-02-08T09:00:00Z', '2026-04-25T10:00:00Z'),
('partk_isteub_rp_2024_s2', 'isteub', 'rp_2024_s2', 23, 34, 5, 5, 9, '2024-09-12T09:00:00Z', '2025-01-20T15:00:00Z'),
('partk_isteub_rp_2025_s1', 'isteub', 'rp_2025_s1', 25, 31, 3, 6, 9, '2025-02-14T09:00:00Z', '2025-06-22T15:00:00Z'),
('partk_isteub_rp_2025_s2', 'isteub', 'rp_2025_s2', 24, 35, 5, 4, 11, '2025-09-10T09:00:00Z', '2026-01-25T15:00:00Z'),
('partk_isteub_rp_2026_s2', 'isteub', 'rp_2026_s2', 29, 35, 5, 5, 10, '2026-02-08T09:00:00Z', '2026-04-25T10:00:00Z'),
('partk_islt_rp_2024_s2', 'islt', 'rp_2024_s2', 44, 39, 25, 11, 5, '2024-09-12T09:00:00Z', '2025-01-20T15:00:00Z'),
('partk_islt_rp_2025_s1', 'islt', 'rp_2025_s1', 48, 41, 28, 13, 6, '2025-02-14T09:00:00Z', '2025-06-22T15:00:00Z'),
('partk_islt_rp_2025_s2', 'islt', 'rp_2025_s2', 49, 39, 24, 12, 6, '2025-09-10T09:00:00Z', '2026-01-25T15:00:00Z'),
('partk_islt_rp_2026_s2', 'islt', 'rp_2026_s2', 54, 39, 24, 13, 5, '2026-02-08T09:00:00Z', '2026-04-25T10:00:00Z'),
('partk_islain_rp_2024_s2', 'islain', 'rp_2024_s2', 27, 16, 19, 3, 5, '2024-09-12T09:00:00Z', '2025-01-20T15:00:00Z'),
('partk_islain_rp_2025_s1', 'islain', 'rp_2025_s1', 27, 17, 18, 5, 3, '2025-02-14T09:00:00Z', '2025-06-22T15:00:00Z'),
('partk_islain_rp_2025_s2', 'islain', 'rp_2025_s2', 31, 20, 24, 5, 3, '2025-09-10T09:00:00Z', '2026-01-25T15:00:00Z'),
('partk_islain_rp_2026_s2', 'islain', 'rp_2026_s2', 29, 24, 26, 7, 5, '2026-02-08T09:00:00Z', '2026-04-25T10:00:00Z'),
('partk_isste_rp_2024_s2', 'isste', 'rp_2024_s2', 17, 11, 31, 2, 6, '2024-09-12T09:00:00Z', '2025-01-20T15:00:00Z'),
('partk_isste_rp_2025_s1', 'isste', 'rp_2025_s1', 19, 11, 30, 3, 5, '2025-02-14T09:00:00Z', '2025-06-22T15:00:00Z'),
('partk_isste_rp_2025_s2', 'isste', 'rp_2025_s2', 23, 9, 33, 3, 5, '2025-09-10T09:00:00Z', '2026-01-25T15:00:00Z'),
('partk_isste_rp_2026_s2', 'isste', 'rp_2026_s2', 24, 8, 32, 5, 5, '2026-02-08T09:00:00Z', '2026-04-25T10:00:00Z'),
('partk_isccb_rp_2024_s2', 'isccb', 'rp_2024_s2', 11, 36, 24, 11, 12, '2024-09-12T09:00:00Z', '2025-01-20T15:00:00Z'),
('partk_isccb_rp_2025_s1', 'isccb', 'rp_2025_s1', 17, 36, 24, 12, 11, '2025-02-14T09:00:00Z', '2025-06-22T15:00:00Z'),
('partk_isccb_rp_2025_s2', 'isccb', 'rp_2025_s2', 19, 40, 24, 11, 11, '2025-09-10T09:00:00Z', '2026-01-25T15:00:00Z'),
('partk_isccb_rp_2026_s2', 'isccb', 'rp_2026_s2', 23, 43, 26, 12, 12, '2026-02-08T09:00:00Z', '2026-04-25T10:00:00Z'),
('partk_isepbg_rp_2024_s2', 'isepbg', 'rp_2024_s2', 38, 22, 28, 6, 9, '2024-09-12T09:00:00Z', '2025-01-20T15:00:00Z'),
('partk_isepbg_rp_2025_s1', 'isepbg', 'rp_2025_s1', 40, 22, 31, 6, 12, '2025-02-14T09:00:00Z', '2025-06-22T15:00:00Z'),
('partk_isepbg_rp_2025_s2', 'isepbg', 'rp_2025_s2', 45, 21, 32, 5, 13, '2025-09-10T09:00:00Z', '2026-01-25T15:00:00Z'),
('partk_isepbg_rp_2026_s2', 'isepbg', 'rp_2026_s2', 49, 25, 35, 5, 12, '2026-02-08T09:00:00Z', '2026-04-25T10:00:00Z'),
('partk_supcom_rp_2024_s2', 'supcom', 'rp_2024_s2', 39, 4, 18, 8, 10, '2024-09-12T09:00:00Z', '2025-01-20T15:00:00Z'),
('partk_supcom_rp_2025_s1', 'supcom', 'rp_2025_s1', 41, 7, 20, 8, 10, '2025-02-14T09:00:00Z', '2025-06-22T15:00:00Z'),
('partk_supcom_rp_2025_s2', 'supcom', 'rp_2025_s2', 40, 12, 24, 10, 9, '2025-09-10T09:00:00Z', '2026-01-25T15:00:00Z'),
('partk_supcom_rp_2026_s2', 'supcom', 'rp_2026_s2', 43, 12, 29, 8, 10, '2026-02-08T09:00:00Z', '2026-04-25T10:00:00Z'),
('partk_esamograne_rp_2024_s2', 'esamograne', 'rp_2024_s2', 44, 18, 23, 1, 3, '2024-09-12T09:00:00Z', '2025-01-20T15:00:00Z'),
('partk_esamograne_rp_2025_s1', 'esamograne', 'rp_2025_s1', 46, 24, 27, 2, 2, '2025-02-14T09:00:00Z', '2025-06-22T15:00:00Z'),
('partk_esamograne_rp_2025_s2', 'esamograne', 'rp_2025_s2', 42, 22, 29, 4, 3, '2025-09-10T09:00:00Z', '2026-01-25T15:00:00Z'),
('partk_esamograne_rp_2026_s2', 'esamograne', 'rp_2026_s2', 43, 26, 33, 6, 4, '2026-02-08T09:00:00Z', '2026-04-25T10:00:00Z'),
('partk_esamateur_rp_2024_s2', 'esamateur', 'rp_2024_s2', 36, 11, 16, 11, 1, '2024-09-12T09:00:00Z', '2025-01-20T15:00:00Z'),
('partk_esamateur_rp_2025_s1', 'esamateur', 'rp_2025_s1', 42, 13, 15, 13, 3, '2025-02-14T09:00:00Z', '2025-06-22T15:00:00Z'),
('partk_esamateur_rp_2025_s2', 'esamateur', 'rp_2025_s2', 42, 17, 12, 15, 1, '2025-09-10T09:00:00Z', '2026-01-25T15:00:00Z'),
('partk_esamateur_rp_2026_s2', 'esamateur', 'rp_2026_s2', 42, 21, 13, 16, 2, '2026-02-08T09:00:00Z', '2026-04-25T10:00:00Z'),
('partk_esiat_rp_2024_s2', 'esiat', 'rp_2024_s2', 33, 32, 31, 2, 9, '2024-09-12T09:00:00Z', '2025-01-20T15:00:00Z'),
('partk_esiat_rp_2025_s1', 'esiat', 'rp_2025_s1', 31, 33, 29, 3, 10, '2025-02-14T09:00:00Z', '2025-06-22T15:00:00Z'),
('partk_esiat_rp_2025_s2', 'esiat', 'rp_2025_s2', 36, 35, 33, 2, 9, '2025-09-10T09:00:00Z', '2026-01-25T15:00:00Z'),
('partk_esiat_rp_2026_s2', 'esiat', 'rp_2026_s2', 35, 34, 33, 4, 9, '2026-02-08T09:00:00Z', '2026-04-25T10:00:00Z'),
('partk_ispab_rp_2024_s2', 'ispab', 'rp_2024_s2', 33, 17, 7, 2, 12, '2024-09-12T09:00:00Z', '2025-01-20T15:00:00Z'),
('partk_ispab_rp_2025_s1', 'ispab', 'rp_2025_s1', 35, 21, 10, 3, 13, '2025-02-14T09:00:00Z', '2025-06-22T15:00:00Z'),
('partk_ispab_rp_2025_s2', 'ispab', 'rp_2025_s2', 36, 21, 8, 5, 12, '2025-09-10T09:00:00Z', '2026-01-25T15:00:00Z'),
('partk_ispab_rp_2026_s2', 'ispab', 'rp_2026_s2', 39, 22, 7, 7, 13, '2026-02-08T09:00:00Z', '2026-04-25T10:00:00Z'),
('partk_intes_rp_2024_s2', 'intes', 'rp_2024_s2', 39, 28, 4, 6, 12, '2024-09-12T09:00:00Z', '2025-01-20T15:00:00Z'),
('partk_intes_rp_2025_s1', 'intes', 'rp_2025_s1', 44, 28, 3, 8, 10, '2025-02-14T09:00:00Z', '2025-06-22T15:00:00Z'),
('partk_intes_rp_2025_s2', 'intes', 'rp_2025_s2', 42, 29, 4, 8, 12, '2025-09-10T09:00:00Z', '2026-01-25T15:00:00Z'),
('partk_intes_rp_2026_s2', 'intes', 'rp_2026_s2', 48, 28, 7, 10, 10, '2026-02-08T09:00:00Z', '2026-04-25T10:00:00Z'),
('partk_isce_rp_2024_s2', 'isce', 'rp_2024_s2', 24, 20, 30, 12, 11, '2024-09-12T09:00:00Z', '2025-01-20T15:00:00Z'),
('partk_isce_rp_2025_s1', 'isce', 'rp_2025_s1', 25, 27, 31, 15, 14, '2025-02-14T09:00:00Z', '2025-06-22T15:00:00Z'),
('partk_isce_rp_2025_s2', 'isce', 'rp_2025_s2', 25, 27, 36, 15, 14, '2025-09-10T09:00:00Z', '2026-01-25T15:00:00Z'),
('partk_isce_rp_2026_s2', 'isce', 'rp_2026_s2', 31, 33, 34, 17, 16, '2026-02-08T09:00:00Z', '2026-04-25T10:00:00Z'),
('partk_inat_rp_2024_s2', 'inat', 'rp_2024_s2', 10, 37, 20, 13, 2, '2024-09-12T09:00:00Z', '2025-01-20T15:00:00Z'),
('partk_inat_rp_2025_s1', 'inat', 'rp_2025_s1', 12, 36, 24, 12, 2, '2025-02-14T09:00:00Z', '2025-06-22T15:00:00Z'),
('partk_inat_rp_2025_s2', 'inat', 'rp_2025_s2', 15, 37, 23, 13, 1, '2025-09-10T09:00:00Z', '2026-01-25T15:00:00Z'),
('partk_inat_rp_2026_s2', 'inat', 'rp_2026_s2', 15, 34, 27, 11, 3, '2026-02-08T09:00:00Z', '2026-04-25T10:00:00Z'),
('partk_ihet_rp_2024_s2', 'ihet', 'rp_2024_s2', 19, 16, 22, 13, 11, '2024-09-12T09:00:00Z', '2025-01-20T15:00:00Z'),
('partk_ihet_rp_2025_s1', 'ihet', 'rp_2025_s1', 22, 17, 25, 14, 11, '2025-02-14T09:00:00Z', '2025-06-22T15:00:00Z'),
('partk_ihet_rp_2025_s2', 'ihet', 'rp_2025_s2', 19, 18, 26, 15, 13, '2025-09-10T09:00:00Z', '2026-01-25T15:00:00Z'),
('partk_ihet_rp_2026_s2', 'ihet', 'rp_2026_s2', 23, 18, 25, 16, 12, '2026-02-08T09:00:00Z', '2026-04-25T10:00:00Z'),
('partk_inrgref_rp_2024_s2', 'inrgref', 'rp_2024_s2', 45, 31, 16, 7, 1, '2024-09-12T09:00:00Z', '2025-01-20T15:00:00Z'),
('partk_inrgref_rp_2025_s1', 'inrgref', 'rp_2025_s1', 46, 32, 20, 9, 2, '2025-02-14T09:00:00Z', '2025-06-22T15:00:00Z'),
('partk_inrgref_rp_2025_s2', 'inrgref', 'rp_2025_s2', 43, 34, 23, 11, 5, '2025-09-10T09:00:00Z', '2026-01-25T15:00:00Z'),
('partk_inrgref_rp_2026_s2', 'inrgref', 'rp_2026_s2', 45, 30, 25, 12, 5, '2026-02-08T09:00:00Z', '2026-04-25T10:00:00Z'),
('partk_inrat_rp_2024_s2', 'inrat', 'rp_2024_s2', 48, 14, 27, 6, 8, '2024-09-12T09:00:00Z', '2025-01-20T15:00:00Z'),
('partk_inrat_rp_2025_s1', 'inrat', 'rp_2025_s1', 48, 14, 31, 9, 9, '2025-02-14T09:00:00Z', '2025-06-22T15:00:00Z'),
('partk_inrat_rp_2025_s2', 'inrat', 'rp_2025_s2', 50, 13, 33, 10, 8, '2025-09-10T09:00:00Z', '2026-01-25T15:00:00Z'),
('partk_inrat_rp_2026_s2', 'inrat', 'rp_2026_s2', 52, 17, 32, 10, 10, '2026-02-08T09:00:00Z', '2026-04-25T10:00:00Z'),
('partk_enib_rp_2024_s2', 'enib', 'rp_2024_s2', 24, 34, 30, 4, 7, '2024-09-12T09:00:00Z', '2025-01-20T15:00:00Z'),
('partk_enib_rp_2025_s1', 'enib', 'rp_2025_s1', 24, 40, 32, 5, 9, '2025-02-14T09:00:00Z', '2025-06-22T15:00:00Z'),
('partk_enib_rp_2025_s2', 'enib', 'rp_2025_s2', 24, 43, 30, 5, 9, '2025-09-10T09:00:00Z', '2026-01-25T15:00:00Z'),
('partk_enib_rp_2026_s2', 'enib', 'rp_2026_s2', 27, 44, 32, 5, 9, '2026-02-08T09:00:00Z', '2026-04-25T10:00:00Z'),
('partk_cbbc_rp_2024_s2', 'cbbc', 'rp_2024_s2', 22, 17, 17, 7, 10, '2024-09-12T09:00:00Z', '2025-01-20T15:00:00Z'),
('partk_cbbc_rp_2025_s1', 'cbbc', 'rp_2025_s1', 22, 19, 16, 7, 10, '2025-02-14T09:00:00Z', '2025-06-22T15:00:00Z'),
('partk_cbbc_rp_2025_s2', 'cbbc', 'rp_2025_s2', 24, 18, 18, 8, 9, '2025-09-10T09:00:00Z', '2026-01-25T15:00:00Z'),
('partk_cbbc_rp_2026_s2', 'cbbc', 'rp_2026_s2', 29, 20, 19, 6, 9, '2026-02-08T09:00:00Z', '2026-04-25T10:00:00Z');

